datetime,nat_demand,temperature,humidity
2024-01-01 00:00:00,861.37,22.7,93
2024-01-01 01:00:00,831.6,22.7,63
2024-01-01 02:00:00,840.16,24.1,77
2024-01-01 03:00:00,850.53,24.3,91
2024-01-01 04:00:00,780.81,26.9,73
2024-01-01 05:00:00,797.19,23.9,91
2024-01-01 06:00:00,909.29,26.0,65
2024-01-01 07:00:00,961.67,25.7,76
2024-01-01 08:00:00,1022.6,27.4,67
2024-01-01 09:00:00,1169.8,31.1,94
2024-01-01 10:00:00,1234.33,28.6,83
2024-01-01 11:00:00,1303.15,31.5,62
2024-01-01 12:00:00,1352.52,31.9,76
2024-01-01 13:00:00,1252.5,31.8,76
2024-01-01 14:00:00,1190.2,32.6,89
2024-01-01 15:00:00,1131.17,30.5,84
2024-01-01 16:00:00,1003.63,33.5,81
2024-01-01 17:00:00,945.86,33.1,70
2024-01-01 18:00:00,822.31,30.1,71
2024-01-01 19:00:00,756.04,31.9,80
2024-01-01 20:00:00,840.4,27.5,74
2024-01-01 21:00:00,789.43,27.4,71
2024-01-01 22:00:00,819.97,27.7,81
2024-01-01 23:00:00,786.69,24.6,94
2024-01-02 00:00:00,825.75,22.9,75
2024-01-02 01:00:00,841.13,22.2,92
2024-01-02 02:00:00,778.02,26.5,73
2024-01-02 03:00:00,811.19,23.5,77
2024-01-02 04:00:00,768.8,24.3,75
2024-01-02 05:00:00,795.99,23.8,62
2024-01-02 06:00:00,833.77,27.1,85
2024-01-02 07:00:00,1000.45,26.0,74
2024-01-02 08:00:00,1039.37,27.4,86
2024-01-02 09:00:00,1114.61,29.4,76
2024-01-02 10:00:00,1280.15,28.7,73
2024-01-02 11:00:00,1277.54,30.6,61
2024-01-02 12:00:00,1352.18,33.1,86
2024-01-02 13:00:00,1251.69,32.4,83
2024-01-02 14:00:00,1204.9,32.2,94
2024-01-02 15:00:00,1158.55,32.1,63
2024-01-02 16:00:00,1065.74,31.0,85
2024-01-02 17:00:00,941.68,33.2,63
2024-01-02 18:00:00,850.85,29.0,93
2024-01-02 19:00:00,795.74,29.3,72
2024-01-02 20:00:00,738.16,28.1,60
2024-01-02 21:00:00,772.95,28.2,60
2024-01-02 22:00:00,802.3,27.3,68
2024-01-02 23:00:00,874.37,25.1,70
2024-01-03 00:00:00,857.69,24.9,75
2024-01-03 01:00:00,776.4,24.5,88
2024-01-03 02:00:00,830.51,21.3,74
2024-01-03 03:00:00,785.42,22.2,61
2024-01-03 04:00:00,766.99,23.8,69
2024-01-03 05:00:00,828.47,24.5,70
2024-01-03 06:00:00,891.78,24.6,89
2024-01-03 07:00:00,969.08,27.9,82
2024-01-03 08:00:00,1011.34,28.0,81
2024-01-03 09:00:00,1141.67,28.8,88
2024-01-03 10:00:00,1263.82,28.5,91
2024-01-03 11:00:00,1355.27,30.8,92
2024-01-03 12:00:00,1328.96,28.3,68
2024-01-03 13:00:00,1314.64,31.7,60
2024-01-03 14:00:00,1213.53,32.1,77
2024-01-03 15:00:00,1110.66,32.2,81
2024-01-03 16:00:00,1069.19,29.6,73
2024-01-03 17:00:00,984.01,31.1,81
2024-01-03 18:00:00,853.24,28.8,92
2024-01-03 19:00:00,842.27,28.1,65
2024-01-03 20:00:00,803.43,28.9,86
2024-01-03 21:00:00,776.43,29.4,65
2024-01-03 22:00:00,831.93,26.1,75
2024-01-03 23:00:00,892.07,24.2,61
2024-01-04 00:00:00,845.32,24.8,88
2024-01-04 01:00:00,893.79,25.3,82
2024-01-04 02:00:00,728.39,24.7,80
2024-01-04 03:00:00,828.58,27.4,72
2024-01-04 04:00:00,794.65,23.7,60
2024-01-04 05:00:00,797.51,25.5,88
2024-01-04 06:00:00,859.82,27.9,66
2024-01-04 07:00:00,867.83,28.7,90
2024-01-04 08:00:00,1033.93,25.7,81
2024-01-04 09:00:00,1165.9,29.0,75
2024-01-04 10:00:00,1304.87,31.8,87
2024-01-04 11:00:00,1303.9,34.3,84
2024-01-04 12:00:00,1318.35,32.3,73
2024-01-04 13:00:00,1304.49,31.4,80
2024-01-04 14:00:00,1285.2,30.8,78
2024-01-04 15:00:00,1164.95,34.5,72
2024-01-04 16:00:00,1023.13,32.3,61
2024-01-04 17:00:00,955.42,29.8,73
2024-01-04 18:00:00,860.08,29.8,93
2024-01-04 19:00:00,841.96,29.4,77
2024-01-04 20:00:00,767.12,28.7,83
2024-01-04 21:00:00,788.45,25.9,89
2024-01-04 22:00:00,806.47,25.3,78
2024-01-04 23:00:00,787.93,23.2,80
2024-01-05 00:00:00,857.91,25.8,78
2024-01-05 01:00:00,849.13,23.7,85
2024-01-05 02:00:00,821.23,24.6,94
2024-01-05 03:00:00,792.57,25.8,63
2024-01-05 04:00:00,743.03,24.8,80
2024-01-05 05:00:00,794.22,25.0,62
2024-01-05 06:00:00,845.58,26.2,64
2024-01-05 07:00:00,910.29,27.0,88
2024-01-05 08:00:00,1036.94,29.5,78
2024-01-05 09:00:00,1168.51,29.4,76
2024-01-05 10:00:00,1320.12,29.3,93
2024-01-05 11:00:00,1329.12,32.1,79
2024-01-05 12:00:00,1356.63,32.9,87
2024-01-05 13:00:00,1320.42,30.3,68
2024-01-05 14:00:00,1186.97,33.8,62
2024-01-05 15:00:00,1153.48,32.3,69
2024-01-05 16:00:00,1044.74,31.8,80
2024-01-05 17:00:00,1024.64,32.0,63
2024-01-05 18:00:00,850.91,29.3,81
2024-01-05 19:00:00,819.58,30.2,66
2024-01-05 20:00:00,791.44,27.5,71
2024-01-05 21:00:00,759.98,25.2,70
2024-01-05 22:00:00,861.16,24.8,81
2024-01-05 23:00:00,866.43,25.9,88
2024-01-06 00:00:00,676.25,23.4,86
2024-01-06 01:00:00,609.18,26.1,79
2024-01-06 02:00:00,671.16,25.4,73
2024-01-06 03:00:00,600.0,25.7,66
2024-01-06 04:00:00,614.12,24.7,74
2024-01-06 05:00:00,686.63,25.5,87
2024-01-06 06:00:00,623.93,24.6,69
2024-01-06 07:00:00,719.56,28.2,62
2024-01-06 08:00:00,847.1,28.5,71
2024-01-06 09:00:00,937.77,29.7,72
2024-01-06 10:00:00,1000.85,32.0,93
2024-01-06 11:00:00,1126.43,30.1,60
2024-01-06 12:00:00,1111.45,31.3,84
2024-01-06 13:00:00,1140.62,32.3,78
2024-01-06 14:00:00,1022.97,30.9,84
2024-01-06 15:00:00,1009.67,31.6,65
2024-01-06 16:00:00,816.24,32.1,63
2024-01-06 17:00:00,728.17,30.4,85
2024-01-06 18:00:00,687.14,31.6,85
2024-01-06 19:00:00,600.0,27.2,85
2024-01-06 20:00:00,601.64,29.3,73
2024-01-06 21:00:00,647.65,27.8,91
2024-01-06 22:00:00,600.0,25.3,87
2024-01-06 23:00:00,647.6,24.1,61
2024-01-07 00:00:00,658.73,22.0,80
2024-01-07 01:00:00,669.44,23.2,73
2024-01-07 02:00:00,600.0,25.3,61
2024-01-07 03:00:00,600.0,24.1,64
2024-01-07 04:00:00,612.92,25.9,61
2024-01-07 05:00:00,621.43,24.4,60
2024-01-07 06:00:00,668.43,26.8,81
2024-01-07 07:00:00,752.58,26.1,84
2024-01-07 08:00:00,820.88,26.8,89
2024-01-07 09:00:00,964.59,28.9,68
2024-01-07 10:00:00,1066.45,29.2,69
2024-01-07 11:00:00,1100.1,29.0,74
2024-01-07 12:00:00,1215.0,31.2,62
2024-01-07 13:00:00,1141.69,32.0,67
2024-01-07 14:00:00,1014.52,33.5,84
2024-01-07 15:00:00,979.47,33.0,80
2024-01-07 16:00:00,810.61,32.9,93
2024-01-07 17:00:00,768.06,31.7,86
2024-01-07 18:00:00,700.28,30.4,68
2024-01-07 19:00:00,600.0,27.6,69
2024-01-07 20:00:00,628.46,28.2,86
2024-01-07 21:00:00,617.42,27.7,84
2024-01-07 22:00:00,652.02,27.7,72
2024-01-07 23:00:00,708.59,26.0,63
2024-01-08 00:00:00,842.16,26.0,75
2024-01-08 01:00:00,816.82,22.9,71
2024-01-08 02:00:00,793.12,23.6,84
2024-01-08 03:00:00,775.44,24.7,75
2024-01-08 04:00:00,793.07,25.9,61
2024-01-08 05:00:00,824.09,25.0,68
2024-01-08 06:00:00,870.47,25.9,72
2024-01-08 07:00:00,970.52,27.8,73
2024-01-08 08:00:00,1046.25,26.6,71
2024-01-08 09:00:00,1208.45,31.0,94
2024-01-08 10:00:00,1248.05,28.9,81
2024-01-08 11:00:00,1421.42,28.5,80
2024-01-08 12:00:00,1372.72,31.5,62
2024-01-08 13:00:00,1296.23,33.9,81
2024-01-08 14:00:00,1219.86,32.7,68
2024-01-08 15:00:00,1174.5,32.8,62
2024-01-08 16:00:00,1038.02,31.5,90
2024-01-08 17:00:00,966.62,30.6,65
2024-01-08 18:00:00,877.42,28.1,73
2024-01-08 19:00:00,809.68,26.3,78
2024-01-08 20:00:00,766.23,28.2,77
2024-01-08 21:00:00,751.07,28.5,66
2024-01-08 22:00:00,808.74,26.4,88
2024-01-08 23:00:00,873.3,25.9,62
2024-01-09 00:00:00,859.41,26.4,72
2024-01-09 01:00:00,800.77,24.5,84
2024-01-09 02:00:00,831.49,23.9,87
2024-01-09 03:00:00,818.65,23.2,70
2024-01-09 04:00:00,766.01,27.0,68
2024-01-09 05:00:00,818.7,25.8,81
2024-01-09 06:00:00,863.99,24.9,80
2024-01-09 07:00:00,902.74,25.6,78
2024-01-09 08:00:00,1059.49,29.5,92
2024-01-09 09:00:00,1178.38,27.8,63
2024-01-09 10:00:00,1296.39,32.2,92
2024-01-09 11:00:00,1364.27,27.5,75
2024-01-09 12:00:00,1303.77,33.2,60
2024-01-09 13:00:00,1294.58,32.4,74
2024-01-09 14:00:00,1276.53,32.1,81
2024-01-09 15:00:00,1176.77,31.7,91
2024-01-09 16:00:00,1065.04,33.7,82
2024-01-09 17:00:00,1077.64,31.7,92
2024-01-09 18:00:00,882.0,28.9,81
2024-01-09 19:00:00,853.15,27.0,71
2024-01-09 20:00:00,830.42,28.2,77
2024-01-09 21:00:00,828.06,27.0,91
2024-01-09 22:00:00,814.5,24.2,62
2024-01-09 23:00:00,871.06,25.1,60
2024-01-10 00:00:00,826.09,23.8,84
2024-01-10 01:00:00,837.3,24.1,79
2024-01-10 02:00:00,809.66,24.9,76
2024-01-10 03:00:00,809.25,25.9,81
2024-01-10 04:00:00,879.18,25.6,92
2024-01-10 05:00:00,749.19,24.3,85
2024-01-10 06:00:00,887.19,26.4,86
2024-01-10 07:00:00,887.52,27.0,93
2024-01-10 08:00:00,1031.67,26.4,82
2024-01-10 09:00:00,1198.08,29.5,75
2024-01-10 10:00:00,1261.95,32.2,73
2024-01-10 11:00:00,1290.89,30.9,73
2024-01-10 12:00:00,1328.17,29.6,85
2024-01-10 13:00:00,1352.41,31.9,86
2024-01-10 14:00:00,1234.16,30.5,63
2024-01-10 15:00:00,1167.58,32.9,68
2024-01-10 16:00:00,1049.83,32.1,86
2024-01-10 17:00:00,921.21,30.6,74
2024-01-10 18:00:00,938.28,29.6,84
2024-01-10 19:00:00,836.81,28.8,77
2024-01-10 20:00:00,727.37,28.0,89
2024-01-10 21:00:00,813.01,26.0,75
2024-01-10 22:00:00,803.6,24.3,71
2024-01-10 23:00:00,875.55,26.5,76
2024-01-11 00:00:00,826.67,24.1,84
2024-01-11 01:00:00,842.84,24.3,74
2024-01-11 02:00:00,845.59,24.3,84
2024-01-11 03:00:00,837.95,24.5,80
2024-01-11 04:00:00,757.42,23.1,78
2024-01-11 05:00:00,804.1,23.2,83
2024-01-11 06:00:00,847.82,25.3,66
2024-01-11 07:00:00,922.37,27.4,71
2024-01-11 08:00:00,1111.25,27.1,70
2024-01-11 09:00:00,1175.41,28.6,92
2024-01-11 10:00:00,1216.84,32.6,84
2024-01-11 11:00:00,1362.0,28.6,93
2024-01-11 12:00:00,1428.75,30.6,70
2024-01-11 13:00:00,1366.03,34.1,75
2024-01-11 14:00:00,1207.82,31.9,91
2024-01-11 15:00:00,1144.32,31.0,74
2024-01-11 16:00:00,1093.84,32.9,74
2024-01-11 17:00:00,920.52,30.9,66
2024-01-11 18:00:00,880.05,29.6,61
2024-01-11 19:00:00,843.0,29.3,65
2024-01-11 20:00:00,767.08,27.2,87
2024-01-11 21:00:00,805.67,25.7,81
2024-01-11 22:00:00,714.59,25.9,64
2024-01-11 23:00:00,811.13,24.0,77
2024-01-12 00:00:00,846.89,24.5,70
2024-01-12 01:00:00,804.5,24.6,67
2024-01-12 02:00:00,886.37,25.0,79
2024-01-12 03:00:00,758.92,25.5,70
2024-01-12 04:00:00,785.35,24.0,86
2024-01-12 05:00:00,821.71,25.8,88
2024-01-12 06:00:00,916.21,26.6,84
2024-01-12 07:00:00,896.3,27.4,78
2024-01-12 08:00:00,1091.49,27.4,61
2024-01-12 09:00:00,1162.92,27.8,61
2024-01-12 10:00:00,1227.94,30.6,66
2024-01-12 11:00:00,1347.37,28.8,90
2024-01-12 12:00:00,1362.77,31.1,92
2024-01-12 13:00:00,1310.2,28.8,70
2024-01-12 14:00:00,1264.76,30.4,72
2024-01-12 15:00:00,1149.11,30.8,69
2024-01-12 16:00:00,1054.79,32.8,79
2024-01-12 17:00:00,969.78,31.7,80
2024-01-12 18:00:00,921.34,29.3,73
2024-01-12 19:00:00,773.89,29.9,83
2024-01-12 20:00:00,875.5,29.1,66
2024-01-12 21:00:00,740.75,26.8,64
2024-01-12 22:00:00,824.04,24.3,65
2024-01-12 23:00:00,868.89,24.9,94
2024-01-13 00:00:00,666.93,24.4,68
2024-01-13 01:00:00,627.75,22.7,60
2024-01-13 02:00:00,623.32,24.4,79
2024-01-13 03:00:00,600.0,24.5,65
2024-01-13 04:00:00,600.0,25.1,91
2024-01-13 05:00:00,648.24,25.5,72
2024-01-13 06:00:00,679.63,26.9,80
2024-01-13 07:00:00,723.67,26.7,71
2024-01-13 08:00:00,883.63,28.2,65
2024-01-13 09:00:00,974.68,28.6,74
2024-01-13 10:00:00,1092.11,29.3,80
2024-01-13 11:00:00,1154.6,32.4,80
2024-01-13 12:00:00,1128.15,29.0,87
2024-01-13 13:00:00,1112.97,32.9,76
2024-01-13 14:00:00,1089.84,31.3,66
2024-01-13 15:00:00,985.32,31.0,82
2024-01-13 16:00:00,851.46,31.8,81
2024-01-13 17:00:00,752.08,29.0,69
2024-01-13 18:00:00,711.92,29.0,77
2024-01-13 19:00:00,600.0,28.0,61
2024-01-13 20:00:00,621.36,27.7,71
2024-01-13 21:00:00,603.36,26.0,81
2024-01-13 22:00:00,623.1,27.9,81
2024-01-13 23:00:00,688.13,27.3,81
2024-01-14 00:00:00,687.41,22.1,65
2024-01-14 01:00:00,679.44,24.8,79
2024-01-14 02:00:00,677.71,25.0,65
2024-01-14 03:00:00,612.49,24.8,68
2024-01-14 04:00:00,627.41,23.7,88
2024-01-14 05:00:00,609.06,24.9,64
2024-01-14 06:00:00,679.9,25.1,72
2024-01-14 07:00:00,744.78,26.5,86
2024-01-14 08:00:00,856.96,26.5,82
2024-01-14 09:00:00,986.17,28.9,93
2024-01-14 10:00:00,1036.44,28.2,84
2024-01-14 11:00:00,1207.22,30.6,82
2024-01-14 12:00:00,1123.37,30.0,87
2024-01-14 13:00:00,1091.5,32.1,85
2024-01-14 14:00:00,1105.64,31.2,71
2024-01-14 15:00:00,993.09,32.2,62
2024-01-14 16:00:00,875.45,32.8,68
2024-01-14 17:00:00,771.39,32.7,74
2024-01-14 18:00:00,668.19,27.0,67
2024-01-14 19:00:00,600.0,28.0,87
2024-01-14 20:00:00,606.28,27.6,85
2024-01-14 21:00:00,600.0,27.5,75
2024-01-14 22:00:00,666.26,24.0,93
2024-01-14 23:00:00,645.94,24.0,79
2024-01-15 00:00:00,831.09,24.7,60
2024-01-15 01:00:00,841.18,24.2,83
2024-01-15 02:00:00,847.94,24.5,88
2024-01-15 03:00:00,793.49,24.7,63
2024-01-15 04:00:00,776.23,24.9,63
2024-01-15 05:00:00,829.91,25.4,62
2024-01-15 06:00:00,878.59,26.1,61
2024-01-15 07:00:00,933.06,27.8,88
2024-01-15 08:00:00,1038.54,25.3,87
2024-01-15 09:00:00,1174.93,30.9,71
2024-01-15 10:00:00,1215.86,27.4,74
2024-01-15 11:00:00,1286.19,29.5,90
2024-01-15 12:00:00,1334.9,31.2,91
2024-01-15 13:00:00,1327.99,32.7,81
2024-01-15 14:00:00,1277.45,28.4,62
2024-01-15 15:00:00,1218.48,31.8,76
2024-01-15 16:00:00,1085.09,32.4,88
2024-01-15 17:00:00,945.26,32.0,71
2024-01-15 18:00:00,869.42,29.2,73
2024-01-15 19:00:00,786.37,28.7,67
2024-01-15 20:00:00,804.45,27.3,61
2024-01-15 21:00:00,803.22,26.5,93
2024-01-15 22:00:00,844.9,24.8,83
2024-01-15 23:00:00,823.6,24.1,79
2024-01-16 00:00:00,879.67,25.1,69
2024-01-16 01:00:00,907.59,24.3,66
2024-01-16 02:00:00,831.19,24.6,60
2024-01-16 03:00:00,828.8,24.4,69
2024-01-16 04:00:00,830.67,25.4,64
2024-01-16 05:00:00,808.85,26.2,80
2024-01-16 06:00:00,879.37,23.9,68
2024-01-16 07:00:00,952.76,25.9,88
2024-01-16 08:00:00,1059.96,27.7,90
2024-01-16 09:00:00,1141.27,29.0,86
2024-01-16 10:00:00,1268.92,29.2,65
2024-01-16 11:00:00,1354.39,31.9,90
2024-01-16 12:00:00,1412.35,33.8,61
2024-01-16 13:00:00,1370.55,32.1,80
2024-01-16 14:00:00,1343.44,32.1,93
2024-01-16 15:00:00,1141.5,32.9,81
2024-01-16 16:00:00,1087.12,29.2,72
2024-01-16 17:00:00,958.79,30.9,78
2024-01-16 18:00:00,948.24,31.2,92
2024-01-16 19:00:00,794.69,28.3,62
2024-01-16 20:00:00,777.22,26.5,78
2024-01-16 21:00:00,793.86,26.7,66
2024-01-16 22:00:00,760.78,25.9,74
2024-01-16 23:00:00,835.67,24.1,84
2024-01-17 00:00:00,836.49,27.1,81
2024-01-17 01:00:00,860.77,23.6,82
2024-01-17 02:00:00,848.52,22.6,69
2024-01-17 03:00:00,881.96,24.0,66
2024-01-17 04:00:00,841.34,25.6,84
2024-01-17 05:00:00,804.27,25.2,83
2024-01-17 06:00:00,841.65,26.6,64
2024-01-17 07:00:00,971.1,25.9,80
2024-01-17 08:00:00,1011.89,29.8,79
2024-01-17 09:00:00,1233.99,29.7,88
2024-01-17 10:00:00,1310.9,31.3,79
2024-01-17 11:00:00,1322.1,31.3,77
2024-01-17 12:00:00,1303.17,32.5,63
2024-01-17 13:00:00,1385.92,30.8,70
2024-01-17 14:00:00,1265.63,31.4,81
2024-01-17 15:00:00,1213.24,33.5,73
2024-01-17 16:00:00,1002.34,33.3,87
2024-01-17 17:00:00,932.96,29.5,63
2024-01-17 18:00:00,873.34,30.3,75
2024-01-17 19:00:00,826.18,28.5,82
2024-01-17 20:00:00,792.42,27.2,72
2024-01-17 21:00:00,838.2,27.3,79
2024-01-17 22:00:00,799.31,27.4,64
2024-01-17 23:00:00,850.65,25.7,78
2024-01-18 00:00:00,868.88,24.2,80
2024-01-18 01:00:00,875.12,24.8,64
2024-01-18 02:00:00,863.08,23.6,73
2024-01-18 03:00:00,778.54,24.6,65
2024-01-18 04:00:00,755.99,26.2,64
2024-01-18 05:00:00,870.78,22.7,83
2024-01-18 06:00:00,886.33,27.0,88
2024-01-18 07:00:00,929.29,25.1,88
2024-01-18 08:00:00,1114.0,29.5,61
2024-01-18 09:00:00,1175.54,28.3,65
2024-01-18 10:00:00,1312.5,28.5,93
2024-01-18 11:00:00,1342.5,31.7,71
2024-01-18 12:00:00,1436.86,31.9,81
2024-01-18 13:00:00,1401.58,30.7,63
2024-01-18 14:00:00,1262.54,30.5,65
2024-01-18 15:00:00,1205.53,31.6,62
2024-01-18 16:00:00,1082.34,30.0,72
2024-01-18 17:00:00,1003.45,29.6,82
2024-01-18 18:00:00,841.0,30.1,94
2024-01-18 19:00:00,850.16,27.9,85
2024-01-18 20:00:00,846.82,28.5,68
2024-01-18 21:00:00,756.45,28.8,82
2024-01-18 22:00:00,796.87,25.8,63
2024-01-18 23:00:00,785.86,25.3,93
2024-01-19 00:00:00,856.89,27.0,67
2024-01-19 01:00:00,883.88,22.7,93
2024-01-19 02:00:00,892.41,25.4,65
2024-01-19 03:00:00,822.15,25.4,66
2024-01-19 04:00:00,868.34,25.6,64
2024-01-19 05:00:00,779.42,26.7,62
2024-01-19 06:00:00,816.74,26.3,76
2024-01-19 07:00:00,955.2,26.3,78
2024-01-19 08:00:00,1074.81,29.3,60
2024-01-19 09:00:00,1172.0,30.4,68
2024-01-19 10:00:00,1200.52,31.3,63
2024-01-19 11:00:00,1338.67,30.9,69
2024-01-19 12:00:00,1320.73,30.6,91
2024-01-19 13:00:00,1365.24,32.1,60
2024-01-19 14:00:00,1285.74,33.1,82
2024-01-19 15:00:00,1140.29,33.1,76
2024-01-19 16:00:00,1043.43,30.9,89
2024-01-19 17:00:00,920.13,31.2,86
2024-01-19 18:00:00,874.23,28.4,74
2024-01-19 19:00:00,861.23,30.2,66
2024-01-19 20:00:00,776.93,27.1,92
2024-01-19 21:00:00,837.31,27.9,64
2024-01-19 22:00:00,821.38,24.6,93
2024-01-19 23:00:00,831.14,26.4,62
2024-01-20 00:00:00,664.28,24.9,91
2024-01-20 01:00:00,624.24,23.2,61
2024-01-20 02:00:00,622.15,24.8,75
2024-01-20 03:00:00,600.0,23.4,76
2024-01-20 04:00:00,681.81,25.4,71
2024-01-20 05:00:00,630.66,24.8,64
2024-01-20 06:00:00,653.57,23.9,63
2024-01-20 07:00:00,766.33,25.8,75
2024-01-20 08:00:00,859.14,27.5,77
2024-01-20 09:00:00,967.12,30.7,79
2024-01-20 10:00:00,1096.08,31.1,68
2024-01-20 11:00:00,1170.0,32.8,75
2024-01-20 12:00:00,1149.52,33.4,94
2024-01-20 13:00:00,1123.35,31.2,88
2024-01-20 14:00:00,1064.98,31.8,89
2024-01-20 15:00:00,894.32,31.4,79
2024-01-20 16:00:00,810.08,30.7,81
2024-01-20 17:00:00,806.74,28.6,82
2024-01-20 18:00:00,735.7,30.0,81
2024-01-20 19:00:00,620.79,27.5,60
2024-01-20 20:00:00,633.32,28.0,80
2024-01-20 21:00:00,632.26,29.5,78
2024-01-20 22:00:00,749.4,25.4,67
2024-01-20 23:00:00,699.78,25.4,64
2024-01-21 00:00:00,665.29,25.6,88
2024-01-21 01:00:00,628.77,24.5,77
2024-01-21 02:00:00,600.0,24.4,88
2024-01-21 03:00:00,630.13,23.7,74
2024-01-21 04:00:00,600.0,24.3,90
2024-01-21 05:00:00,600.0,24.0,74
2024-01-21 06:00:00,657.17,27.0,62
2024-01-21 07:00:00,722.74,24.9,92
2024-01-21 08:00:00,923.86,29.2,83
2024-01-21 09:00:00,1007.45,27.4,83
2024-01-21 10:00:00,1076.05,31.2,72
2024-01-21 11:00:00,1197.03,30.4,86
2024-01-21 12:00:00,1172.55,30.0,92
2024-01-21 13:00:00,1115.1,32.6,78
2024-01-21 14:00:00,1129.66,33.1,84
2024-01-21 15:00:00,995.49,31.3,65
2024-01-21 16:00:00,828.56,32.3,92
2024-01-21 17:00:00,753.99,28.1,84
2024-01-21 18:00:00,649.23,28.4,82
2024-01-21 19:00:00,600.0,30.6,76
2024-01-21 20:00:00,647.3,27.7,80
2024-01-21 21:00:00,689.94,24.7,79
2024-01-21 22:00:00,600.0,25.2,71
2024-01-21 23:00:00,682.05,24.1,72
2024-01-22 00:00:00,848.79,24.3,77
2024-01-22 01:00:00,846.96,23.7,81
2024-01-22 02:00:00,824.33,24.2,83
2024-01-22 03:00:00,794.56,24.1,92
2024-01-22 04:00:00,818.28,26.2,62
2024-01-22 05:00:00,803.88,25.7,76
2024-01-22 06:00:00,891.06,26.5,91
2024-01-22 07:00:00,960.62,28.4,76
2024-01-22 08:00:00,1058.24,27.5,84
2024-01-22 09:00:00,1146.62,27.5,67
2024-01-22 10:00:00,1257.94,31.4,94
2024-01-22 11:00:00,1373.47,31.0,88
2024-01-22 12:00:00,1389.16,31.6,71
2024-01-22 13:00:00,1312.83,31.1,68
2024-01-22 14:00:00,1281.62,31.3,85
2024-01-22 15:00:00,1204.72,32.9,81
2024-01-22 16:00:00,1008.22,32.6,90
2024-01-22 17:00:00,981.46,31.8,89
2024-01-22 18:00:00,858.47,31.0,74
2024-01-22 19:00:00,853.01,29.7,92
2024-01-22 20:00:00,789.96,28.2,62
2024-01-22 21:00:00,761.73,26.8,93
2024-01-22 22:00:00,788.22,27.5,76
2024-01-22 23:00:00,865.82,24.7,64
2024-01-23 00:00:00,882.49,25.0,89
2024-01-23 01:00:00,834.2,23.2,74
2024-01-23 02:00:00,869.25,23.2,67
2024-01-23 03:00:00,768.49,23.9,87
2024-01-23 04:00:00,816.11,23.6,80
2024-01-23 05:00:00,792.41,26.1,69
2024-01-23 06:00:00,860.62,24.4,87
2024-01-23 07:00:00,965.88,27.1,80
2024-01-23 08:00:00,1038.33,28.2,87
2024-01-23 09:00:00,1166.77,26.9,81
2024-01-23 10:00:00,1315.18,29.5,78
2024-01-23 11:00:00,1328.68,31.1,83
2024-01-23 12:00:00,1402.72,32.0,87
2024-01-23 13:00:00,1309.34,31.6,72
2024-01-23 14:00:00,1298.53,32.8,68
2024-01-23 15:00:00,1230.72,31.7,68
2024-01-23 16:00:00,981.98,31.5,80
2024-01-23 17:00:00,936.39,31.1,83
2024-01-23 18:00:00,903.7,31.1,90
2024-01-23 19:00:00,827.77,28.2,88
2024-01-23 20:00:00,831.5,27.4,69
2024-01-23 21:00:00,805.6,26.2,63
2024-01-23 22:00:00,850.05,25.6,62
2024-01-23 23:00:00,860.52,26.9,72
2024-01-24 00:00:00,916.15,25.2,80
2024-01-24 01:00:00,876.63,22.8,67
2024-01-24 02:00:00,860.6,23.3,68
2024-01-24 03:00:00,814.11,24.6,60
2024-01-24 04:00:00,803.24,23.4,73
2024-01-24 05:00:00,821.54,24.3,71
2024-01-24 06:00:00,899.12,27.6,81
2024-01-24 07:00:00,951.37,26.2,75
2024-01-24 08:00:00,1080.47,29.1,70
2024-01-24 09:00:00,1254.75,30.5,62
2024-01-24 10:00:00,1312.33,29.1,93
2024-01-24 11:00:00,1339.34,29.8,84
2024-01-24 12:00:00,1417.39,31.1,85
2024-01-24 13:00:00,1336.48,30.6,62
2024-01-24 14:00:00,1210.53,32.1,79
2024-01-24 15:00:00,1146.86,31.6,90
2024-01-24 16:00:00,1004.89,31.9,60
2024-01-24 17:00:00,953.86,32.5,85
2024-01-24 18:00:00,886.03,31.0,84
2024-01-24 19:00:00,895.44,29.6,70
2024-01-24 20:00:00,831.84,25.6,75
2024-01-24 21:00:00,820.96,27.5,79
2024-01-24 22:00:00,877.93,28.1,61
2024-01-24 23:00:00,790.46,21.6,88
2024-01-25 00:00:00,885.45,25.4,66
2024-01-25 01:00:00,896.63,23.9,84
2024-01-25 02:00:00,798.96,23.0,63
2024-01-25 03:00:00,870.48,25.1,93
2024-01-25 04:00:00,834.08,26.6,84
2024-01-25 05:00:00,824.07,26.1,67
2024-01-25 06:00:00,909.39,25.6,91
2024-01-25 07:00:00,1047.5,25.8,77
2024-01-25 08:00:00,1078.62,28.2,70
2024-01-25 09:00:00,1192.72,30.1,69
2024-01-25 10:00:00,1267.69,29.5,65
2024-01-25 11:00:00,1322.93,30.5,75
2024-01-25 12:00:00,1406.34,34.9,84
2024-01-25 13:00:00,1322.72,33.2,93
2024-01-25 14:00:00,1286.3,33.4,90
2024-01-25 15:00:00,1167.35,30.1,67
2024-01-25 16:00:00,1089.06,30.6,76
2024-01-25 17:00:00,979.76,30.9,73
2024-01-25 18:00:00,923.62,28.8,89
2024-01-25 19:00:00,820.84,31.0,77
2024-01-25 20:00:00,812.87,29.7,80
2024-01-25 21:00:00,796.29,26.3,90
2024-01-25 22:00:00,835.28,28.1,92
2024-01-25 23:00:00,882.98,25.2,82
2024-01-26 00:00:00,905.67,27.6,64
2024-01-26 01:00:00,839.35,24.3,74
2024-01-26 02:00:00,883.12,24.7,89
2024-01-26 03:00:00,879.86,25.8,75
2024-01-26 04:00:00,838.67,26.1,88
2024-01-26 05:00:00,906.26,25.8,87
2024-01-26 06:00:00,862.13,25.8,65
2024-01-26 07:00:00,926.43,27.6,64
2024-01-26 08:00:00,1011.97,27.0,84
2024-01-26 09:00:00,1238.36,29.2,87
2024-01-26 10:00:00,1308.64,28.7,60
2024-01-26 11:00:00,1352.7,28.7,73
2024-01-26 12:00:00,1389.04,31.5,78
2024-01-26 13:00:00,1315.26,33.4,90
2024-01-26 14:00:00,1371.36,33.1,74
2024-01-26 15:00:00,1190.56,31.8,78
2024-01-26 16:00:00,1078.1,33.6,91
2024-01-26 17:00:00,995.46,30.1,90
2024-01-26 18:00:00,906.11,27.7,85
2024-01-26 19:00:00,848.49,26.4,84
2024-01-26 20:00:00,796.62,26.6,67
2024-01-26 21:00:00,849.02,27.9,63
2024-01-26 22:00:00,918.67,25.2,90
2024-01-26 23:00:00,918.84,25.7,91
2024-01-27 00:00:00,736.95,26.5,93
2024-01-27 01:00:00,655.74,22.8,62
2024-01-27 02:00:00,620.06,24.6,85
2024-01-27 03:00:00,630.02,24.8,63
2024-01-27 04:00:00,628.16,23.5,61
2024-01-27 05:00:00,680.88,26.8,78
2024-01-27 06:00:00,631.98,25.7,82
2024-01-27 07:00:00,825.54,26.5,84
2024-01-27 08:00:00,870.7,30.5,66
2024-01-27 09:00:00,973.07,29.7,67
2024-01-27 10:00:00,1052.33,31.1,62
2024-01-27 11:00:00,1098.73,32.5,82
2024-01-27 12:00:00,1210.07,30.7,92
2024-01-27 13:00:00,1159.23,33.4,87
2024-01-27 14:00:00,1042.62,31.4,81
2024-01-27 15:00:00,942.72,31.2,94
2024-01-27 16:00:00,864.53,31.1,93
2024-01-27 17:00:00,830.48,30.1,89
2024-01-27 18:00:00,682.2,31.0,73
2024-01-27 19:00:00,600.0,29.4,68
2024-01-27 20:00:00,617.7,27.4,81
2024-01-27 21:00:00,624.98,27.8,87
2024-01-27 22:00:00,600.0,25.7,73
2024-01-27 23:00:00,671.86,24.8,74
2024-01-28 00:00:00,675.16,24.6,83
2024-01-28 01:00:00,700.06,24.7,93
2024-01-28 02:00:00,721.46,24.5,62
2024-01-28 03:00:00,675.91,23.7,82
2024-01-28 04:00:00,618.85,25.6,79
2024-01-28 05:00:00,605.91,24.9,74
2024-01-28 06:00:00,783.34,25.2,75
2024-01-28 07:00:00,776.13,25.2,66
2024-01-28 08:00:00,878.77,29.2,92
2024-01-28 09:00:00,989.22,29.1,78
2024-01-28 10:00:00,1096.74,30.3,77
2024-01-28 11:00:00,1153.66,32.1,77
2024-01-28 12:00:00,1163.23,30.9,62
2024-01-28 13:00:00,1139.58,30.2,62
2024-01-28 14:00:00,1088.68,32.1,75
2024-01-28 15:00:00,971.08,32.2,82
2024-01-28 16:00:00,853.38,31.1,82
2024-01-28 17:00:00,777.84,32.6,74
2024-01-28 18:00:00,684.42,27.0,68
2024-01-28 19:00:00,697.36,30.4,77
2024-01-28 20:00:00,600.0,28.9,65
2024-01-28 21:00:00,674.79,27.5,65
2024-01-28 22:00:00,700.47,22.0,80
2024-01-28 23:00:00,603.24,26.7,89
2024-01-29 00:00:00,873.34,23.3,87
2024-01-29 01:00:00,864.78,23.5,79
2024-01-29 02:00:00,809.58,23.8,78
2024-01-29 03:00:00,811.35,24.6,73
2024-01-29 04:00:00,791.49,25.3,60
2024-01-29 05:00:00,908.07,26.2,86
2024-01-29 06:00:00,928.12,27.0,91
2024-01-29 07:00:00,1020.66,27.3,88
2024-01-29 08:00:00,1105.64,28.5,90
2024-01-29 09:00:00,1152.65,27.7,84
2024-01-29 10:00:00,1273.54,29.1,66
2024-01-29 11:00:00,1377.93,31.9,75
2024-01-29 12:00:00,1342.63,32.5,70
2024-01-29 13:00:00,1385.77,32.7,77
2024-01-29 14:00:00,1283.51,31.4,64
2024-01-29 15:00:00,1179.08,33.0,61
2024-01-29 16:00:00,1105.31,30.1,69
2024-01-29 17:00:00,991.76,32.1,85
2024-01-29 18:00:00,882.8,29.7,83
2024-01-29 19:00:00,887.39,31.1,85
2024-01-29 20:00:00,792.61,26.2,75
2024-01-29 21:00:00,860.24,29.1,84
2024-01-29 22:00:00,879.71,25.6,65
2024-01-29 23:00:00,867.07,24.7,71
2024-01-30 00:00:00,898.89,24.8,68
2024-01-30 01:00:00,836.13,23.3,67
2024-01-30 02:00:00,893.32,23.9,90
2024-01-30 03:00:00,834.24,23.3,91
2024-01-30 04:00:00,814.2,23.7,66
2024-01-30 05:00:00,885.59,25.8,91
2024-01-30 06:00:00,872.85,24.9,84
2024-01-30 07:00:00,929.0,26.0,92
2024-01-30 08:00:00,1028.04,26.4,87
2024-01-30 09:00:00,1215.51,28.4,70
2024-01-30 10:00:00,1249.22,31.6,90
2024-01-30 11:00:00,1424.36,29.8,69
2024-01-30 12:00:00,1314.67,30.6,61
2024-01-30 13:00:00,1422.33,32.1,63
2024-01-30 14:00:00,1301.44,31.6,81
2024-01-30 15:00:00,1190.95,34.5,87
2024-01-30 16:00:00,1063.49,31.3,69
2024-01-30 17:00:00,992.32,31.2,61
2024-01-30 18:00:00,896.26,31.1,90
2024-01-30 19:00:00,887.57,30.1,82
2024-01-30 20:00:00,836.58,28.3,75
2024-01-30 21:00:00,846.08,26.8,68
2024-01-30 22:00:00,848.36,28.4,65
2024-01-30 23:00:00,878.05,25.1,84
2024-01-31 00:00:00,900.42,24.0,63
2024-01-31 01:00:00,822.24,23.4,71
2024-01-31 02:00:00,815.97,21.9,83
2024-01-31 03:00:00,868.9,25.1,86
2024-01-31 04:00:00,840.65,21.7,62
2024-01-31 05:00:00,844.61,25.2,71
2024-01-31 06:00:00,900.33,25.8,89
2024-01-31 07:00:00,992.64,29.7,71
2024-01-31 08:00:00,1065.8,25.8,81
2024-01-31 09:00:00,1169.24,28.0,74
2024-01-31 10:00:00,1303.07,29.8,87
2024-01-31 11:00:00,1330.87,30.6,76
2024-01-31 12:00:00,1404.01,30.8,84
2024-01-31 13:00:00,1305.54,31.8,62
2024-01-31 14:00:00,1332.26,30.5,90
2024-01-31 15:00:00,1213.05,32.3,74
2024-01-31 16:00:00,1093.7,28.7,87
2024-01-31 17:00:00,1014.92,30.8,90
2024-01-31 18:00:00,958.04,29.3,79
2024-01-31 19:00:00,886.63,30.3,80
2024-01-31 20:00:00,770.33,30.1,86
2024-01-31 21:00:00,798.21,26.6,78
2024-01-31 22:00:00,841.4,27.7,71
2024-01-31 23:00:00,883.14,24.8,94
2024-02-01 00:00:00,909.98,23.4,92
2024-02-01 01:00:00,858.91,26.2,82
2024-02-01 02:00:00,871.91,24.6,72
2024-02-01 03:00:00,818.67,24.1,89
2024-02-01 04:00:00,815.49,25.4,69
2024-02-01 05:00:00,804.03,25.5,79
2024-02-01 06:00:00,869.59,25.9,65
2024-02-01 07:00:00,935.38,25.4,90
2024-02-01 08:00:00,1052.76,27.7,78
2024-02-01 09:00:00,1235.57,29.8,62
2024-02-01 10:00:00,1265.2,29.9,69
2024-02-01 11:00:00,1459.47,31.9,69
2024-02-01 12:00:00,1409.2,31.9,80
2024-02-01 13:00:00,1373.81,30.8,61
2024-02-01 14:00:00,1268.41,30.4,89
2024-02-01 15:00:00,1223.24,31.7,87
2024-02-01 16:00:00,1066.81,30.8,77
2024-02-01 17:00:00,987.01,31.2,73
2024-02-01 18:00:00,991.57,29.1,78
2024-02-01 19:00:00,849.98,28.3,71
2024-02-01 20:00:00,877.2,29.3,79
2024-02-01 21:00:00,820.6,27.1,93
2024-02-01 22:00:00,864.26,25.2,80
2024-02-01 23:00:00,946.42,25.2,78
2024-02-02 00:00:00,872.18,26.2,94
2024-02-02 01:00:00,950.0,24.5,67
2024-02-02 02:00:00,892.4,24.7,81
2024-02-02 03:00:00,827.68,23.2,77
2024-02-02 04:00:00,861.28,25.8,67
2024-02-02 05:00:00,889.56,28.0,61
2024-02-02 06:00:00,925.92,25.1,79
2024-02-02 07:00:00,929.99,25.5,64
2024-02-02 08:00:00,1063.72,28.2,89
2024-02-02 09:00:00,1192.29,30.1,77
2024-02-02 10:00:00,1298.08,29.9,82
2024-02-02 11:00:00,1391.31,29.6,61
2024-02-02 12:00:00,1400.41,31.3,91
2024-02-02 13:00:00,1322.86,32.6,60
2024-02-02 14:00:00,1314.01,31.5,60
2024-02-02 15:00:00,1222.35,32.6,90
2024-02-02 16:00:00,1108.81,32.9,67
2024-02-02 17:00:00,1022.83,31.1,62
2024-02-02 18:00:00,933.41,30.0,71
2024-02-02 19:00:00,871.67,30.0,93
2024-02-02 20:00:00,836.78,27.0,84
2024-02-02 21:00:00,789.33,25.8,66
2024-02-02 22:00:00,882.78,25.7,74
2024-02-02 23:00:00,893.96,24.6,80
2024-02-03 00:00:00,705.92,23.6,84
2024-02-03 01:00:00,644.18,26.3,75
2024-02-03 02:00:00,632.08,26.6,60
2024-02-03 03:00:00,686.52,23.7,73
2024-02-03 04:00:00,640.05,24.6,93
2024-02-03 05:00:00,681.67,24.9,61
2024-02-03 06:00:00,707.44,27.3,90
2024-02-03 07:00:00,788.28,28.5,78
2024-02-03 08:00:00,924.3,25.9,78
2024-02-03 09:00:00,985.18,29.6,82
2024-02-03 10:00:00,1106.34,28.4,89
2024-02-03 11:00:00,1155.7,32.9,76
2024-02-03 12:00:00,1181.28,32.0,61
2024-02-03 13:00:00,1161.07,30.9,70
2024-02-03 14:00:00,1110.78,31.7,73
2024-02-03 15:00:00,986.52,31.5,88
2024-02-03 16:00:00,935.46,32.1,78
2024-02-03 17:00:00,755.98,32.1,87
2024-02-03 18:00:00,699.98,28.6,60
2024-02-03 19:00:00,642.51,31.2,64
2024-02-03 20:00:00,692.17,29.9,93
2024-02-03 21:00:00,656.64,25.9,73
2024-02-03 22:00:00,706.15,26.1,78
2024-02-03 23:00:00,636.99,27.2,83
2024-02-04 00:00:00,708.1,26.0,76
2024-02-04 01:00:00,722.33,23.7,61
2024-02-04 02:00:00,675.13,25.0,90
2024-02-04 03:00:00,689.28,27.7,76
2024-02-04 04:00:00,625.67,24.7,67
2024-02-04 05:00:00,709.48,24.4,76
2024-02-04 06:00:00,789.24,26.2,85
2024-02-04 07:00:00,776.87,27.3,66
2024-02-04 08:00:00,878.2,27.4,83
2024-02-04 09:00:00,1056.45,29.6,89
2024-02-04 10:00:00,1160.6,28.5,85
2024-02-04 11:00:00,1155.92,30.0,89
2024-02-04 12:00:00,1184.11,32.4,94
2024-02-04 13:00:00,1164.37,29.8,61
2024-02-04 14:00:00,1058.28,33.1,63
2024-02-04 15:00:00,973.46,29.4,64
2024-02-04 16:00:00,858.7,29.4,61
2024-02-04 17:00:00,762.75,30.2,90
2024-02-04 18:00:00,707.64,30.3,86
2024-02-04 19:00:00,668.43,30.6,83
2024-02-04 20:00:00,698.13,28.1,63
2024-02-04 21:00:00,617.15,26.7,87
2024-02-04 22:00:00,706.82,26.7,64
2024-02-04 23:00:00,683.83,24.1,86
2024-02-05 00:00:00,899.39,24.7,64
2024-02-05 01:00:00,917.18,22.7,64
2024-02-05 02:00:00,835.33,24.1,68
2024-02-05 03:00:00,867.74,24.0,86
2024-02-05 04:00:00,851.97,23.6,63
2024-02-05 05:00:00,879.76,25.4,83
2024-02-05 06:00:00,921.27,26.2,86
2024-02-05 07:00:00,1077.88,28.4,60
2024-02-05 08:00:00,1073.84,26.1,91
2024-02-05 09:00:00,1189.36,28.9,75
2024-02-05 10:00:00,1285.87,29.1,82
2024-02-05 11:00:00,1357.14,31.9,87
2024-02-05 12:00:00,1378.88,32.4,79
2024-02-05 13:00:00,1418.21,32.5,76
2024-02-05 14:00:00,1357.42,31.2,67
2024-02-05 15:00:00,1188.0,32.9,77
2024-02-05 16:00:00,1067.08,29.6,72
2024-02-05 17:00:00,1008.5,28.7,68
2024-02-05 18:00:00,891.89,28.5,89
2024-02-05 19:00:00,884.75,29.0,87
2024-02-05 20:00:00,853.34,28.8,77
2024-02-05 21:00:00,801.41,23.4,79
2024-02-05 22:00:00,928.9,27.6,78
2024-02-05 23:00:00,956.55,25.3,64
2024-02-06 00:00:00,882.08,22.7,93
2024-02-06 01:00:00,882.4,24.3,76
2024-02-06 02:00:00,887.04,25.3,87
2024-02-06 03:00:00,868.47,24.9,89
2024-02-06 04:00:00,871.6,25.9,77
2024-02-06 05:00:00,935.28,23.5,65
2024-02-06 06:00:00,907.37,25.5,85
2024-02-06 07:00:00,966.41,25.9,74
2024-02-06 08:00:00,1050.29,30.1,60
2024-02-06 09:00:00,1184.77,29.8,76
2024-02-06 10:00:00,1308.93,33.4,90
2024-02-06 11:00:00,1441.8,30.3,61
2024-02-06 12:00:00,1385.48,30.6,94
2024-02-06 13:00:00,1386.84,31.7,86
2024-02-06 14:00:00,1309.54,33.7,62
2024-02-06 15:00:00,1251.98,31.4,79
2024-02-06 16:00:00,1187.06,31.6,67
2024-02-06 17:00:00,975.82,30.9,88
2024-02-06 18:00:00,896.5,30.0,67
2024-02-06 19:00:00,901.55,28.3,86
2024-02-06 20:00:00,872.51,27.8,85
2024-02-06 21:00:00,921.5,26.7,69
2024-02-06 22:00:00,897.58,26.0,89
2024-02-06 23:00:00,883.52,26.3,92
2024-02-07 00:00:00,926.64,26.6,79
2024-02-07 01:00:00,937.22,23.1,63
2024-02-07 02:00:00,908.19,23.5,82
2024-02-07 03:00:00,876.96,23.1,88
2024-02-07 04:00:00,888.32,24.8,91
2024-02-07 05:00:00,908.29,24.5,85
2024-02-07 06:00:00,964.38,26.3,64
2024-02-07 07:00:00,1019.49,28.3,83
2024-02-07 08:00:00,1095.16,25.0,61
2024-02-07 09:00:00,1217.93,29.6,74
2024-02-07 10:00:00,1354.76,29.4,67
2024-02-07 11:00:00,1352.84,31.4,73
2024-02-07 12:00:00,1418.94,30.4,64
2024-02-07 13:00:00,1367.68,33.3,68
2024-02-07 14:00:00,1313.56,33.1,81
2024-02-07 15:00:00,1257.58,32.5,89
2024-02-07 16:00:00,1107.75,32.4,92
2024-02-07 17:00:00,998.47,29.9,66
2024-02-07 18:00:00,868.48,29.3,62
2024-02-07 19:00:00,893.57,29.9,91
2024-02-07 20:00:00,873.67,27.1,78
2024-02-07 21:00:00,935.02,28.7,90
2024-02-07 22:00:00,868.81,25.6,89
2024-02-07 23:00:00,906.21,25.8,84
2024-02-08 00:00:00,917.17,27.1,72
2024-02-08 01:00:00,956.1,23.3,71
2024-02-08 02:00:00,878.62,24.1,68
2024-02-08 03:00:00,871.45,25.4,68
2024-02-08 04:00:00,874.74,25.7,86
2024-02-08 05:00:00,876.38,24.8,90
2024-02-08 06:00:00,902.85,25.4,65
2024-02-08 07:00:00,1006.06,26.7,88
2024-02-08 08:00:00,1141.07,29.7,89
2024-02-08 09:00:00,1179.35,28.7,70
2024-02-08 10:00:00,1319.66,30.1,65
2024-02-08 11:00:00,1359.41,30.3,90
2024-02-08 12:00:00,1450.34,32.3,94
2024-02-08 13:00:00,1330.61,32.1,71
2024-02-08 14:00:00,1295.47,30.8,65
2024-02-08 15:00:00,1228.51,30.7,85
2024-02-08 16:00:00,1158.33,29.1,91
2024-02-08 17:00:00,997.02,29.8,63
2024-02-08 18:00:00,899.12,31.0,62
2024-02-08 19:00:00,935.77,30.6,61
2024-02-08 20:00:00,802.88,28.8,79
2024-02-08 21:00:00,784.83,27.6,78
2024-02-08 22:00:00,897.46,25.8,71
2024-02-08 23:00:00,883.45,26.1,87
2024-02-09 00:00:00,875.21,24.9,68
2024-02-09 01:00:00,928.2,26.3,70
2024-02-09 02:00:00,893.0,23.9,89
2024-02-09 03:00:00,844.46,25.7,61
2024-02-09 04:00:00,811.17,25.6,92
2024-02-09 05:00:00,902.89,26.1,66
2024-02-09 06:00:00,943.75,23.6,80
2024-02-09 07:00:00,998.31,28.1,71
2024-02-09 08:00:00,1170.64,27.8,80
2024-02-09 09:00:00,1180.33,28.5,82
2024-02-09 10:00:00,1264.13,28.2,65
2024-02-09 11:00:00,1362.21,30.8,73
2024-02-09 12:00:00,1409.43,31.5,91
2024-02-09 13:00:00,1394.95,30.3,72
2024-02-09 14:00:00,1309.1,30.2,86
2024-02-09 15:00:00,1230.14,32.4,70
2024-02-09 16:00:00,1062.24,32.5,91
2024-02-09 17:00:00,1052.37,31.1,62
2024-02-09 18:00:00,918.18,31.4,61
2024-02-09 19:00:00,911.54,28.9,89
2024-02-09 20:00:00,868.07,27.9,61
2024-02-09 21:00:00,880.29,25.9,88
2024-02-09 22:00:00,904.52,24.1,81
2024-02-09 23:00:00,919.2,27.4,84
2024-02-10 00:00:00,736.0,25.9,78
2024-02-10 01:00:00,752.47,22.5,75
2024-02-10 02:00:00,693.89,24.2,76
2024-02-10 03:00:00,691.56,24.0,86
2024-02-10 04:00:00,655.39,24.2,78
2024-02-10 05:00:00,725.31,24.7,89
2024-02-10 06:00:00,699.86,26.5,73
2024-02-10 07:00:00,867.36,27.9,91
2024-02-10 08:00:00,907.14,28.5,82
2024-02-10 09:00:00,970.25,28.9,69
2024-02-10 10:00:00,1124.55,29.8,88
2024-02-10 11:00:00,1165.13,32.0,70
2024-02-10 12:00:00,1242.99,32.0,74
2024-02-10 13:00:00,1166.14,32.0,91
2024-02-10 14:00:00,1104.47,32.0,86
2024-02-10 15:00:00,954.23,32.3,60
2024-02-10 16:00:00,892.76,30.9,73
2024-02-10 17:00:00,719.55,31.8,62
2024-02-10 18:00:00,668.17,28.7,89
2024-02-10 19:00:00,701.6,28.5,90
2024-02-10 20:00:00,686.12,28.7,60
2024-02-10 21:00:00,681.74,25.6,73
2024-02-10 22:00:00,653.28,24.1,74
2024-02-10 23:00:00,704.41,25.2,84
2024-02-11 00:00:00,715.96,22.5,73
2024-02-11 01:00:00,667.99,22.6,83
2024-02-11 02:00:00,742.21,24.9,61
2024-02-11 03:00:00,700.03,23.9,93
2024-02-11 04:00:00,653.37,26.1,82
2024-02-11 05:00:00,678.42,23.7,67
2024-02-11 06:00:00,733.41,25.9,64
2024-02-11 07:00:00,735.44,27.4,88
2024-02-11 08:00:00,902.48,26.6,92
2024-02-11 09:00:00,999.04,30.3,79
2024-02-11 10:00:00,1087.59,30.6,75
2024-02-11 11:00:00,1181.71,28.9,83
2024-02-11 12:00:00,1279.07,31.4,88
2024-02-11 13:00:00,1213.99,32.3,94
2024-02-11 14:00:00,1102.68,31.3,68
2024-02-11 15:00:00,1042.99,30.1,81
2024-02-11 16:00:00,960.15,31.8,79
2024-02-11 17:00:00,839.32,33.5,63
2024-02-11 18:00:00,728.27,29.5,71
2024-02-11 19:00:00,654.92,30.9,82
2024-02-11 20:00:00,685.64,27.1,67
2024-02-11 21:00:00,683.2,27.2,69
2024-02-11 22:00:00,721.03,26.9,82
2024-02-11 23:00:00,730.89,25.2,88
2024-02-12 00:00:00,955.43,24.2,91
2024-02-12 01:00:00,892.41,25.0,73
2024-02-12 02:00:00,938.31,26.3,75
2024-02-12 03:00:00,878.85,24.5,76
2024-02-12 04:00:00,936.35,23.9,79
2024-02-12 05:00:00,855.97,24.9,71
2024-02-12 06:00:00,989.49,29.0,68
2024-02-12 07:00:00,1016.44,27.1,67
2024-02-12 08:00:00,1090.94,27.3,80
2024-02-12 09:00:00,1208.59,27.7,91
2024-02-12 10:00:00,1314.05,27.8,77
2024-02-12 11:00:00,1409.01,31.3,88
2024-02-12 12:00:00,1437.06,32.2,66
2024-02-12 13:00:00,1374.09,31.4,65
2024-02-12 14:00:00,1324.43,32.0,79
2024-02-12 15:00:00,1300.54,30.5,68
2024-02-12 16:00:00,1174.25,31.6,68
2024-02-12 17:00:00,1024.85,31.4,67
2024-02-12 18:00:00,930.13,29.4,76
2024-02-12 19:00:00,884.38,31.1,83
2024-02-12 20:00:00,885.28,27.0,82
2024-02-12 21:00:00,836.24,27.3,92
2024-02-12 22:00:00,883.31,27.0,81
2024-02-12 23:00:00,852.87,25.1,81
2024-02-13 00:00:00,935.31,24.3,86
2024-02-13 01:00:00,936.44,22.4,61
2024-02-13 02:00:00,877.93,25.6,90
2024-02-13 03:00:00,929.67,23.9,72
2024-02-13 04:00:00,823.46,25.2,61
2024-02-13 05:00:00,831.49,26.0,66
2024-02-13 06:00:00,939.23,25.2,70
2024-02-13 07:00:00,1048.81,26.7,85
2024-02-13 08:00:00,1175.32,29.6,80
2024-02-13 09:00:00,1212.11,27.7,74
2024-02-13 10:00:00,1365.66,32.6,75
2024-02-13 11:00:00,1395.46,29.9,68
2024-02-13 12:00:00,1415.37,30.0,80
2024-02-13 13:00:00,1427.75,32.0,65
2024-02-13 14:00:00,1350.76,34.7,60
2024-02-13 15:00:00,1173.03,29.6,90
2024-02-13 16:00:00,1168.11,31.3,64
2024-02-13 17:00:00,1060.52,31.4,85
2024-02-13 18:00:00,909.55,30.0,60
2024-02-13 19:00:00,896.67,29.5,60
2024-02-13 20:00:00,883.74,27.1,88
2024-02-13 21:00:00,883.81,26.2,81
2024-02-13 22:00:00,875.7,25.8,78
2024-02-13 23:00:00,890.4,23.8,87
2024-02-14 00:00:00,923.12,24.5,64
2024-02-14 01:00:00,957.51,23.7,80
2024-02-14 02:00:00,916.54,23.4,81
2024-02-14 03:00:00,864.28,24.5,79
2024-02-14 04:00:00,896.05,22.4,71
2024-02-14 05:00:00,785.71,24.9,65
2024-02-14 06:00:00,974.25,28.8,88
2024-02-14 07:00:00,953.94,25.7,94
2024-02-14 08:00:00,1106.37,29.5,70
2024-02-14 09:00:00,1191.65,29.1,92
2024-02-14 10:00:00,1285.26,29.3,84
2024-02-14 11:00:00,1440.11,29.2,73
2024-02-14 12:00:00,1407.71,31.6,88
2024-02-14 13:00:00,1411.62,33.6,72
2024-02-14 14:00:00,1328.96,31.5,74
2024-02-14 15:00:00,1247.57,31.8,67
2024-02-14 16:00:00,1121.79,32.7,92
2024-02-14 17:00:00,969.99,31.2,70
2024-02-14 18:00:00,968.99,28.1,74
2024-02-14 19:00:00,868.21,29.2,80
2024-02-14 20:00:00,814.65,29.8,65
2024-02-14 21:00:00,862.37,26.9,84
2024-02-14 22:00:00,950.16,22.7,60
2024-02-14 23:00:00,946.34,25.6,92
2024-02-15 00:00:00,914.52,24.3,91
2024-02-15 01:00:00,906.94,21.9,61
2024-02-15 02:00:00,888.97,22.0,84
2024-02-15 03:00:00,952.64,25.3,92
2024-02-15 04:00:00,885.11,23.7,70
2024-02-15 05:00:00,903.17,24.1,78
2024-02-15 06:00:00,972.81,26.0,84
2024-02-15 07:00:00,1025.9,26.2,87
2024-02-15 08:00:00,1112.7,28.1,69
2024-02-15 09:00:00,1226.67,28.8,90
2024-02-15 10:00:00,1330.78,28.6,75
2024-02-15 11:00:00,1400.88,30.2,77
2024-02-15 12:00:00,1452.25,32.0,81
2024-02-15 13:00:00,1404.01,31.9,94
2024-02-15 14:00:00,1358.95,31.9,71
2024-02-15 15:00:00,1230.76,34.2,87
2024-02-15 16:00:00,1124.56,32.3,68
2024-02-15 17:00:00,947.66,31.9,89
2024-02-15 18:00:00,968.89,29.8,77
2024-02-15 19:00:00,900.33,29.3,83
2024-02-15 20:00:00,906.76,27.5,78
2024-02-15 21:00:00,778.69,27.9,73
2024-02-15 22:00:00,973.43,25.9,61
2024-02-15 23:00:00,914.41,25.4,70
2024-02-16 00:00:00,968.24,24.7,85
2024-02-16 01:00:00,885.5,24.1,67
2024-02-16 02:00:00,924.4,27.5,62
2024-02-16 03:00:00,845.82,23.3,74
2024-02-16 04:00:00,852.64,23.7,72
2024-02-16 05:00:00,957.84,26.0,75
2024-02-16 06:00:00,932.81,25.3,81
2024-02-16 07:00:00,1027.88,26.6,92
2024-02-16 08:00:00,1154.95,26.7,61
2024-02-16 09:00:00,1253.63,29.6,88
2024-02-16 10:00:00,1341.28,30.6,93
2024-02-16 11:00:00,1417.69,30.5,75
2024-02-16 12:00:00,1513.64,32.3,73
2024-02-16 13:00:00,1402.91,29.6,64
2024-02-16 14:00:00,1343.08,31.2,77
2024-02-16 15:00:00,1273.09,31.7,85
2024-02-16 16:00:00,1163.24,30.1,69
2024-02-16 17:00:00,1061.88,28.7,65
2024-02-16 18:00:00,961.91,29.6,73
2024-02-16 19:00:00,850.93,29.9,61
2024-02-16 20:00:00,931.74,29.5,86
2024-02-16 21:00:00,842.67,26.3,68
2024-02-16 22:00:00,913.66,26.9,72
2024-02-16 23:00:00,895.63,25.9,80
2024-02-17 00:00:00,729.97,26.0,61
2024-02-17 01:00:00,736.17,23.7,62
2024-02-17 02:00:00,716.97,21.8,72
2024-02-17 03:00:00,700.22,24.2,80
2024-02-17 04:00:00,733.72,23.3,92
2024-02-17 05:00:00,709.49,24.3,79
2024-02-17 06:00:00,733.7,25.6,77
2024-02-17 07:00:00,856.78,26.6,84
2024-02-17 08:00:00,968.89,28.2,84
2024-02-17 09:00:00,996.08,29.9,74
2024-02-17 10:00:00,1159.69,29.6,76
2024-02-17 11:00:00,1232.22,31.3,88
2024-02-17 12:00:00,1221.87,31.5,92
2024-02-17 13:00:00,1255.84,33.0,91
2024-02-17 14:00:00,1133.55,31.8,67
2024-02-17 15:00:00,1043.47,31.8,72
2024-02-17 16:00:00,921.25,31.0,76
2024-02-17 17:00:00,823.64,30.6,80
2024-02-17 18:00:00,703.95,29.1,73
2024-02-17 19:00:00,643.29,28.0,84
2024-02-17 20:00:00,733.14,28.9,83
2024-02-17 21:00:00,655.91,25.7,92
2024-02-17 22:00:00,671.14,25.6,67
2024-02-17 23:00:00,649.42,26.4,87
2024-02-18 00:00:00,712.64,24.1,78
2024-02-18 01:00:00,681.15,25.1,70
2024-02-18 02:00:00,765.98,23.3,69
2024-02-18 03:00:00,723.59,22.9,60
2024-02-18 04:00:00,655.94,22.6,64
2024-02-18 05:00:00,775.24,26.7,75
2024-02-18 06:00:00,779.4,24.6,79
2024-02-18 07:00:00,814.46,27.9,79
2024-02-18 08:00:00,842.57,26.8,87
2024-02-18 09:00:00,1122.02,30.6,64
2024-02-18 10:00:00,1092.93,32.6,62
2024-02-18 11:00:00,1152.88,28.8,89
2024-02-18 12:00:00,1270.86,30.2,82
2024-02-18 13:00:00,1295.88,32.8,93
2024-02-18 14:00:00,1190.04,32.6,87
2024-02-18 15:00:00,1061.6,32.8,60
2024-02-18 16:00:00,950.91,30.8,86
2024-02-18 17:00:00,855.75,33.2,93
2024-02-18 18:00:00,771.67,30.1,90
2024-02-18 19:00:00,706.33,27.6,91
2024-02-18 20:00:00,683.77,27.7,66
2024-02-18 21:00:00,686.16,25.5,93
2024-02-18 22:00:00,682.24,27.9,63
2024-02-18 23:00:00,717.76,24.4,78
2024-02-19 00:00:00,878.57,25.1,81
2024-02-19 01:00:00,926.83,23.6,88
2024-02-19 02:00:00,876.73,23.3,93
2024-02-19 03:00:00,852.44,21.8,93
2024-02-19 04:00:00,889.14,25.3,62
2024-02-19 05:00:00,947.94,26.7,80
2024-02-19 06:00:00,980.0,24.9,80
2024-02-19 07:00:00,973.68,25.1,76
2024-02-19 08:00:00,1098.23,29.0,88
2024-02-19 09:00:00,1277.58,27.1,92
2024-02-19 10:00:00,1310.0,31.5,85
2024-02-19 11:00:00,1405.43,29.7,66
2024-02-19 12:00:00,1457.14,30.1,68
2024-02-19 13:00:00,1379.41,32.2,77
2024-02-19 14:00:00,1348.1,30.8,60
2024-02-19 15:00:00,1198.0,31.0,70
2024-02-19 16:00:00,1111.87,31.9,81
2024-02-19 17:00:00,1039.89,27.9,91
2024-02-19 18:00:00,892.17,32.0,69
2024-02-19 19:00:00,914.72,29.1,86
2024-02-19 20:00:00,882.25,26.4,71
2024-02-19 21:00:00,910.5,25.7,89
2024-02-19 22:00:00,919.28,27.2,69
2024-02-19 23:00:00,978.14,25.9,71
2024-02-20 00:00:00,945.05,26.2,80
2024-02-20 01:00:00,918.09,23.3,86
2024-02-20 02:00:00,918.45,24.4,65
2024-02-20 03:00:00,912.92,24.6,67
2024-02-20 04:00:00,887.4,25.4,65
2024-02-20 05:00:00,903.49,26.5,93
2024-02-20 06:00:00,926.13,25.1,81
2024-02-20 07:00:00,1008.29,26.8,88
2024-02-20 08:00:00,1086.62,27.3,68
2024-02-20 09:00:00,1308.73,29.0,80
2024-02-20 10:00:00,1303.7,30.8,91
2024-02-20 11:00:00,1391.88,28.8,67
2024-02-20 12:00:00,1415.59,32.8,69
2024-02-20 13:00:00,1447.47,30.5,82
2024-02-20 14:00:00,1336.93,31.6,79
2024-02-20 15:00:00,1291.2,33.4,72
2024-02-20 16:00:00,1112.19,31.9,81
2024-02-20 17:00:00,1041.31,31.2,74
2024-02-20 18:00:00,921.53,28.6,90
2024-02-20 19:00:00,977.23,27.8,91
2024-02-20 20:00:00,844.22,29.1,72
2024-02-20 21:00:00,904.85,26.3,84
2024-02-20 22:00:00,936.47,25.4,80
2024-02-20 23:00:00,947.72,26.3,63
2024-02-21 00:00:00,937.05,23.3,74
2024-02-21 01:00:00,931.44,24.5,80
2024-02-21 02:00:00,918.58,24.1,67
2024-02-21 03:00:00,891.63,24.1,90
2024-02-21 04:00:00,922.3,23.9,69
2024-02-21 05:00:00,982.31,24.5,80
2024-02-21 06:00:00,934.06,24.7,76
2024-02-21 07:00:00,986.42,27.5,64
2024-02-21 08:00:00,1135.49,27.2,72
2024-02-21 09:00:00,1340.66,30.2,80
2024-02-21 10:00:00,1321.97,29.7,71
2024-02-21 11:00:00,1476.37,29.6,84
2024-02-21 12:00:00,1502.33,31.2,87
2024-02-21 13:00:00,1399.64,31.4,61
2024-02-21 14:00:00,1370.04,33.2,80
2024-02-21 15:00:00,1307.39,31.4,81
2024-02-21 16:00:00,1125.36,31.1,61
2024-02-21 17:00:00,1027.29,32.5,89
2024-02-21 18:00:00,933.28,30.6,60
2024-02-21 19:00:00,869.5,31.0,72
2024-02-21 20:00:00,865.93,29.5,62
2024-02-21 21:00:00,854.04,25.9,79
2024-02-21 22:00:00,918.35,27.2,64
2024-02-21 23:00:00,909.16,27.0,61
2024-02-22 00:00:00,954.62,26.4,85
2024-02-22 01:00:00,884.42,25.3,88
2024-02-22 02:00:00,931.52,25.2,77
2024-02-22 03:00:00,928.85,23.8,68
2024-02-22 04:00:00,821.67,23.5,81
2024-02-22 05:00:00,920.93,24.7,87
2024-02-22 06:00:00,999.44,24.0,71
2024-02-22 07:00:00,994.92,28.6,77
2024-02-22 08:00:00,1200.02,27.7,93
2024-02-22 09:00:00,1267.93,30.6,62
2024-02-22 10:00:00,1328.32,28.5,64
2024-02-22 11:00:00,1419.95,32.1,82
2024-02-22 12:00:00,1466.04,30.9,72
2024-02-22 13:00:00,1424.57,30.3,83
2024-02-22 14:00:00,1371.88,34.0,87
2024-02-22 15:00:00,1221.07,33.2,76
2024-02-22 16:00:00,1147.45,31.7,65
2024-02-22 17:00:00,987.83,30.9,86
2024-02-22 18:00:00,952.64,30.5,88
2024-02-22 19:00:00,876.28,29.3,71
2024-02-22 20:00:00,865.8,27.0,94
2024-02-22 21:00:00,943.04,26.5,64
2024-02-22 22:00:00,958.25,28.4,61
2024-02-22 23:00:00,960.33,28.4,70
2024-02-23 00:00:00,911.12,26.4,63
2024-02-23 01:00:00,930.72,24.7,81
2024-02-23 02:00:00,965.31,23.6,60
2024-02-23 03:00:00,907.55,23.2,75
2024-02-23 04:00:00,975.55,23.7,61
2024-02-23 05:00:00,924.52,24.5,86
2024-02-23 06:00:00,966.11,28.6,71
2024-02-23 07:00:00,1029.35,29.1,64
2024-02-23 08:00:00,1149.07,28.9,64
2024-02-23 09:00:00,1250.84,27.9,81
2024-02-23 10:00:00,1380.7,31.1,72
2024-02-23 11:00:00,1458.3,30.5,75
2024-02-23 12:00:00,1421.91,28.9,85
2024-02-23 13:00:00,1378.24,32.2,68
2024-02-23 14:00:00,1291.67,31.0,91
2024-02-23 15:00:00,1273.99,30.9,78
2024-02-23 16:00:00,1105.82,31.2,87
2024-02-23 17:00:00,964.88,30.2,74
2024-02-23 18:00:00,973.05,30.0,68
2024-02-23 19:00:00,998.09,28.9,75
2024-02-23 20:00:00,894.25,25.7,65
2024-02-23 21:00:00,932.04,28.8,67
2024-02-23 22:00:00,925.83,24.8,92
2024-02-23 23:00:00,938.46,24.0,91
2024-02-24 00:00:00,784.46,24.1,93
2024-02-24 01:00:00,734.58,24.0,61
2024-02-24 02:00:00,735.16,25.8,72
2024-02-24 03:00:00,716.79,24.5,69
2024-02-24 04:00:00,673.93,25.2,66
2024-02-24 05:00:00,748.41,25.5,62
2024-02-24 06:00:00,756.2,26.3,86
2024-02-24 07:00:00,816.66,27.3,73
2024-02-24 08:00:00,966.12,25.7,89
2024-02-24 09:00:00,1027.67,28.7,93
2024-02-24 10:00:00,1159.84,31.4,82
2024-02-24 11:00:00,1227.44,35.6,76
2024-02-24 12:00:00,1290.37,30.0,74
2024-02-24 13:00:00,1244.39,32.4,66
2024-02-24 14:00:00,1158.0,31.3,62
2024-02-24 15:00:00,1087.78,34.3,68
2024-02-24 16:00:00,996.04,29.8,62
2024-02-24 17:00:00,862.69,31.6,94
2024-02-24 18:00:00,762.76,28.3,67
2024-02-24 19:00:00,667.86,28.7,85
2024-02-24 20:00:00,660.13,28.0,74
2024-02-24 21:00:00,694.95,28.2,64
2024-02-24 22:00:00,704.58,24.7,72
2024-02-24 23:00:00,738.32,26.0,74
2024-02-25 00:00:00,757.24,24.6,71
2024-02-25 01:00:00,766.24,24.5,94
2024-02-25 02:00:00,726.29,25.1,67
2024-02-25 03:00:00,725.52,22.6,69
2024-02-25 04:00:00,702.54,25.5,93
2024-02-25 05:00:00,647.52,24.5,67
2024-02-25 06:00:00,732.41,27.3,81
2024-02-25 07:00:00,841.04,27.4,71
2024-02-25 08:00:00,907.96,27.7,81
2024-02-25 09:00:00,1083.08,28.3,86
2024-02-25 10:00:00,1215.4,31.0,77
2024-02-25 11:00:00,1273.38,32.3,78
2024-02-25 12:00:00,1247.85,30.8,64
2024-02-25 13:00:00,1282.91,30.5,75
2024-02-25 14:00:00,1167.05,32.8,69
2024-02-25 15:00:00,1050.32,30.1,78
2024-02-25 16:00:00,928.88,29.9,60
2024-02-25 17:00:00,835.55,29.6,81
2024-02-25 18:00:00,751.77,29.5,76
2024-02-25 19:00:00,722.7,27.4,94
2024-02-25 20:00:00,705.99,25.7,68
2024-02-25 21:00:00,708.71,25.6,64
2024-02-25 22:00:00,744.17,26.8,68
2024-02-25 23:00:00,789.5,23.6,70
2024-02-26 00:00:00,991.48,24.1,73
2024-02-26 01:00:00,898.72,26.5,83
2024-02-26 02:00:00,842.36,23.9,79
2024-02-26 03:00:00,944.18,24.5,92
2024-02-26 04:00:00,855.42,23.4,63
2024-02-26 05:00:00,911.78,27.8,75
2024-02-26 06:00:00,927.32,25.4,84
2024-02-26 07:00:00,985.99,26.7,60
2024-02-26 08:00:00,1172.24,29.6,83
2024-02-26 09:00:00,1291.64,28.8,62
2024-02-26 10:00:00,1344.63,30.1,91
2024-02-26 11:00:00,1343.02,30.5,93
2024-02-26 12:00:00,1439.19,31.1,84
2024-02-26 13:00:00,1447.43,32.3,62
2024-02-26 14:00:00,1313.07,32.7,66
2024-02-26 15:00:00,1271.52,31.1,94
2024-02-26 16:00:00,1152.8,30.5,88
2024-02-26 17:00:00,1069.4,30.1,84
2024-02-26 18:00:00,972.53,28.3,87
2024-02-26 19:00:00,885.66,27.1,83
2024-02-26 20:00:00,945.24,28.4,64
2024-02-26 21:00:00,906.04,28.1,86
2024-02-26 22:00:00,930.91,27.0,69
2024-02-26 23:00:00,918.15,22.3,71
2024-02-27 00:00:00,945.73,24.2,77
2024-02-27 01:00:00,922.73,22.8,67
2024-02-27 02:00:00,928.7,24.2,89
2024-02-27 03:00:00,974.4,23.6,68
2024-02-27 04:00:00,858.25,25.2,84
2024-02-27 05:00:00,866.17,25.1,89
2024-02-27 06:00:00,1022.77,23.7,61
2024-02-27 07:00:00,1044.74,25.8,76
2024-02-27 08:00:00,1132.88,28.0,66
2024-02-27 09:00:00,1304.47,29.1,81
2024-02-27 10:00:00,1346.61,28.3,69
2024-02-27 11:00:00,1500.63,29.0,85
2024-02-27 12:00:00,1485.04,31.5,72
2024-02-27 13:00:00,1419.65,30.2,87
2024-02-27 14:00:00,1443.34,30.0,70
2024-02-27 15:00:00,1246.91,31.3,68
2024-02-27 16:00:00,1182.31,30.9,75
2024-02-27 17:00:00,1062.6,29.8,76
2024-02-27 18:00:00,1016.91,29.2,64
2024-02-27 19:00:00,977.38,29.1,64
2024-02-27 20:00:00,907.48,27.1,90
2024-02-27 21:00:00,888.22,27.0,61
2024-02-27 22:00:00,950.97,25.5,86
2024-02-27 23:00:00,930.1,25.4,78
2024-02-28 00:00:00,1034.74,25.6,84
2024-02-28 01:00:00,961.5,25.1,72
2024-02-28 02:00:00,924.99,25.5,88
2024-02-28 03:00:00,923.98,25.1,78
2024-02-28 04:00:00,862.15,24.8,94
2024-02-28 05:00:00,891.67,24.7,84
2024-02-28 06:00:00,1016.32,25.5,68
2024-02-28 07:00:00,1032.1,25.9,94
2024-02-28 08:00:00,1122.68,28.0,74
2024-02-28 09:00:00,1289.88,29.9,81
2024-02-28 10:00:00,1412.34,29.1,72
2024-02-28 11:00:00,1464.9,30.8,89
2024-02-28 12:00:00,1499.2,30.7,80
2024-02-28 13:00:00,1413.26,32.1,84
2024-02-28 14:00:00,1321.1,31.3,84
2024-02-28 15:00:00,1323.68,31.0,81
2024-02-28 16:00:00,1148.07,30.6,62
2024-02-28 17:00:00,1046.37,31.4,68
2024-02-28 18:00:00,1020.86,29.9,83
2024-02-28 19:00:00,945.22,28.5,91
2024-02-28 20:00:00,925.34,28.3,76
2024-02-28 21:00:00,993.39,26.5,83
2024-02-28 22:00:00,915.37,27.4,67
2024-02-28 23:00:00,989.32,24.0,65
2024-02-29 00:00:00,969.31,24.3,68
2024-02-29 01:00:00,969.17,22.5,74
2024-02-29 02:00:00,994.32,23.6,83
2024-02-29 03:00:00,938.33,22.1,70
2024-02-29 04:00:00,931.18,25.4,90
2024-02-29 05:00:00,966.26,26.1,72
2024-02-29 06:00:00,964.58,26.9,89
2024-02-29 07:00:00,1028.77,27.0,84
2024-02-29 08:00:00,1125.79,26.9,71
2024-02-29 09:00:00,1205.32,28.1,80
2024-02-29 10:00:00,1445.85,31.8,83
2024-02-29 11:00:00,1404.17,32.6,85
2024-02-29 12:00:00,1459.64,31.6,71
2024-02-29 13:00:00,1433.11,31.2,80
2024-02-29 14:00:00,1384.66,33.6,82
2024-02-29 15:00:00,1302.73,31.0,60
2024-02-29 16:00:00,1192.53,31.7,69
2024-02-29 17:00:00,1037.79,32.5,94
2024-02-29 18:00:00,971.57,29.0,87
2024-02-29 19:00:00,938.69,30.0,60
2024-02-29 20:00:00,903.73,28.6,67
2024-02-29 21:00:00,976.92,26.9,82
2024-02-29 22:00:00,958.12,24.8,79
2024-02-29 23:00:00,985.61,24.3,91
2024-03-01 00:00:00,993.58,24.9,82
2024-03-01 01:00:00,1003.9,22.4,66
2024-03-01 02:00:00,950.22,24.2,70
2024-03-01 03:00:00,878.23,24.8,67
2024-03-01 04:00:00,929.39,25.7,73
2024-03-01 05:00:00,908.98,23.5,73
2024-03-01 06:00:00,961.91,27.6,86
2024-03-01 07:00:00,1081.72,29.0,79
2024-03-01 08:00:00,1208.77,28.5,84
2024-03-01 09:00:00,1277.95,27.8,88
2024-03-01 10:00:00,1387.75,29.6,73
2024-03-01 11:00:00,1505.42,30.8,87
2024-03-01 12:00:00,1478.87,31.8,89
2024-03-01 13:00:00,1536.92,31.9,74
2024-03-01 14:00:00,1396.76,32.3,80
2024-03-01 15:00:00,1215.62,31.8,71
2024-03-01 16:00:00,1191.84,31.8,70
2024-03-01 17:00:00,1074.6,30.3,65
2024-03-01 18:00:00,1025.62,29.6,62
2024-03-01 19:00:00,955.42,28.3,74
2024-03-01 20:00:00,910.65,30.3,93
2024-03-01 21:00:00,880.87,28.7,63
2024-03-01 22:00:00,936.68,26.7,93
2024-03-01 23:00:00,933.18,26.8,65
2024-03-02 00:00:00,753.14,25.5,81
2024-03-02 01:00:00,786.51,24.4,91
2024-03-02 02:00:00,805.41,22.2,87
2024-03-02 03:00:00,740.51,23.8,85
2024-03-02 04:00:00,676.63,24.1,63
2024-03-02 05:00:00,750.42,23.8,69
2024-03-02 06:00:00,825.38,24.2,86
2024-03-02 07:00:00,842.94,27.6,79
2024-03-02 08:00:00,963.81,28.4,64
2024-03-02 09:00:00,1080.8,27.6,76
2024-03-02 10:00:00,1152.55,29.1,91
2024-03-02 11:00:00,1271.62,32.2,94
2024-03-02 12:00:00,1269.29,30.4,82
2024-03-02 13:00:00,1263.62,32.1,72
2024-03-02 14:00:00,1148.98,31.8,60
2024-03-02 15:00:00,1065.01,32.5,90
2024-03-02 16:00:00,993.83,30.4,78
2024-03-02 17:00:00,851.29,30.9,82
2024-03-02 18:00:00,844.01,30.2,93
2024-03-02 19:00:00,720.95,29.3,63
2024-03-02 20:00:00,726.44,28.1,93
2024-03-02 21:00:00,759.44,27.4,89
2024-03-02 22:00:00,697.44,28.6,69
2024-03-02 23:00:00,704.4,28.2,65
2024-03-03 00:00:00,723.16,23.8,71
2024-03-03 01:00:00,813.19,21.4,71
2024-03-03 02:00:00,730.75,24.7,77
2024-03-03 03:00:00,819.33,24.4,94
2024-03-03 04:00:00,701.83,25.8,84
2024-03-03 05:00:00,744.42,25.5,81
2024-03-03 06:00:00,840.56,26.1,89
2024-03-03 07:00:00,937.59,28.3,88
2024-03-03 08:00:00,1043.75,29.5,66
2024-03-03 09:00:00,1125.68,27.4,62
2024-03-03 10:00:00,1218.96,29.0,80
2024-03-03 11:00:00,1272.76,30.7,79
2024-03-03 12:00:00,1303.87,31.6,68
2024-03-03 13:00:00,1232.74,31.6,73
2024-03-03 14:00:00,1154.5,32.5,77
2024-03-03 15:00:00,1083.3,33.1,92
2024-03-03 16:00:00,965.69,33.5,61
2024-03-03 17:00:00,851.57,31.5,90
2024-03-03 18:00:00,811.03,29.0,81
2024-03-03 19:00:00,771.47,28.9,68
2024-03-03 20:00:00,724.76,27.9,79
2024-03-03 21:00:00,781.61,27.6,79
2024-03-03 22:00:00,710.22,26.5,60
2024-03-03 23:00:00,762.35,27.6,89
2024-03-04 00:00:00,954.58,24.0,78
2024-03-04 01:00:00,906.78,24.6,73
2024-03-04 02:00:00,950.28,26.8,60
2024-03-04 03:00:00,928.65,23.4,64
2024-03-04 04:00:00,977.66,24.7,69
2024-03-04 05:00:00,963.15,24.0,68
2024-03-04 06:00:00,953.85,26.1,73
2024-03-04 07:00:00,1135.38,26.0,77
2024-03-04 08:00:00,1217.45,29.3,84
2024-03-04 09:00:00,1306.87,29.2,90
2024-03-04 10:00:00,1378.3,28.9,94
2024-03-04 11:00:00,1421.55,31.8,86
2024-03-04 12:00:00,1466.71,31.7,81
2024-03-04 13:00:00,1493.25,33.0,70
2024-03-04 14:00:00,1452.21,30.6,69
2024-03-04 15:00:00,1340.54,32.3,67
2024-03-04 16:00:00,1157.65,32.4,87
2024-03-04 17:00:00,1031.36,30.3,82
2024-03-04 18:00:00,994.7,28.5,65
2024-03-04 19:00:00,879.25,29.0,73
2024-03-04 20:00:00,936.09,29.5,83
2024-03-04 21:00:00,927.84,28.3,68
2024-03-04 22:00:00,936.97,25.5,84
2024-03-04 23:00:00,916.42,23.6,89
2024-03-05 00:00:00,1000.77,24.0,81
2024-03-05 01:00:00,956.59,23.6,61
2024-03-05 02:00:00,915.35,24.5,84
2024-03-05 03:00:00,835.5,24.0,83
2024-03-05 04:00:00,926.85,23.6,62
2024-03-05 05:00:00,1006.22,26.5,85
2024-03-05 06:00:00,1050.97,26.2,89
2024-03-05 07:00:00,1057.62,27.5,88
2024-03-05 08:00:00,1156.76,25.9,66
2024-03-05 09:00:00,1306.03,26.1,68
2024-03-05 10:00:00,1354.41,28.3,89
2024-03-05 11:00:00,1468.82,30.3,75
2024-03-05 12:00:00,1509.67,32.2,73
2024-03-05 13:00:00,1501.21,29.1,85
2024-03-05 14:00:00,1385.87,33.9,69
2024-03-05 15:00:00,1282.53,32.1,89
2024-03-05 16:00:00,1147.15,33.1,81
2024-03-05 17:00:00,1044.73,29.8,89
2024-03-05 18:00:00,984.97,30.6,91
2024-03-05 19:00:00,957.13,29.1,73
2024-03-05 20:00:00,959.88,29.0,82
2024-03-05 21:00:00,908.02,26.7,76
2024-03-05 22:00:00,1008.66,26.6,88
2024-03-05 23:00:00,965.88,26.5,83
2024-03-06 00:00:00,985.18,23.8,70
2024-03-06 01:00:00,952.23,24.4,74
2024-03-06 02:00:00,874.59,21.7,81
2024-03-06 03:00:00,970.11,25.0,86
2024-03-06 04:00:00,956.74,26.9,93
2024-03-06 05:00:00,937.49,23.7,92
2024-03-06 06:00:00,998.31,25.9,80
2024-03-06 07:00:00,1094.81,28.0,83
2024-03-06 08:00:00,1126.29,28.0,79
2024-03-06 09:00:00,1274.24,29.2,63
2024-03-06 10:00:00,1420.29,29.5,92
2024-03-06 11:00:00,1417.5,30.3,90
2024-03-06 12:00:00,1496.27,31.4,93
2024-03-06 13:00:00,1413.93,31.9,81
2024-03-06 14:00:00,1408.84,30.6,89
2024-03-06 15:00:00,1291.55,31.8,64
2024-03-06 16:00:00,1124.49,33.3,82
2024-03-06 17:00:00,1117.58,30.3,72
2024-03-06 18:00:00,970.32,28.5,68
2024-03-06 19:00:00,919.05,28.9,73
2024-03-06 20:00:00,938.07,27.1,76
2024-03-06 21:00:00,979.48,25.4,94
2024-03-06 22:00:00,924.0,26.2,77
2024-03-06 23:00:00,980.66,24.3,71
2024-03-07 00:00:00,1004.09,23.8,75
2024-03-07 01:00:00,1005.79,24.3,89
2024-03-07 02:00:00,968.76,22.2,72
2024-03-07 03:00:00,929.48,22.0,77
2024-03-07 04:00:00,905.14,25.3,71
2024-03-07 05:00:00,953.5,22.9,93
2024-03-07 06:00:00,961.59,24.8,92
2024-03-07 07:00:00,977.66,24.8,65
2024-03-07 08:00:00,1199.41,27.4,77
2024-03-07 09:00:00,1327.55,29.5,62
2024-03-07 10:00:00,1312.94,30.1,65
2024-03-07 11:00:00,1429.21,33.7,81
2024-03-07 12:00:00,1510.82,32.8,66
2024-03-07 13:00:00,1536.57,30.7,89
2024-03-07 14:00:00,1396.4,30.6,61
2024-03-07 15:00:00,1270.47,35.1,91
2024-03-07 16:00:00,1177.77,32.7,74
2024-03-07 17:00:00,1128.08,31.5,81
2024-03-07 18:00:00,976.58,30.1,67
2024-03-07 19:00:00,922.59,29.4,67
2024-03-07 20:00:00,917.3,26.2,79
2024-03-07 21:00:00,909.06,27.2,67
2024-03-07 22:00:00,967.0,26.1,73
2024-03-07 23:00:00,1038.52,24.1,79
2024-03-08 00:00:00,1003.56,23.9,94
2024-03-08 01:00:00,975.86,26.0,84
2024-03-08 02:00:00,955.54,23.8,77
2024-03-08 03:00:00,890.78,26.6,80
2024-03-08 04:00:00,968.18,22.4,90
2024-03-08 05:00:00,950.92,24.5,65
2024-03-08 06:00:00,995.96,24.1,79
2024-03-08 07:00:00,1194.83,25.5,87
2024-03-08 08:00:00,1197.75,27.0,85
2024-03-08 09:00:00,1272.76,29.4,72
2024-03-08 10:00:00,1383.89,30.3,63
2024-03-08 11:00:00,1507.91,30.0,93
2024-03-08 12:00:00,1496.28,28.8,93
2024-03-08 13:00:00,1417.39,33.6,75
2024-03-08 14:00:00,1431.01,31.7,82
2024-03-08 15:00:00,1275.72,30.5,82
2024-03-08 16:00:00,1252.9,31.8,74
2024-03-08 17:00:00,1120.93,31.1,84
2024-03-08 18:00:00,986.69,29.6,88
2024-03-08 19:00:00,998.56,29.2,74
2024-03-08 20:00:00,939.74,26.6,94
2024-03-08 21:00:00,975.44,27.9,87
2024-03-08 22:00:00,982.83,24.8,89
2024-03-08 23:00:00,955.2,24.4,66
2024-03-09 00:00:00,772.9,25.3,63
2024-03-09 01:00:00,823.92,25.6,66
2024-03-09 02:00:00,757.21,25.9,92
2024-03-09 03:00:00,734.53,25.4,77
2024-03-09 04:00:00,707.02,24.1,74
2024-03-09 05:00:00,771.65,23.3,94
2024-03-09 06:00:00,877.64,27.7,64
2024-03-09 07:00:00,848.88,28.6,82
2024-03-09 08:00:00,991.32,27.2,69
2024-03-09 09:00:00,1151.68,30.1,84
2024-03-09 10:00:00,1199.2,29.6,81
2024-03-09 11:00:00,1286.72,32.6,90
2024-03-09 12:00:00,1258.31,30.8,82
2024-03-09 13:00:00,1285.89,34.2,87
2024-03-09 14:00:00,1195.46,32.9,74
2024-03-09 15:00:00,1136.78,34.0,66
2024-03-09 16:00:00,1032.07,30.9,74
2024-03-09 17:00:00,976.94,31.3,64
2024-03-09 18:00:00,825.81,28.8,71
2024-03-09 19:00:00,768.31,30.0,72
2024-03-09 20:00:00,747.34,29.1,62
2024-03-09 21:00:00,736.4,29.8,78
2024-03-09 22:00:00,780.89,26.6,85
2024-03-09 23:00:00,777.66,26.0,89
2024-03-10 00:00:00,804.5,24.0,87
2024-03-10 01:00:00,837.17,24.8,74
2024-03-10 02:00:00,736.88,23.5,77
2024-03-10 03:00:00,791.74,24.3,66
2024-03-10 04:00:00,789.73,24.7,73
2024-03-10 05:00:00,755.88,24.7,83
2024-03-10 06:00:00,734.38,26.1,83
2024-03-10 07:00:00,868.15,26.5,70
2024-03-10 08:00:00,1039.05,27.5,69
2024-03-10 09:00:00,1104.63,30.3,92
2024-03-10 10:00:00,1170.19,30.2,79
2024-03-10 11:00:00,1256.41,31.2,81
2024-03-10 12:00:00,1328.1,29.7,94
2024-03-10 13:00:00,1293.22,32.4,87
2024-03-10 14:00:00,1196.83,32.6,89
2024-03-10 15:00:00,1092.63,31.4,65
2024-03-10 16:00:00,979.99,34.0,60
2024-03-10 17:00:00,857.2,28.1,63
2024-03-10 18:00:00,865.25,30.9,84
2024-03-10 19:00:00,748.81,29.9,70
2024-03-10 20:00:00,786.32,28.6,71
2024-03-10 21:00:00,805.2,27.2,88
2024-03-10 22:00:00,807.17,26.7,93
2024-03-10 23:00:00,776.07,26.2,77
2024-03-11 00:00:00,1015.93,23.7,68
2024-03-11 01:00:00,993.4,24.5,71
2024-03-11 02:00:00,943.68,23.8,68
2024-03-11 03:00:00,966.39,22.8,60
2024-03-11 04:00:00,905.56,25.4,66
2024-03-11 05:00:00,1004.77,24.5,93
2024-03-11 06:00:00,995.57,24.2,91
2024-03-11 07:00:00,1099.66,26.3,87
2024-03-11 08:00:00,1206.76,27.0,85
2024-03-11 09:00:00,1299.57,30.3,73
2024-03-11 10:00:00,1428.9,30.2,90
2024-03-11 11:00:00,1460.65,32.5,75
2024-03-11 12:00:00,1532.36,30.7,70
2024-03-11 13:00:00,1430.17,32.9,70
2024-03-11 14:00:00,1412.81,35.4,71
2024-03-11 15:00:00,1376.53,32.3,68
2024-03-11 16:00:00,1161.88,32.5,81
2024-03-11 17:00:00,1068.96,31.7,68
2024-03-11 18:00:00,1029.89,28.3,62
2024-03-11 19:00:00,969.57,29.7,94
2024-03-11 20:00:00,959.19,28.4,89
2024-03-11 21:00:00,972.27,26.7,85
2024-03-11 22:00:00,997.64,24.9,67
2024-03-11 23:00:00,1033.21,26.0,91
2024-03-12 00:00:00,1019.35,23.4,81
2024-03-12 01:00:00,989.01,26.7,67
2024-03-12 02:00:00,1002.05,24.1,61
2024-03-12 03:00:00,1024.74,22.7,73
2024-03-12 04:00:00,945.38,23.9,64
2024-03-12 05:00:00,932.3,24.8,72
2024-03-12 06:00:00,1053.79,28.9,82
2024-03-12 07:00:00,1091.61,25.9,72
2024-03-12 08:00:00,1124.01,27.9,78
2024-03-12 09:00:00,1341.49,28.4,83
2024-03-12 10:00:00,1392.83,30.6,94
2024-03-12 11:00:00,1477.3,30.2,73
2024-03-12 12:00:00,1516.69,30.1,63
2024-03-12 13:00:00,1487.15,31.6,85
2024-03-12 14:00:00,1436.42,31.6,69
2024-03-12 15:00:00,1296.62,31.2,93
2024-03-12 16:00:00,1218.05,30.8,93
2024-03-12 17:00:00,1086.8,32.3,78
2024-03-12 18:00:00,1040.96,29.6,62
2024-03-12 19:00:00,988.02,27.7,63
2024-03-12 20:00:00,917.38,27.4,85
2024-03-12 21:00:00,996.36,27.0,70
2024-03-12 22:00:00,959.86,24.4,62
2024-03-12 23:00:00,1025.86,27.1,68
2024-03-13 00:00:00,1021.07,25.6,61
2024-03-13 01:00:00,1065.0,25.9,73
2024-03-13 02:00:00,973.9,24.5,62
2024-03-13 03:00:00,949.23,21.6,61
2024-03-13 04:00:00,952.56,26.4,81
2024-03-13 05:00:00,959.0,24.1,88
2024-03-13 06:00:00,1046.24,25.1,92
2024-03-13 07:00:00,1042.46,27.2,69
2024-03-13 08:00:00,1166.38,29.7,80
2024-03-13 09:00:00,1277.67,30.3,90
2024-03-13 10:00:00,1448.04,31.1,94
2024-03-13 11:00:00,1543.55,30.5,62
2024-03-13 12:00:00,1504.63,31.1,78
2024-03-13 13:00:00,1477.78,32.3,81
2024-03-13 14:00:00,1417.25,31.8,79
2024-03-13 15:00:00,1355.74,32.9,78
2024-03-13 16:00:00,1170.85,32.5,63
2024-03-13 17:00:00,1107.43,31.5,91
2024-03-13 18:00:00,1052.45,27.0,67
2024-03-13 19:00:00,987.23,29.2,85
2024-03-13 20:00:00,959.96,27.9,60
2024-03-13 21:00:00,996.59,27.2,85
2024-03-13 22:00:00,887.22,25.1,68
2024-03-13 23:00:00,1024.51,23.6,94
2024-03-14 00:00:00,988.54,25.1,77
2024-03-14 01:00:00,939.8,23.7,78
2024-03-14 02:00:00,1002.83,24.7,75
2024-03-14 03:00:00,1012.75,23.3,87
2024-03-14 04:00:00,951.64,26.2,62
2024-03-14 05:00:00,1006.18,26.4,77
2024-03-14 06:00:00,1077.89,26.4,72
2024-03-14 07:00:00,1148.27,26.7,86
2024-03-14 08:00:00,1263.87,29.0,83
2024-03-14 09:00:00,1344.23,29.5,88
2024-03-14 10:00:00,1420.63,30.3,81
2024-03-14 11:00:00,1430.83,32.1,85
2024-03-14 12:00:00,1502.88,33.2,79
2024-03-14 13:00:00,1457.39,30.4,83
2024-03-14 14:00:00,1494.0,30.7,71
2024-03-14 15:00:00,1312.13,30.9,77
2024-03-14 16:00:00,1210.83,29.7,71
2024-03-14 17:00:00,1121.61,30.8,91
2024-03-14 18:00:00,1023.06,30.7,82
2024-03-14 19:00:00,1032.24,29.0,63
2024-03-14 20:00:00,934.75,27.4,71
2024-03-14 21:00:00,971.58,28.3,76
2024-03-14 22:00:00,959.06,26.2,80
2024-03-14 23:00:00,957.8,25.6,88
2024-03-15 00:00:00,993.24,25.9,65
2024-03-15 01:00:00,1005.8,24.0,87
2024-03-15 02:00:00,973.13,26.5,67
2024-03-15 03:00:00,943.66,23.6,90
2024-03-15 04:00:00,910.45,26.9,79
2024-03-15 05:00:00,973.14,24.0,75
2024-03-15 06:00:00,972.02,26.6,72
2024-03-15 07:00:00,1132.07,26.2,74
2024-03-15 08:00:00,1212.58,29.3,72
2024-03-15 09:00:00,1270.46,28.5,61
2024-03-15 10:00:00,1410.39,30.3,79
2024-03-15 11:00:00,1463.79,30.0,87
2024-03-15 12:00:00,1525.89,32.6,77
2024-03-15 13:00:00,1537.04,31.1,66
2024-03-15 14:00:00,1355.61,34.0,80
2024-03-15 15:00:00,1325.54,30.7,68
2024-03-15 16:00:00,1204.14,29.8,69
2024-03-15 17:00:00,1129.03,32.0,90
2024-03-15 18:00:00,1032.21,29.3,72
2024-03-15 19:00:00,949.81,29.0,64
2024-03-15 20:00:00,948.6,27.6,61
2024-03-15 21:00:00,940.13,25.4,65
2024-03-15 22:00:00,1025.93,25.9,72
2024-03-15 23:00:00,1007.97,26.7,88
2024-03-16 00:00:00,884.42,25.7,73
2024-03-16 01:00:00,808.2,24.4,89
2024-03-16 02:00:00,766.59,25.3,84
2024-03-16 03:00:00,718.14,22.9,94
2024-03-16 04:00:00,699.79,24.1,66
2024-03-16 05:00:00,723.83,25.6,77
2024-03-16 06:00:00,837.26,25.8,67
2024-03-16 07:00:00,926.5,26.7,66
2024-03-16 08:00:00,957.58,26.6,93
2024-03-16 09:00:00,1156.03,26.5,69
2024-03-16 10:00:00,1207.53,31.0,88
2024-03-16 11:00:00,1298.48,31.1,75
2024-03-16 12:00:00,1374.37,32.5,84
2024-03-16 13:00:00,1324.74,31.3,88
2024-03-16 14:00:00,1215.06,31.1,67
2024-03-16 15:00:00,1093.55,31.9,79
2024-03-16 16:00:00,937.65,32.5,86
2024-03-16 17:00:00,883.58,30.6,72
2024-03-16 18:00:00,820.59,31.0,85
2024-03-16 19:00:00,744.81,27.8,84
2024-03-16 20:00:00,758.4,27.8,87
2024-03-16 21:00:00,773.91,26.9,68
2024-03-16 22:00:00,783.63,27.5,85
2024-03-16 23:00:00,787.7,25.4,71
2024-03-17 00:00:00,827.01,26.6,85
2024-03-17 01:00:00,829.02,22.5,81
2024-03-17 02:00:00,756.45,24.2,60
2024-03-17 03:00:00,823.73,24.4,71
2024-03-17 04:00:00,762.68,25.3,83
2024-03-17 05:00:00,783.17,24.2,89
2024-03-17 06:00:00,855.93,28.0,73
2024-03-17 07:00:00,920.09,27.0,82
2024-03-17 08:00:00,1049.51,26.7,61
2024-03-17 09:00:00,1137.98,29.0,62
2024-03-17 10:00:00,1206.23,29.6,65
2024-03-17 11:00:00,1309.23,34.2,78
2024-03-17 12:00:00,1281.14,32.7,80
2024-03-17 13:00:00,1300.38,31.9,79
2024-03-17 14:00:00,1226.53,31.9,80
2024-03-17 15:00:00,1120.68,33.0,63
2024-03-17 16:00:00,1011.7,32.7,84
2024-03-17 17:00:00,846.12,27.3,66
2024-03-17 18:00:00,812.0,30.8,66
2024-03-17 19:00:00,785.84,29.1,92
2024-03-17 20:00:00,771.81,26.4,85
2024-03-17 21:00:00,738.48,28.0,76
2024-03-17 22:00:00,839.02,28.7,67
2024-03-17 23:00:00,783.36,25.8,85
2024-03-18 00:00:00,1058.27,25.9,74
2024-03-18 01:00:00,1031.74,26.3,79
2024-03-18 02:00:00,975.23,23.0,78
2024-03-18 03:00:00,1039.71,21.9,66
2024-03-18 04:00:00,927.58,25.3,60
2024-03-18 05:00:00,1017.91,24.9,77
2024-03-18 06:00:00,1069.39,24.4,67
2024-03-18 07:00:00,1091.69,26.9,74
2024-03-18 08:00:00,1268.12,28.9,65
2024-03-18 09:00:00,1322.41,28.9,81
2024-03-18 10:00:00,1441.01,29.1,70
2024-03-18 11:00:00,1508.92,30.6,85
2024-03-18 12:00:00,1519.71,31.4,67
2024-03-18 13:00:00,1528.2,29.5,68
2024-03-18 14:00:00,1458.7,31.8,72
2024-03-18 15:00:00,1270.0,30.3,62
2024-03-18 16:00:00,1265.08,32.3,62
2024-03-18 17:00:00,1057.03,29.0,66
2024-03-18 18:00:00,1070.58,31.2,62
2024-03-18 19:00:00,1025.25,28.5,70
2024-03-18 20:00:00,931.27,27.3,87
2024-03-18 21:00:00,963.3,27.3,90
2024-03-18 22:00:00,959.26,25.0,68
2024-03-18 23:00:00,1009.39,25.5,86
2024-03-19 00:00:00,1016.79,23.7,71
2024-03-19 01:00:00,1047.31,23.5,67
2024-03-19 02:00:00,1046.94,24.5,81
2024-03-19 03:00:00,1029.66,22.8,77
2024-03-19 04:00:00,952.92,23.0,89
2024-03-19 05:00:00,981.65,25.5,70
2024-03-19 06:00:00,978.69,26.0,61
2024-03-19 07:00:00,1090.19,27.2,88
2024-03-19 08:00:00,1256.39,28.4,85
2024-03-19 09:00:00,1390.95,29.1,73
2024-03-19 10:00:00,1390.93,30.7,87
2024-03-19 11:00:00,1482.3,30.9,94
2024-03-19 12:00:00,1526.72,29.1,65
2024-03-19 13:00:00,1512.86,29.8,71
2024-03-19 14:00:00,1405.82,34.3,93
2024-03-19 15:00:00,1349.28,31.9,65
2024-03-19 16:00:00,1206.08,32.6,67
2024-03-19 17:00:00,1117.95,30.4,92
2024-03-19 18:00:00,1056.8,29.9,90
2024-03-19 19:00:00,989.28,28.5,93
2024-03-19 20:00:00,957.41,31.0,70
2024-03-19 21:00:00,977.08,27.3,63
2024-03-19 22:00:00,998.1,25.4,76
2024-03-19 23:00:00,1007.19,23.2,75
2024-03-20 00:00:00,1021.75,26.9,89
2024-03-20 01:00:00,1079.21,23.9,64
2024-03-20 02:00:00,1023.94,24.9,85
2024-03-20 03:00:00,973.71,25.2,87
2024-03-20 04:00:00,1000.22,24.0,78
2024-03-20 05:00:00,980.52,26.0,80
2024-03-20 06:00:00,1081.9,25.3,87
2024-03-20 07:00:00,1134.57,25.8,78
2024-03-20 08:00:00,1222.1,29.4,70
2024-03-20 09:00:00,1353.31,28.8,78
2024-03-20 10:00:00,1382.39,30.6,64
2024-03-20 11:00:00,1466.84,31.3,61
2024-03-20 12:00:00,1489.09,32.2,84
2024-03-20 13:00:00,1511.29,30.0,85
2024-03-20 14:00:00,1498.03,31.3,89
2024-03-20 15:00:00,1415.77,31.5,76
2024-03-20 16:00:00,1248.23,30.5,80
2024-03-20 17:00:00,1139.22,31.3,79
2024-03-20 18:00:00,977.87,31.4,77
2024-03-20 19:00:00,973.29,30.6,75
2024-03-20 20:00:00,948.35,27.6,87
2024-03-20 21:00:00,962.42,27.3,71
2024-03-20 22:00:00,998.54,26.5,65
2024-03-20 23:00:00,1006.86,25.9,83
2024-03-21 00:00:00,964.77,23.5,65
2024-03-21 01:00:00,1052.67,26.3,76
2024-03-21 02:00:00,970.0,25.1,78
2024-03-21 03:00:00,995.66,25.3,87
2024-03-21 04:00:00,1051.66,26.0,88
2024-03-21 05:00:00,963.27,25.8,66
2024-03-21 06:00:00,955.52,24.8,78
2024-03-21 07:00:00,1114.85,26.8,67
2024-03-21 08:00:00,1267.62,26.0,67
2024-03-21 09:00:00,1409.41,29.5,64
2024-03-21 10:00:00,1397.57,29.8,93
2024-03-21 11:00:00,1526.89,30.8,80
2024-03-21 12:00:00,1517.83,32.9,63
2024-03-21 13:00:00,1505.81,31.3,64
2024-03-21 14:00:00,1533.18,31.7,82
2024-03-21 15:00:00,1288.3,31.9,78
2024-03-21 16:00:00,1238.02,29.3,74
2024-03-21 17:00:00,1141.29,30.5,73
2024-03-21 18:00:00,1082.15,27.0,67
2024-03-21 19:00:00,998.95,28.3,68
2024-03-21 20:00:00,989.94,29.0,70
2024-03-21 21:00:00,973.68,27.5,77
2024-03-21 22:00:00,1017.08,25.3,91
2024-03-21 23:00:00,1014.6,25.2,80
2024-03-22 00:00:00,1059.03,23.2,86
2024-03-22 01:00:00,1016.79,24.1,80
2024-03-22 02:00:00,1023.98,27.5,70
2024-03-22 03:00:00,989.49,26.4,93
2024-03-22 04:00:00,1021.71,24.6,64
2024-03-22 05:00:00,996.88,25.4,87
2024-03-22 06:00:00,985.26,24.8,69
2024-03-22 07:00:00,1172.27,26.0,71
2024-03-22 08:00:00,1200.62,28.4,62
2024-03-22 09:00:00,1321.22,28.4,60
2024-03-22 10:00:00,1422.99,31.1,60
2024-03-22 11:00:00,1560.85,32.7,72
2024-03-22 12:00:00,1462.6,31.9,74
2024-03-22 13:00:00,1622.58,32.0,66
2024-03-22 14:00:00,1480.83,30.0,89
2024-03-22 15:00:00,1351.95,32.8,83
2024-03-22 16:00:00,1230.45,30.1,67
2024-03-22 17:00:00,1138.15,30.3,62
2024-03-22 18:00:00,1065.62,31.2,74
2024-03-22 19:00:00,1021.34,30.3,73
2024-03-22 20:00:00,1001.84,27.4,86
2024-03-22 21:00:00,993.76,26.5,89
2024-03-22 22:00:00,1003.99,25.2,65
2024-03-22 23:00:00,1024.56,23.7,78
2024-03-23 00:00:00,833.69,23.8,60
2024-03-23 01:00:00,872.64,22.2,84
2024-03-23 02:00:00,834.79,24.8,69
2024-03-23 03:00:00,690.84,24.6,85
2024-03-23 04:00:00,808.49,25.2,82
2024-03-23 05:00:00,808.73,24.0,76
2024-03-23 06:00:00,849.89,24.6,89
2024-03-23 07:00:00,917.73,27.0,86
2024-03-23 08:00:00,1074.9,28.1,70
2024-03-23 09:00:00,1180.5,28.9,63
2024-03-23 10:00:00,1220.02,29.7,77
2024-03-23 11:00:00,1330.22,32.9,78
2024-03-23 12:00:00,1306.57,32.0,85
2024-03-23 13:00:00,1267.7,34.2,60
2024-03-23 14:00:00,1225.16,33.5,79
2024-03-23 15:00:00,1177.56,33.9,70
2024-03-23 16:00:00,1068.96,30.2,84
2024-03-23 17:00:00,949.35,31.5,78
2024-03-23 18:00:00,875.99,29.5,91
2024-03-23 19:00:00,820.06,27.0,60
2024-03-23 20:00:00,763.17,29.8,60
2024-03-23 21:00:00,808.97,26.6,62
2024-03-23 22:00:00,842.14,24.7,91
2024-03-23 23:00:00,859.48,24.7,67
2024-03-24 00:00:00,885.35,23.6,89
2024-03-24 01:00:00,860.98,23.3,93
2024-03-24 02:00:00,829.55,23.7,67
2024-03-24 03:00:00,834.44,26.2,84
2024-03-24 04:00:00,787.83,23.7,85
2024-03-24 05:00:00,774.27,27.2,86
2024-03-24 06:00:00,848.07,27.0,78
2024-03-24 07:00:00,908.49,27.4,82
2024-03-24 08:00:00,1015.15,28.9,75
2024-03-24 09:00:00,1145.51,29.1,67
2024-03-24 10:00:00,1222.57,31.5,89
2024-03-24 11:00:00,1308.43,31.5,67
2024-03-24 12:00:00,1277.53,29.5,70
2024-03-24 13:00:00,1326.68,32.2,66
2024-03-24 14:00:00,1250.37,32.9,80
2024-03-24 15:00:00,1122.0,31.5,93
2024-03-24 16:00:00,1061.9,31.6,80
2024-03-24 17:00:00,967.43,30.1,64
2024-03-24 18:00:00,797.58,28.3,76
2024-03-24 19:00:00,778.52,27.2,80
2024-03-24 20:00:00,761.93,26.2,65
2024-03-24 21:00:00,764.19,27.8,66
2024-03-24 22:00:00,846.39,23.0,70
2024-03-24 23:00:00,829.53,24.4,77
2024-03-25 00:00:00,1037.71,23.6,71
2024-03-25 01:00:00,969.28,23.8,81
2024-03-25 02:00:00,1042.71,21.8,62
2024-03-25 03:00:00,956.83,24.6,78
2024-03-25 04:00:00,994.09,23.0,82
2024-03-25 05:00:00,1018.07,26.5,93
2024-03-25 06:00:00,1104.62,25.3,62
2024-03-25 07:00:00,1091.98,26.8,82
2024-03-25 08:00:00,1136.33,28.0,64
2024-03-25 09:00:00,1360.23,29.3,88
2024-03-25 10:00:00,1516.55,30.0,93
2024-03-25 11:00:00,1565.8,30.3,64
2024-03-25 12:00:00,1554.37,31.9,88
2024-03-25 13:00:00,1505.24,32.4,83
2024-03-25 14:00:00,1481.8,31.1,80
2024-03-25 15:00:00,1319.75,32.4,91
2024-03-25 16:00:00,1258.73,32.9,64
2024-03-25 17:00:00,1155.54,31.7,77
2024-03-25 18:00:00,1094.18,31.1,94
2024-03-25 19:00:00,1105.03,29.2,75
2024-03-25 20:00:00,1005.81,26.9,94
2024-03-25 21:00:00,982.49,26.0,83
2024-03-25 22:00:00,1019.69,26.4,64
2024-03-25 23:00:00,977.62,26.3,68
2024-03-26 00:00:00,1025.87,27.9,63
2024-03-26 01:00:00,1028.31,25.3,92
2024-03-26 02:00:00,1005.35,22.6,86
2024-03-26 03:00:00,1008.76,23.2,81
2024-03-26 04:00:00,966.42,27.3,70
2024-03-26 05:00:00,1050.82,24.9,64
2024-03-26 06:00:00,1060.23,26.1,69
2024-03-26 07:00:00,1140.68,25.8,62
2024-03-26 08:00:00,1233.76,29.9,74
2024-03-26 09:00:00,1362.45,29.6,76
2024-03-26 10:00:00,1485.63,29.1,79
2024-03-26 11:00:00,1495.3,29.6,63
2024-03-26 12:00:00,1527.22,31.8,93
2024-03-26 13:00:00,1515.04,31.9,93
2024-03-26 14:00:00,1409.67,33.0,90
2024-03-26 15:00:00,1328.38,32.5,93
2024-03-26 16:00:00,1228.61,31.1,62
2024-03-26 17:00:00,1171.67,30.2,87
2024-03-26 18:00:00,1069.48,29.8,88
2024-03-26 19:00:00,1018.44,28.4,74
2024-03-26 20:00:00,1025.08,27.8,94
2024-03-26 21:00:00,998.72,27.0,69
2024-03-26 22:00:00,1037.47,24.9,76
2024-03-26 23:00:00,1039.15,25.9,89
2024-03-27 00:00:00,1062.69,24.1,67
2024-03-27 01:00:00,1025.45,23.1,82
2024-03-27 02:00:00,941.55,23.6,78
2024-03-27 03:00:00,1001.94,24.4,63
2024-03-27 04:00:00,1048.22,24.6,85
2024-03-27 05:00:00,1047.22,25.7,86
2024-03-27 06:00:00,1097.23,27.1,72
2024-03-27 07:00:00,1187.49,28.5,93
2024-03-27 08:00:00,1251.55,28.3,92
2024-03-27 09:00:00,1367.14,27.8,85
2024-03-27 10:00:00,1438.35,29.7,79
2024-03-27 11:00:00,1517.81,29.6,67
2024-03-27 12:00:00,1575.02,33.5,75
2024-03-27 13:00:00,1571.02,34.2,64
2024-03-27 14:00:00,1455.11,32.8,93
2024-03-27 15:00:00,1344.51,32.9,86
2024-03-27 16:00:00,1248.51,31.8,63
2024-03-27 17:00:00,1165.32,31.3,66
2024-03-27 18:00:00,1012.97,28.1,83
2024-03-27 19:00:00,934.52,28.9,74
2024-03-27 20:00:00,979.25,26.9,65
2024-03-27 21:00:00,964.02,27.3,85
2024-03-27 22:00:00,1009.24,25.9,85
2024-03-27 23:00:00,1040.8,27.5,84
2024-03-28 00:00:00,1040.75,25.6,92
2024-03-28 01:00:00,1099.9,24.5,62
2024-03-28 02:00:00,1041.55,23.7,68
2024-03-28 03:00:00,1020.37,26.1,89
2024-03-28 04:00:00,1023.41,24.5,86
2024-03-28 05:00:00,978.15,25.6,72
2024-03-28 06:00:00,1103.02,26.1,82
2024-03-28 07:00:00,1144.78,26.5,62
2024-03-28 08:00:00,1275.12,28.0,82
2024-03-28 09:00:00,1325.93,26.7,94
2024-03-28 10:00:00,1408.79,28.1,83
2024-03-28 11:00:00,1560.71,31.2,71
2024-03-28 12:00:00,1569.86,33.3,79
2024-03-28 13:00:00,1500.52,32.3,77
2024-03-28 14:00:00,1432.76,31.1,66
2024-03-28 15:00:00,1402.86,30.1,85
2024-03-28 16:00:00,1210.07,32.4,71
2024-03-28 17:00:00,1204.98,30.1,93
2024-03-28 18:00:00,1035.19,30.8,91
2024-03-28 19:00:00,1040.44,29.5,89
2024-03-28 20:00:00,990.22,28.6,61
2024-03-28 21:00:00,1031.07,27.0,67
2024-03-28 22:00:00,1011.19,26.5,92
2024-03-28 23:00:00,1043.49,25.0,89
2024-03-29 00:00:00,1061.25,23.8,87
2024-03-29 01:00:00,1017.19,23.0,72
2024-03-29 02:00:00,1059.25,21.1,83
2024-03-29 03:00:00,995.09,23.9,92
2024-03-29 04:00:00,996.84,26.4,64
2024-03-29 05:00:00,986.41,26.0,65
2024-03-29 06:00:00,980.17,26.3,63
2024-03-29 07:00:00,1143.95,26.1,93
2024-03-29 08:00:00,1339.3,29.2,88
2024-03-29 09:00:00,1394.1,28.9,80
2024-03-29 10:00:00,1465.7,31.9,85
2024-03-29 11:00:00,1526.08,29.7,91
2024-03-29 12:00:00,1560.67,30.6,81
2024-03-29 13:00:00,1554.44,30.8,73
2024-03-29 14:00:00,1425.07,30.2,93
2024-03-29 15:00:00,1405.68,30.7,60
2024-03-29 16:00:00,1279.94,31.6,91
2024-03-29 17:00:00,1175.83,30.0,91
2024-03-29 18:00:00,1085.26,25.4,83
2024-03-29 19:00:00,1021.98,30.3,80
2024-03-29 20:00:00,1028.48,26.0,71
2024-03-29 21:00:00,1033.87,27.7,79
2024-03-29 22:00:00,1021.04,26.0,79
2024-03-29 23:00:00,1032.31,27.7,61
2024-03-30 00:00:00,866.57,25.7,73
2024-03-30 01:00:00,909.67,23.5,76
2024-03-30 02:00:00,793.14,23.2,83
2024-03-30 03:00:00,764.89,25.9,89
2024-03-30 04:00:00,813.8,22.8,74
2024-03-30 05:00:00,826.19,25.4,93
2024-03-30 06:00:00,879.11,25.8,67
2024-03-30 07:00:00,962.37,26.6,62
2024-03-30 08:00:00,1050.24,28.4,70
2024-03-30 09:00:00,1221.98,29.3,86
2024-03-30 10:00:00,1213.54,30.5,68
2024-03-30 11:00:00,1309.48,31.0,74
2024-03-30 12:00:00,1359.46,32.0,91
2024-03-30 13:00:00,1280.98,32.0,70
2024-03-30 14:00:00,1263.44,31.2,62
2024-03-30 15:00:00,1228.02,31.9,85
2024-03-30 16:00:00,1058.83,30.6,66
2024-03-30 17:00:00,961.96,29.9,87
2024-03-30 18:00:00,829.01,29.6,63
2024-03-30 19:00:00,802.92,28.9,89
2024-03-30 20:00:00,794.99,28.0,73
2024-03-30 21:00:00,805.23,28.1,90
2024-03-30 22:00:00,881.49,25.4,78
2024-03-30 23:00:00,875.1,25.4,71
2024-03-31 00:00:00,827.29,24.7,74
2024-03-31 01:00:00,867.27,23.4,68
2024-03-31 02:00:00,857.14,24.1,86
2024-03-31 03:00:00,859.34,25.3,79
2024-03-31 04:00:00,866.54,24.8,87
2024-03-31 05:00:00,792.07,25.4,84
2024-03-31 06:00:00,847.85,25.2,75
2024-03-31 07:00:00,913.0,29.3,77
2024-03-31 08:00:00,1053.05,27.2,63
2024-03-31 09:00:00,1189.34,27.0,80
2024-03-31 10:00:00,1307.31,31.0,86
2024-03-31 11:00:00,1339.0,30.7,60
2024-03-31 12:00:00,1355.07,31.1,64
2024-03-31 13:00:00,1346.98,31.2,69
2024-03-31 14:00:00,1243.55,34.2,80
2024-03-31 15:00:00,1246.19,32.3,69
2024-03-31 16:00:00,1005.02,32.1,85
2024-03-31 17:00:00,963.54,31.0,75
2024-03-31 18:00:00,947.12,30.3,62
2024-03-31 19:00:00,827.91,30.7,79
2024-03-31 20:00:00,804.66,27.7,64
2024-03-31 21:00:00,807.03,25.2,65
2024-03-31 22:00:00,833.5,27.0,84
2024-03-31 23:00:00,906.82,25.8,84
2024-04-01 00:00:00,991.95,24.7,71
2024-04-01 01:00:00,1115.49,24.7,60
2024-04-01 02:00:00,993.03,23.6,62
2024-04-01 03:00:00,1013.28,24.2,80
2024-04-01 04:00:00,999.37,24.4,64
2024-04-01 05:00:00,1051.37,24.5,74
2024-04-01 06:00:00,1023.47,27.4,63
2024-04-01 07:00:00,1176.37,25.3,78
2024-04-01 08:00:00,1335.26,30.8,76
2024-04-01 09:00:00,1328.49,30.1,67
2024-04-01 10:00:00,1482.57,27.9,83
2024-04-01 11:00:00,1521.67,30.6,63
2024-04-01 12:00:00,1584.34,31.3,83
2024-04-01 13:00:00,1545.52,32.3,78
2024-04-01 14:00:00,1453.5,30.8,83
2024-04-01 15:00:00,1393.31,31.9,80
2024-04-01 16:00:00,1327.61,31.3,76
2024-04-01 17:00:00,1153.57,29.9,67
2024-04-01 18:00:00,1104.66,28.9,90
2024-04-01 19:00:00,985.58,30.1,78
2024-04-01 20:00:00,981.01,26.0,70
2024-04-01 21:00:00,1039.25,27.5,82
2024-04-01 22:00:00,1094.93,27.0,87
2024-04-01 23:00:00,1074.39,24.9,82
2024-04-02 00:00:00,1061.58,24.6,71
2024-04-02 01:00:00,1064.95,25.5,75
2024-04-02 02:00:00,1002.27,23.2,75
2024-04-02 03:00:00,1046.93,23.4,73
2024-04-02 04:00:00,1048.44,23.9,66
2024-04-02 05:00:00,1018.11,26.6,80
2024-04-02 06:00:00,1066.11,27.6,80
2024-04-02 07:00:00,1172.66,25.3,94
2024-04-02 08:00:00,1252.29,29.2,83
2024-04-02 09:00:00,1377.05,30.0,60
2024-04-02 10:00:00,1552.59,31.9,73
2024-04-02 11:00:00,1539.35,31.3,79
2024-04-02 12:00:00,1560.06,31.4,87
2024-04-02 13:00:00,1525.35,33.2,77
2024-04-02 14:00:00,1505.16,32.8,62
2024-04-02 15:00:00,1373.05,34.6,86
2024-04-02 16:00:00,1244.9,32.6,65
2024-04-02 17:00:00,1209.66,31.0,63
2024-04-02 18:00:00,1132.32,28.6,60
2024-04-02 19:00:00,1013.0,28.3,80
2024-04-02 20:00:00,952.32,26.3,94
2024-04-02 21:00:00,1061.14,26.7,87
2024-04-02 22:00:00,1022.19,27.1,77
2024-04-02 23:00:00,1092.78,25.2,94
2024-04-03 00:00:00,1006.73,25.8,80
2024-04-03 01:00:00,1099.37,24.5,75
2024-04-03 02:00:00,1006.8,23.5,85
2024-04-03 03:00:00,1054.5,24.2,68
2024-04-03 04:00:00,1021.21,25.1,82
2024-04-03 05:00:00,1003.7,25.3,61
2024-04-03 06:00:00,1071.47,26.2,62
2024-04-03 07:00:00,1190.53,26.0,92
2024-04-03 08:00:00,1274.44,27.5,83
2024-04-03 09:00:00,1402.97,31.7,82
2024-04-03 10:00:00,1551.42,31.5,65
2024-04-03 11:00:00,1496.4,29.1,80
2024-04-03 12:00:00,1632.35,28.6,64
2024-04-03 13:00:00,1554.82,32.0,72
2024-04-03 14:00:00,1450.81,33.1,72
2024-04-03 15:00:00,1335.99,31.2,78
2024-04-03 16:00:00,1264.16,32.7,68
2024-04-03 17:00:00,1198.82,30.9,62
2024-04-03 18:00:00,1081.32,29.8,90
2024-04-03 19:00:00,1090.06,29.9,72
2024-04-03 20:00:00,970.01,27.4,70
2024-04-03 21:00:00,1028.6,26.6,70
2024-04-03 22:00:00,1005.47,26.8,60
2024-04-03 23:00:00,1080.98,25.1,94
2024-04-04 00:00:00,1109.86,26.8,94
2024-04-04 01:00:00,1056.54,25.0,62
2024-04-04 02:00:00,961.18,24.8,63
2024-04-04 03:00:00,1039.03,24.1,83
2024-04-04 04:00:00,1039.13,25.6,89
2024-04-04 05:00:00,1054.37,24.8,91
2024-04-04 06:00:00,1132.11,26.3,79
2024-04-04 07:00:00,1132.16,25.9,72
2024-04-04 08:00:00,1297.68,29.2,63
2024-04-04 09:00:00,1427.39,29.4,87
2024-04-04 10:00:00,1423.14,32.4,66
2024-04-04 11:00:00,1565.48,33.7,68
2024-04-04 12:00:00,1561.25,32.4,81
2024-04-04 13:00:00,1551.45,31.9,63
2024-04-04 14:00:00,1497.58,30.9,92
2024-04-04 15:00:00,1368.63,32.9,65
2024-04-04 16:00:00,1250.26,31.7,62
2024-04-04 17:00:00,1170.9,31.5,94
2024-04-04 18:00:00,1050.87,32.1,92
2024-04-04 19:00:00,1002.3,28.0,66
2024-04-04 20:00:00,1047.72,26.9,94
2024-04-04 21:00:00,991.96,26.7,62
2024-04-04 22:00:00,1075.76,27.0,77
2024-04-04 23:00:00,1087.59,25.8,62
2024-04-05 00:00:00,1021.55,23.5,86
2024-04-05 01:00:00,1050.68,25.0,68
2024-04-05 02:00:00,1097.25,22.6,76
2024-04-05 03:00:00,1000.85,23.1,64
2024-04-05 04:00:00,1010.72,24.4,63
2024-04-05 05:00:00,1059.52,24.5,73
2024-04-05 06:00:00,1119.4,27.1,88
2024-04-05 07:00:00,1163.97,27.3,70
2024-04-05 08:00:00,1256.08,30.1,81
2024-04-05 09:00:00,1438.56,28.7,64
2024-04-05 10:00:00,1549.37,29.9,71
2024-04-05 11:00:00,1591.68,32.3,80
2024-04-05 12:00:00,1585.0,31.4,74
2024-04-05 13:00:00,1529.14,33.7,83
2024-04-05 14:00:00,1459.47,32.6,72
2024-04-05 15:00:00,1407.1,29.0,91
2024-04-05 16:00:00,1291.68,32.9,85
2024-04-05 17:00:00,1221.88,31.9,85
2024-04-05 18:00:00,1114.82,31.1,89
2024-04-05 19:00:00,990.82,26.7,68
2024-04-05 20:00:00,1063.88,27.2,83
2024-04-05 21:00:00,1000.36,26.3,77
2024-04-05 22:00:00,1042.13,25.0,68
2024-04-05 23:00:00,1083.28,27.3,81
2024-04-06 00:00:00,954.91,24.5,80
2024-04-06 01:00:00,986.35,24.1,66
2024-04-06 02:00:00,879.8,24.7,71
2024-04-06 03:00:00,831.89,24.8,70
2024-04-06 04:00:00,848.79,20.5,62
2024-04-06 05:00:00,877.53,24.4,86
2024-04-06 06:00:00,883.87,24.3,66
2024-04-06 07:00:00,1038.71,27.4,61
2024-04-06 08:00:00,1088.16,27.7,69
2024-04-06 09:00:00,1209.31,29.1,62
2024-04-06 10:00:00,1314.93,27.5,76
2024-04-06 11:00:00,1375.28,30.5,60
2024-04-06 12:00:00,1414.49,32.8,93
2024-04-06 13:00:00,1338.94,33.6,72
2024-04-06 14:00:00,1272.11,32.9,73
2024-04-06 15:00:00,1153.42,30.3,76
2024-04-06 16:00:00,1095.53,33.0,93
2024-04-06 17:00:00,1003.2,31.7,76
2024-04-06 18:00:00,911.18,29.9,84
2024-04-06 19:00:00,905.15,26.6,89
2024-04-06 20:00:00,829.98,29.1,70
2024-04-06 21:00:00,861.81,26.3,80
2024-04-06 22:00:00,820.47,26.4,79
2024-04-06 23:00:00,864.08,25.3,88
2024-04-07 00:00:00,912.5,26.4,63
2024-04-07 01:00:00,910.32,24.0,93
2024-04-07 02:00:00,851.37,24.0,76
2024-04-07 03:00:00,838.89,26.0,71
2024-04-07 04:00:00,780.05,23.7,63
2024-04-07 05:00:00,837.06,26.1,73
2024-04-07 06:00:00,929.35,25.8,63
2024-04-07 07:00:00,999.11,25.8,93
2024-04-07 08:00:00,1100.72,28.0,77
2024-04-07 09:00:00,1196.73,29.9,72
2024-04-07 10:00:00,1294.97,31.6,69
2024-04-07 11:00:00,1340.51,32.6,73
2024-04-07 12:00:00,1412.68,31.1,68
2024-04-07 13:00:00,1378.37,30.7,79
2024-04-07 14:00:00,1311.96,31.6,60
2024-04-07 15:00:00,1176.61,30.4,88
2024-04-07 16:00:00,1007.88,31.2,76
2024-04-07 17:00:00,1017.44,30.4,67
2024-04-07 18:00:00,881.5,30.9,76
2024-04-07 19:00:00,819.44,26.4,80
2024-04-07 20:00:00,857.54,27.1,84
2024-04-07 21:00:00,827.78,26.1,79
2024-04-07 22:00:00,898.87,27.4,84
2024-04-07 23:00:00,902.32,23.8,80
2024-04-08 00:00:00,1115.16,24.8,72
2024-04-08 01:00:00,1035.87,24.0,72
2024-04-08 02:00:00,1107.16,25.3,89
2024-04-08 03:00:00,1053.62,24.9,72
2024-04-08 04:00:00,1023.33,24.7,66
2024-04-08 05:00:00,1057.65,24.5,71
2024-04-08 06:00:00,1039.1,23.8,61
2024-04-08 07:00:00,1196.36,27.3,73
2024-04-08 08:00:00,1250.25,28.6,76
2024-04-08 09:00:00,1350.72,27.1,72
2024-04-08 10:00:00,1444.52,28.5,60
2024-04-08 11:00:00,1605.65,31.1,60
2024-04-08 12:00:00,1569.28,31.9,85
2024-04-08 13:00:00,1620.39,30.7,72
2024-04-08 14:00:00,1479.07,31.3,93
2024-04-08 15:00:00,1338.34,29.7,68
2024-04-08 16:00:00,1247.25,33.1,78
2024-04-08 17:00:00,1225.37,29.3,82
2024-04-08 18:00:00,1095.88,30.7,87
2024-04-08 19:00:00,1033.53,29.0,89
2024-04-08 20:00:00,1041.95,29.5,66
2024-04-08 21:00:00,1062.14,26.0,73
2024-04-08 22:00:00,1103.96,26.1,61
2024-04-08 23:00:00,1134.51,23.1,71
2024-04-09 00:00:00,1081.71,22.2,61
2024-04-09 01:00:00,1040.33,24.9,87
2024-04-09 02:00:00,1053.33,21.9,87
2024-04-09 03:00:00,1056.65,23.9,71
2024-04-09 04:00:00,1005.59,25.7,89
2024-04-09 05:00:00,1022.2,26.1,81
2024-04-09 06:00:00,1116.36,25.2,77
2024-04-09 07:00:00,1183.42,25.1,73
2024-04-09 08:00:00,1290.49,28.6,84
2024-04-09 09:00:00,1374.58,30.6,69
2024-04-09 10:00:00,1492.8,29.2,68
2024-04-09 11:00:00,1537.42,29.9,70
2024-04-09 12:00:00,1625.52,30.8,86
2024-04-09 13:00:00,1606.01,32.5,72
2024-04-09 14:00:00,1436.27,33.5,60
2024-04-09 15:00:00,1368.63,30.4,70
2024-04-09 16:00:00,1237.01,29.7,62
2024-04-09 17:00:00,1162.43,33.6,61
2024-04-09 18:00:00,1101.48,29.8,83
2024-04-09 19:00:00,1005.04,29.3,79
2024-04-09 20:00:00,1007.15,27.2,74
2024-04-09 21:00:00,1012.5,27.6,65
2024-04-09 22:00:00,1075.17,27.2,79
2024-04-09 23:00:00,1089.3,25.5,81
2024-04-10 00:00:00,1072.08,26.6,61
2024-04-10 01:00:00,1095.98,23.7,74
2024-04-10 02:00:00,1051.71,23.7,93
2024-04-10 03:00:00,1041.07,24.4,90
2024-04-10 04:00:00,1100.94,25.1,89
2024-04-10 05:00:00,1105.66,25.4,87
2024-04-10 06:00:00,1061.89,24.5,92
2024-04-10 07:00:00,1217.2,27.3,80
2024-04-10 08:00:00,1320.79,27.6,82
2024-04-10 09:00:00,1363.98,28.3,72
2024-04-10 10:00:00,1532.56,30.0,85
2024-04-10 11:00:00,1626.64,29.7,78
2024-04-10 12:00:00,1558.12,30.1,86
2024-04-10 13:00:00,1540.71,28.7,66
2024-04-10 14:00:00,1539.55,34.1,84
2024-04-10 15:00:00,1413.71,32.5,66
2024-04-10 16:00:00,1311.74,31.3,79
2024-04-10 17:00:00,1200.14,30.0,83
2024-04-10 18:00:00,1121.12,26.5,87
2024-04-10 19:00:00,1012.4,28.2,64
2024-04-10 20:00:00,1079.11,28.9,90
2024-04-10 21:00:00,1091.62,28.1,92
2024-04-10 22:00:00,1062.93,26.8,83
2024-04-10 23:00:00,1088.39,25.4,69
2024-04-11 00:00:00,1046.78,26.1,64
2024-04-11 01:00:00,1110.81,23.7,90
2024-04-11 02:00:00,1093.89,25.3,68
2024-04-11 03:00:00,1051.43,23.7,91
2024-04-11 04:00:00,1084.74,23.5,64
2024-04-11 05:00:00,1050.08,24.0,86
2024-04-11 06:00:00,1130.16,24.7,87
2024-04-11 07:00:00,1155.5,27.8,71
2024-04-11 08:00:00,1294.59,27.1,64
2024-04-11 09:00:00,1401.09,27.8,67
2024-04-11 10:00:00,1514.82,30.9,76
2024-04-11 11:00:00,1562.9,31.2,67
2024-04-11 12:00:00,1595.83,32.6,93
2024-04-11 13:00:00,1604.76,32.5,82
2024-04-11 14:00:00,1491.67,31.1,77
2024-04-11 15:00:00,1351.0,32.0,69
2024-04-11 16:00:00,1356.69,31.6,64
2024-04-11 17:00:00,1239.6,29.7,76
2024-04-11 18:00:00,1065.24,28.7,70
2024-04-11 19:00:00,1085.99,28.2,78
2024-04-11 20:00:00,1027.88,30.4,80
2024-04-11 21:00:00,1062.93,26.5,62
2024-04-11 22:00:00,1084.28,27.5,60
2024-04-11 23:00:00,1084.74,24.6,83
2024-04-12 00:00:00,1075.94,25.6,65
2024-04-12 01:00:00,1071.65,25.2,69
2024-04-12 02:00:00,1044.81,25.1,93
2024-04-12 03:00:00,1027.5,24.6,83
2024-04-12 04:00:00,1046.05,26.2,82
2024-04-12 05:00:00,1039.72,25.6,79
2024-04-12 06:00:00,1137.28,28.1,94
2024-04-12 07:00:00,1246.25,25.0,93
2024-04-12 08:00:00,1278.12,28.4,75
2024-04-12 09:00:00,1418.58,29.4,82
2024-04-12 10:00:00,1527.43,28.9,60
2024-04-12 11:00:00,1595.36,31.5,68
2024-04-12 12:00:00,1606.1,29.7,71
2024-04-12 13:00:00,1604.85,31.1,76
2024-04-12 14:00:00,1526.84,29.6,62
2024-04-12 15:00:00,1366.92,33.7,88
2024-04-12 16:00:00,1328.89,31.2,90
2024-04-12 17:00:00,1225.31,33.4,94
2024-04-12 18:00:00,1086.76,31.0,85
2024-04-12 19:00:00,1066.18,29.6,72
2024-04-12 20:00:00,1072.4,27.3,78
2024-04-12 21:00:00,1049.39,25.7,91
2024-04-12 22:00:00,1114.55,26.6,86
2024-04-12 23:00:00,1178.68,25.1,72
2024-04-13 00:00:00,878.85,22.9,93
2024-04-13 01:00:00,850.47,22.3,78
2024-04-13 02:00:00,890.5,22.8,78
2024-04-13 03:00:00,884.85,26.3,62
2024-04-13 04:00:00,843.3,27.2,62
2024-04-13 05:00:00,918.62,25.4,85
2024-04-13 06:00:00,869.54,26.2,65
2024-04-13 07:00:00,1021.43,26.6,72
2024-04-13 08:00:00,1080.2,26.9,86
2024-04-13 09:00:00,1273.37,30.7,83
2024-04-13 10:00:00,1382.66,32.2,69
2024-04-13 11:00:00,1354.99,29.8,75
2024-04-13 12:00:00,1387.19,31.4,82
2024-04-13 13:00:00,1411.92,31.3,71
2024-04-13 14:00:00,1299.4,31.5,87
2024-04-13 15:00:00,1211.63,33.3,72
2024-04-13 16:00:00,1102.34,29.9,77
2024-04-13 17:00:00,930.05,31.4,61
2024-04-13 18:00:00,915.98,30.9,76
2024-04-13 19:00:00,843.7,28.9,82
2024-04-13 20:00:00,834.21,29.1,82
2024-04-13 21:00:00,910.23,27.1,60
2024-04-13 22:00:00,836.0,27.5,73
2024-04-13 23:00:00,927.39,23.3,71
2024-04-14 00:00:00,899.56,24.1,73
2024-04-14 01:00:00,891.98,24.1,75
2024-04-14 02:00:00,910.49,20.8,93
2024-04-14 03:00:00,874.46,22.8,77
2024-04-14 04:00:00,874.32,23.6,69
2024-04-14 05:00:00,904.61,26.3,78
2024-04-14 06:00:00,907.76,25.2,89
2024-04-14 07:00:00,978.72,26.0,63
2024-04-14 08:00:00,1066.39,29.0,66
2024-04-14 09:00:00,1187.26,27.1,75
2024-04-14 10:00:00,1419.1,27.5,64
2024-04-14 11:00:00,1428.35,30.4,92
2024-04-14 12:00:00,1362.1,29.7,94
2024-04-14 13:00:00,1338.52,30.2,93
2024-04-14 14:00:00,1332.77,32.7,92
2024-04-14 15:00:00,1235.34,32.9,69
2024-04-14 16:00:00,1123.62,32.4,62
2024-04-14 17:00:00,991.28,32.2,88
2024-04-14 18:00:00,915.03,31.5,94
2024-04-14 19:00:00,882.28,26.5,90
2024-04-14 20:00:00,857.44,28.5,74
2024-04-14 21:00:00,784.99,26.3,60
2024-04-14 22:00:00,874.9,25.1,78
2024-04-14 23:00:00,872.1,25.8,86
2024-04-15 00:00:00,1118.4,22.5,80
2024-04-15 01:00:00,1209.2,22.0,66
2024-04-15 02:00:00,1098.63,24.8,92
2024-04-15 03:00:00,1054.53,24.7,61
2024-04-15 04:00:00,1089.55,24.7,73
2024-04-15 05:00:00,1090.56,24.1,62
2024-04-15 06:00:00,1137.0,26.9,73
2024-04-15 07:00:00,1224.33,27.8,64
2024-04-15 08:00:00,1379.29,28.1,76
2024-04-15 09:00:00,1379.51,27.6,60
2024-04-15 10:00:00,1535.4,29.5,87
2024-04-15 11:00:00,1555.31,31.8,73
2024-04-15 12:00:00,1631.78,33.1,76
2024-04-15 13:00:00,1555.59,31.5,74
2024-04-15 14:00:00,1504.24,31.7,66
2024-04-15 15:00:00,1408.8,31.7,66
2024-04-15 16:00:00,1341.51,31.8,83
2024-04-15 17:00:00,1235.29,30.1,85
2024-04-15 18:00:00,1078.77,26.5,73
2024-04-15 19:00:00,1075.67,30.5,78
2024-04-15 20:00:00,1032.54,30.2,85
2024-04-15 21:00:00,1021.56,26.2,75
2024-04-15 22:00:00,1078.29,24.7,93
2024-04-15 23:00:00,1094.04,25.0,61
2024-04-16 00:00:00,1200.12,24.3,60
2024-04-16 01:00:00,1122.78,25.3,94
2024-04-16 02:00:00,1040.47,24.1,83
2024-04-16 03:00:00,1048.66,23.2,64
2024-04-16 04:00:00,1095.95,23.0,88
2024-04-16 05:00:00,1149.68,26.2,60
2024-04-16 06:00:00,1069.71,26.7,68
2024-04-16 07:00:00,1140.21,28.2,75
2024-04-16 08:00:00,1375.71,26.8,74
2024-04-16 09:00:00,1435.65,31.2,69
2024-04-16 10:00:00,1491.36,27.9,75
2024-04-16 11:00:00,1609.36,31.7,74
2024-04-16 12:00:00,1523.0,29.2,62
2024-04-16 13:00:00,1590.78,30.9,78
2024-04-16 14:00:00,1533.24,33.9,62
2024-04-16 15:00:00,1454.39,32.9,67
2024-04-16 16:00:00,1274.79,30.8,83
2024-04-16 17:00:00,1209.06,30.2,73
2024-04-16 18:00:00,1092.9,30.1,94
2024-04-16 19:00:00,1085.6,29.7,75
2024-04-16 20:00:00,1028.96,29.5,66
2024-04-16 21:00:00,1054.24,26.4,94
2024-04-16 22:00:00,1053.95,24.1,67
2024-04-16 23:00:00,1130.55,25.4,71
2024-04-17 00:00:00,1148.12,24.0,75
2024-04-17 01:00:00,1102.31,22.6,63
2024-04-17 02:00:00,1092.92,24.4,94
2024-04-17 03:00:00,1020.62,23.9,91
2024-04-17 04:00:00,1052.61,24.9,71
2024-04-17 05:00:00,1077.72,24.1,80
2024-04-17 06:00:00,1219.84,26.6,74
2024-04-17 07:00:00,1169.98,25.4,94
2024-04-17 08:00:00,1364.37,27.0,62
2024-04-17 09:00:00,1459.8,28.7,61
2024-04-17 10:00:00,1534.46,32.1,65
2024-04-17 11:00:00,1655.1,31.8,75
2024-04-17 12:00:00,1631.17,32.8,82
2024-04-17 13:00:00,1607.18,33.6,90
2024-04-17 14:00:00,1522.8,36.3,89
2024-04-17 15:00:00,1467.76,31.9,62
2024-04-17 16:00:00,1351.54,33.2,75
2024-04-17 17:00:00,1187.06,32.0,63
2024-04-17 18:00:00,1082.01,31.2,87
2024-04-17 19:00:00,1072.45,31.2,87
2024-04-17 20:00:00,1035.19,27.5,62
2024-04-17 21:00:00,1069.2,26.4,85
2024-04-17 22:00:00,1135.01,26.4,72
2024-04-17 23:00:00,1094.64,25.0,66
2024-04-18 00:00:00,1119.45,24.9,72
2024-04-18 01:00:00,1115.43,26.0,63
2024-04-18 02:00:00,1124.15,23.4,75
2024-04-18 03:00:00,995.55,23.8,87
2024-04-18 04:00:00,1044.74,24.7,72
2024-04-18 05:00:00,1089.74,24.9,69
2024-04-18 06:00:00,1172.98,23.7,64
2024-04-18 07:00:00,1194.55,26.3,78
2024-04-18 08:00:00,1250.31,28.8,89
2024-04-18 09:00:00,1449.47,30.8,87
2024-04-18 10:00:00,1505.27,28.6,90
2024-04-18 11:00:00,1554.78,29.4,60
2024-04-18 12:00:00,1599.16,31.5,68
2024-04-18 13:00:00,1589.97,29.4,71
2024-04-18 14:00:00,1506.37,31.5,82
2024-04-18 15:00:00,1350.61,29.8,71
2024-04-18 16:00:00,1347.44,33.1,68
2024-04-18 17:00:00,1256.45,29.9,85
2024-04-18 18:00:00,1153.85,32.0,89
2024-04-18 19:00:00,1042.61,30.4,79
2024-04-18 20:00:00,1059.01,27.2,75
2024-04-18 21:00:00,1074.06,25.7,72
2024-04-18 22:00:00,1115.52,25.8,94
2024-04-18 23:00:00,1136.91,25.0,63
2024-04-19 00:00:00,1098.1,25.0,84
2024-04-19 01:00:00,1119.11,23.2,72
2024-04-19 02:00:00,1113.3,24.9,87
2024-04-19 03:00:00,1127.99,24.5,71
2024-04-19 04:00:00,1093.47,24.1,83
2024-04-19 05:00:00,1112.81,24.3,87
2024-04-19 06:00:00,1136.76,25.8,60
2024-04-19 07:00:00,1263.98,26.0,93
2024-04-19 08:00:00,1333.18,28.1,62
2024-04-19 09:00:00,1400.48,29.1,81
2024-04-19 10:00:00,1579.47,30.3,80
2024-04-19 11:00:00,1623.69,32.9,86
2024-04-19 12:00:00,1608.35,31.3,80
2024-04-19 13:00:00,1582.49,33.1,81
2024-04-19 14:00:00,1540.76,32.3,72
2024-04-19 15:00:00,1446.87,31.6,75
2024-04-19 16:00:00,1325.79,31.3,83
2024-04-19 17:00:00,1225.57,30.8,76
2024-04-19 18:00:00,1193.39,30.3,64
2024-04-19 19:00:00,1122.78,27.9,86
2024-04-19 20:00:00,1075.58,26.2,91
2024-04-19 21:00:00,1110.08,27.7,85
2024-04-19 22:00:00,1061.27,27.1,66
2024-04-19 23:00:00,1130.29,26.1,66
2024-04-20 00:00:00,989.94,24.7,86
2024-04-20 01:00:00,911.43,25.1,83
2024-04-20 02:00:00,870.45,24.9,83
2024-04-20 03:00:00,857.03,25.1,88
2024-04-20 04:00:00,833.5,23.5,86
2024-04-20 05:00:00,860.54,23.9,93
2024-04-20 06:00:00,923.68,25.5,80
2024-04-20 07:00:00,968.24,26.9,60
2024-04-20 08:00:00,1122.2,27.7,69
2024-04-20 09:00:00,1265.02,26.8,89
2024-04-20 10:00:00,1301.4,32.1,87
2024-04-20 11:00:00,1455.25,30.5,89
2024-04-20 12:00:00,1444.56,31.7,87
2024-04-20 13:00:00,1438.16,33.4,88
2024-04-20 14:00:00,1310.17,29.2,90
2024-04-20 15:00:00,1263.38,31.2,63
2024-04-20 16:00:00,1083.48,31.0,78
2024-04-20 17:00:00,1048.65,30.4,69
2024-04-20 18:00:00,942.73,29.8,90
2024-04-20 19:00:00,907.45,30.8,93
2024-04-20 20:00:00,830.58,28.8,90
2024-04-20 21:00:00,848.63,28.1,70
2024-04-20 22:00:00,921.13,26.1,91
2024-04-20 23:00:00,885.99,23.5,82
2024-04-21 00:00:00,945.61,22.0,62
2024-04-21 01:00:00,874.0,22.3,87
2024-04-21 02:00:00,932.59,24.4,84
2024-04-21 03:00:00,839.5,24.2,87
2024-04-21 04:00:00,893.75,24.3,78
2024-04-21 05:00:00,912.7,24.7,78
2024-04-21 06:00:00,915.05,28.4,88
2024-04-21 07:00:00,1040.59,26.0,78
2024-04-21 08:00:00,1133.56,29.1,77
2024-04-21 09:00:00,1217.37,29.0,83
2024-04-21 10:00:00,1300.66,29.9,75
2024-04-21 11:00:00,1336.18,32.2,77
2024-04-21 12:00:00,1441.71,33.2,72
2024-04-21 13:00:00,1350.11,31.6,63
2024-04-21 14:00:00,1339.32,33.0,72
2024-04-21 15:00:00,1227.04,32.3,94
2024-04-21 16:00:00,1148.26,31.5,63
2024-04-21 17:00:00,1009.71,31.1,78
2024-04-21 18:00:00,927.97,29.2,83
2024-04-21 19:00:00,916.5,28.7,92
2024-04-21 20:00:00,886.24,27.3,92
2024-04-21 21:00:00,893.81,28.0,68
2024-04-21 22:00:00,919.44,25.9,62
2024-04-21 23:00:00,868.23,23.6,62
2024-04-22 00:00:00,1158.65,23.7,89
2024-04-22 01:00:00,1146.05,20.3,77
2024-04-22 02:00:00,1070.08,23.4,61
2024-04-22 03:00:00,1076.86,24.2,91
2024-04-22 04:00:00,1075.81,24.4,68
2024-04-22 05:00:00,1088.86,27.5,61
2024-04-22 06:00:00,1153.88,26.7,79
2024-04-22 07:00:00,1273.08,27.6,86
2024-04-22 08:00:00,1365.07,26.0,78
2024-04-22 09:00:00,1393.06,28.6,75
2024-04-22 10:00:00,1560.5,29.4,85
2024-04-22 11:00:00,1654.14,29.9,73
2024-04-22 12:00:00,1645.77,30.5,77
2024-04-22 13:00:00,1645.83,29.7,87
2024-04-22 14:00:00,1609.18,30.5,78
2024-04-22 15:00:00,1474.86,32.9,89
2024-04-22 16:00:00,1335.98,31.3,80
2024-04-22 17:00:00,1259.62,30.2,80
2024-04-22 18:00:00,1147.34,30.0,89
2024-04-22 19:00:00,1094.48,30.4,91
2024-04-22 20:00:00,1064.98,28.0,89
2024-04-22 21:00:00,1140.23,27.6,81
2024-04-22 22:00:00,1077.14,25.0,83
2024-04-22 23:00:00,1178.37,24.4,69
2024-04-23 00:00:00,1152.39,25.0,83
2024-04-23 01:00:00,1078.37,26.4,60
2024-04-23 02:00:00,1121.27,25.7,94
2024-04-23 03:00:00,1014.64,24.8,75
2024-04-23 04:00:00,1101.81,24.7,64
2024-04-23 05:00:00,1127.28,26.9,90
2024-04-23 06:00:00,1124.2,27.0,84
2024-04-23 07:00:00,1230.04,24.2,84
2024-04-23 08:00:00,1398.34,26.7,62
2024-04-23 09:00:00,1424.02,29.4,91
2024-04-23 10:00:00,1504.4,27.9,79
2024-04-23 11:00:00,1662.22,29.8,89
2024-04-23 12:00:00,1703.66,30.6,61
2024-04-23 13:00:00,1610.51,31.6,64
2024-04-23 14:00:00,1576.88,31.7,78
2024-04-23 15:00:00,1488.71,31.5,79
2024-04-23 16:00:00,1304.0,32.5,81
2024-04-23 17:00:00,1208.79,30.5,70
2024-04-23 18:00:00,1188.08,29.5,77
2024-04-23 19:00:00,1155.35,27.4,86
2024-04-23 20:00:00,1099.71,29.2,90
2024-04-23 21:00:00,1057.45,26.2,94
2024-04-23 22:00:00,1178.06,24.7,80
2024-04-23 23:00:00,1108.89,25.4,79
2024-04-24 00:00:00,1125.87,23.6,68
2024-04-24 01:00:00,1142.03,23.5,90
2024-04-24 02:00:00,1165.5,24.3,68
2024-04-24 03:00:00,1120.73,23.7,66
2024-04-24 04:00:00,1097.15,27.3,92
2024-04-24 05:00:00,1115.22,25.1,60
2024-04-24 06:00:00,1149.16,26.7,78
2024-04-24 07:00:00,1247.96,24.6,62
2024-04-24 08:00:00,1244.11,27.0,71
2024-04-24 09:00:00,1434.05,27.7,89
2024-04-24 10:00:00,1552.61,28.9,75
2024-04-24 11:00:00,1572.78,31.3,72
2024-04-24 12:00:00,1651.19,32.7,83
2024-04-24 13:00:00,1605.92,32.3,76
2024-04-24 14:00:00,1605.63,31.7,86
2024-04-24 15:00:00,1499.52,31.1,88
2024-04-24 16:00:00,1316.39,32.8,73
2024-04-24 17:00:00,1223.2,33.3,64
2024-04-24 18:00:00,1145.12,30.2,65
2024-04-24 19:00:00,1083.27,30.2,83
2024-04-24 20:00:00,1089.54,28.4,92
2024-04-24 21:00:00,1064.41,27.9,68
2024-04-24 22:00:00,1071.65,24.6,62
2024-04-24 23:00:00,1151.97,24.6,82
2024-04-25 00:00:00,1162.31,25.0,80
2024-04-25 01:00:00,1104.57,25.6,81
2024-04-25 02:00:00,1145.12,23.0,67
2024-04-25 03:00:00,1071.41,21.7,79
2024-04-25 04:00:00,1094.16,23.9,73
2024-04-25 05:00:00,1130.39,26.4,89
2024-04-25 06:00:00,1149.13,24.1,67
2024-04-25 07:00:00,1247.01,25.6,78
2024-04-25 08:00:00,1317.25,28.2,65
2024-04-25 09:00:00,1440.23,28.9,93
2024-04-25 10:00:00,1539.64,30.7,69
2024-04-25 11:00:00,1589.61,29.4,90
2024-04-25 12:00:00,1634.16,31.1,70
2024-04-25 13:00:00,1561.55,33.3,94
2024-04-25 14:00:00,1529.67,30.6,70
2024-04-25 15:00:00,1437.17,33.6,91
2024-04-25 16:00:00,1326.4,30.2,85
2024-04-25 17:00:00,1222.7,31.8,81
2024-04-25 18:00:00,1148.22,29.6,60
2024-04-25 19:00:00,1118.54,27.7,88
2024-04-25 20:00:00,1116.0,27.4,81
2024-04-25 21:00:00,1070.88,27.6,91
2024-04-25 22:00:00,1071.78,26.0,84
2024-04-25 23:00:00,1096.38,26.5,88
2024-04-26 00:00:00,1125.87,26.3,91
2024-04-26 01:00:00,1123.05,22.7,89
2024-04-26 02:00:00,1089.48,22.5,77
2024-04-26 03:00:00,1050.8,22.6,62
2024-04-26 04:00:00,1071.98,23.5,71
2024-04-26 05:00:00,1110.67,26.5,79
2024-04-26 06:00:00,1173.78,26.7,67
2024-04-26 07:00:00,1214.23,26.3,90
2024-04-26 08:00:00,1323.51,28.0,83
2024-04-26 09:00:00,1417.31,30.7,72
2024-04-26 10:00:00,1548.38,32.3,67
2024-04-26 11:00:00,1588.69,31.1,73
2024-04-26 12:00:00,1663.05,28.3,74
2024-04-26 13:00:00,1555.89,32.2,80
2024-04-26 14:00:00,1536.92,33.1,74
2024-04-26 15:00:00,1460.32,32.1,85
2024-04-26 16:00:00,1344.45,32.3,92
2024-04-26 17:00:00,1328.06,31.3,69
2024-04-26 18:00:00,1165.27,28.5,78
2024-04-26 19:00:00,1069.26,28.0,70
2024-04-26 20:00:00,1084.69,27.6,62
2024-04-26 21:00:00,1034.09,28.2,82
2024-04-26 22:00:00,1113.72,25.1,65
2024-04-26 23:00:00,1106.34,25.7,88
2024-04-27 00:00:00,977.57,24.9,63
2024-04-27 01:00:00,918.75,26.0,62
2024-04-27 02:00:00,914.95,23.9,79
2024-04-27 03:00:00,876.53,22.0,67
2024-04-27 04:00:00,951.41,25.3,65
2024-04-27 05:00:00,895.69,27.7,64
2024-04-27 06:00:00,1019.71,26.9,67
2024-04-27 07:00:00,1064.85,26.0,67
2024-04-27 08:00:00,1157.45,26.7,94
2024-04-27 09:00:00,1265.27,27.9,78
2024-04-27 10:00:00,1365.88,32.4,69
2024-04-27 11:00:00,1353.53,30.4,94
2024-04-27 12:00:00,1435.84,30.7,68
2024-04-27 13:00:00,1450.59,31.7,67
2024-04-27 14:00:00,1350.41,31.6,67
2024-04-27 15:00:00,1203.21,33.7,67
2024-04-27 16:00:00,1138.79,30.2,79
2024-04-27 17:00:00,1096.05,32.2,66
2024-04-27 18:00:00,999.28,30.1,81
2024-04-27 19:00:00,904.84,30.5,76
2024-04-27 20:00:00,923.95,29.9,64
2024-04-27 21:00:00,886.05,27.1,93
2024-04-27 22:00:00,859.52,25.6,84
2024-04-27 23:00:00,905.75,25.3,74
2024-04-28 00:00:00,1002.81,24.4,90
2024-04-28 01:00:00,930.97,22.1,78
2024-04-28 02:00:00,913.1,25.9,90
2024-04-28 03:00:00,890.86,24.4,71
2024-04-28 04:00:00,959.78,23.1,82
2024-04-28 05:00:00,966.42,22.7,82
2024-04-28 06:00:00,1035.8,23.2,70
2024-04-28 07:00:00,1033.37,27.9,81
2024-04-28 08:00:00,1153.5,27.3,89
2024-04-28 09:00:00,1201.86,28.5,64
2024-04-28 10:00:00,1406.37,30.6,79
2024-04-28 11:00:00,1382.71,30.2,69
2024-04-28 12:00:00,1455.77,32.1,81
2024-04-28 13:00:00,1385.18,32.0,89
2024-04-28 14:00:00,1334.09,31.9,89
2024-04-28 15:00:00,1225.67,30.0,81
2024-04-28 16:00:00,1121.93,30.5,66
2024-04-28 17:00:00,1020.12,31.6,73
2024-04-28 18:00:00,939.02,29.2,70
2024-04-28 19:00:00,938.76,30.5,66
2024-04-28 20:00:00,854.56,30.8,91
2024-04-28 21:00:00,909.17,27.8,77
2024-04-28 22:00:00,964.36,27.8,93
2024-04-28 23:00:00,922.72,26.0,61
2024-04-29 00:00:00,1125.53,23.9,66
2024-04-29 01:00:00,1135.04,24.4,90
2024-04-29 02:00:00,1165.45,26.4,77
2024-04-29 03:00:00,1110.69,23.5,79
2024-04-29 04:00:00,1077.09,23.3,66
2024-04-29 05:00:00,1128.99,23.8,81
2024-04-29 06:00:00,1122.11,25.7,93
2024-04-29 07:00:00,1265.33,25.8,75
2024-04-29 08:00:00,1360.0,30.0,73
2024-04-29 09:00:00,1446.71,29.3,91
2024-04-29 10:00:00,1527.87,31.2,85
2024-04-29 11:00:00,1595.09,30.5,89
2024-04-29 12:00:00,1669.44,30.1,68
2024-04-29 13:00:00,1669.15,30.3,91
2024-04-29 14:00:00,1534.94,30.9,66
2024-04-29 15:00:00,1473.56,32.3,71
2024-04-29 16:00:00,1272.7,32.1,82
2024-04-29 17:00:00,1221.07,31.6,76
2024-04-29 18:00:00,1159.67,28.2,80
2024-04-29 19:00:00,1080.3,29.0,71
2024-04-29 20:00:00,1062.99,26.8,81
2024-04-29 21:00:00,1080.63,27.4,82
2024-04-29 22:00:00,1134.5,26.6,64
2024-04-29 23:00:00,1136.67,23.8,77
2024-04-30 00:00:00,1074.83,25.7,66
2024-04-30 01:00:00,1071.39,26.9,62
2024-04-30 02:00:00,1105.43,25.0,60
2024-04-30 03:00:00,1122.43,23.9,65
2024-04-30 04:00:00,1002.03,24.2,66
2024-04-30 05:00:00,1097.08,24.9,86
2024-04-30 06:00:00,1144.79,25.1,90
2024-04-30 07:00:00,1292.58,27.3,67
2024-04-30 08:00:00,1334.74,26.6,73
2024-04-30 09:00:00,1473.4,26.8,74
2024-04-30 10:00:00,1564.68,30.3,66
2024-04-30 11:00:00,1554.07,30.9,66
2024-04-30 12:00:00,1680.13,30.8,92
2024-04-30 13:00:00,1636.19,30.3,66
2024-04-30 14:00:00,1577.55,32.3,79
2024-04-30 15:00:00,1597.45,30.7,66
2024-04-30 16:00:00,1275.32,31.3,73
2024-04-30 17:00:00,1304.41,32.9,74
2024-04-30 18:00:00,1153.21,30.8,77
2024-04-30 19:00:00,1124.71,27.4,69
2024-04-30 20:00:00,1096.69,26.5,94
2024-04-30 21:00:00,1091.66,27.1,86
2024-04-30 22:00:00,1106.85,24.3,60
2024-04-30 23:00:00,1157.28,22.8,87
2024-05-01 00:00:00,1102.55,25.2,93
2024-05-01 01:00:00,1174.37,24.5,62
2024-05-01 02:00:00,1114.59,24.5,62
2024-05-01 03:00:00,1069.34,24.5,70
2024-05-01 04:00:00,1084.92,24.5,63
2024-05-01 05:00:00,1161.05,24.4,89
2024-05-01 06:00:00,1146.95,26.6,91
2024-05-01 07:00:00,1259.02,28.8,75
2024-05-01 08:00:00,1325.11,27.4,76
2024-05-01 09:00:00,1489.0,27.8,70
2024-05-01 10:00:00,1586.2,28.6,91
2024-05-01 11:00:00,1695.82,29.8,94
2024-05-01 12:00:00,1649.57,31.7,86
2024-05-01 13:00:00,1654.53,29.3,93
2024-05-01 14:00:00,1565.67,32.5,64
2024-05-01 15:00:00,1507.87,32.6,84
2024-05-01 16:00:00,1325.58,29.3,87
2024-05-01 17:00:00,1272.6,29.7,77
2024-05-01 18:00:00,1158.94,30.1,62
2024-05-01 19:00:00,1114.88,28.9,87
2024-05-01 20:00:00,1103.97,28.6,61
2024-05-01 21:00:00,1117.82,26.8,93
2024-05-01 22:00:00,1125.2,27.5,81
2024-05-01 23:00:00,1155.74,24.8,81
2024-05-02 00:00:00,1213.32,23.4,89
2024-05-02 01:00:00,1185.03,22.9,93
2024-05-02 02:00:00,1162.02,24.9,60
2024-05-02 03:00:00,1095.39,24.2,88
2024-05-02 04:00:00,1071.99,25.3,78
2024-05-02 05:00:00,1152.93,25.9,78
2024-05-02 06:00:00,1198.79,23.6,88
2024-05-02 07:00:00,1300.46,25.6,92
2024-05-02 08:00:00,1332.0,26.8,76
2024-05-02 09:00:00,1456.88,28.1,60
2024-05-02 10:00:00,1507.27,29.5,92
2024-05-02 11:00:00,1619.82,32.0,81
2024-05-02 12:00:00,1693.04,32.9,77
2024-05-02 13:00:00,1617.24,31.5,76
2024-05-02 14:00:00,1587.09,31.7,91
2024-05-02 15:00:00,1458.28,31.0,79
2024-05-02 16:00:00,1364.52,31.6,82
2024-05-02 17:00:00,1208.8,31.1,87
2024-05-02 18:00:00,1171.18,31.0,85
2024-05-02 19:00:00,1014.88,30.0,66
2024-05-02 20:00:00,1096.66,25.2,79
2024-05-02 21:00:00,1054.37,26.8,70
2024-05-02 22:00:00,1173.92,27.7,66
2024-05-02 23:00:00,1177.87,24.6,86
2024-05-03 00:00:00,1176.83,25.9,68
2024-05-03 01:00:00,1206.18,23.8,63
2024-05-03 02:00:00,1100.79,24.2,88
2024-05-03 03:00:00,1174.89,22.8,85
2024-05-03 04:00:00,1138.15,23.2,84
2024-05-03 05:00:00,1113.62,26.0,73
2024-05-03 06:00:00,1210.28,27.1,87
2024-05-03 07:00:00,1212.6,27.0,67
2024-05-03 08:00:00,1326.68,26.5,70
2024-05-03 09:00:00,1446.02,29.1,94
2024-05-03 10:00:00,1548.55,31.5,90
2024-05-03 11:00:00,1598.98,32.9,93
2024-05-03 12:00:00,1703.37,31.1,76
2024-05-03 13:00:00,1626.92,29.9,80
2024-05-03 14:00:00,1579.42,33.0,85
2024-05-03 15:00:00,1447.4,31.5,87
2024-05-03 16:00:00,1291.87,32.6,81
2024-05-03 17:00:00,1260.83,31.2,62
2024-05-03 18:00:00,1103.67,28.9,87
2024-05-03 19:00:00,1119.58,29.1,61
2024-05-03 20:00:00,1057.72,29.6,79
2024-05-03 21:00:00,1183.39,26.8,67
2024-05-03 22:00:00,1166.01,24.8,84
2024-05-03 23:00:00,1156.77,23.3,74
2024-05-04 00:00:00,1007.1,23.6,89
2024-05-04 01:00:00,925.69,23.6,93
2024-05-04 02:00:00,955.39,25.0,63
2024-05-04 03:00:00,923.1,22.8,81
2024-05-04 04:00:00,917.13,26.4,84
2024-05-04 05:00:00,968.8,23.6,68
2024-05-04 06:00:00,998.54,28.8,82
2024-05-04 07:00:00,1063.79,29.0,71
2024-05-04 08:00:00,1099.99,28.2,73
2024-05-04 09:00:00,1236.09,27.1,66
2024-05-04 10:00:00,1365.14,29.9,90
2024-05-04 11:00:00,1441.6,30.4,65
2024-05-04 12:00:00,1423.38,29.9,82
2024-05-04 13:00:00,1522.75,32.2,78
2024-05-04 14:00:00,1422.53,31.0,80
2024-05-04 15:00:00,1290.8,31.0,78
2024-05-04 16:00:00,1160.48,31.2,78
2024-05-04 17:00:00,1046.32,30.1,93
2024-05-04 18:00:00,939.65,32.5,72
2024-05-04 19:00:00,927.06,28.4,84
2024-05-04 20:00:00,917.0,28.5,92
2024-05-04 21:00:00,872.75,27.1,80
2024-05-04 22:00:00,948.18,26.4,93
2024-05-04 23:00:00,950.01,25.7,84
2024-05-05 00:00:00,898.43,25.6,77
2024-05-05 01:00:00,927.53,24.5,70
2024-05-05 02:00:00,924.23,24.3,78
2024-05-05 03:00:00,984.51,24.2,93
2024-05-05 04:00:00,929.7,24.4,61
2024-05-05 05:00:00,879.86,24.1,89
2024-05-05 06:00:00,992.24,25.9,74
2024-05-05 07:00:00,1001.87,27.3,70
2024-05-05 08:00:00,1198.14,28.5,83
2024-05-05 09:00:00,1255.54,29.3,63
2024-05-05 10:00:00,1368.49,29.7,78
2024-05-05 11:00:00,1487.07,30.8,88
2024-05-05 12:00:00,1420.22,30.8,73
2024-05-05 13:00:00,1391.78,32.2,76
2024-05-05 14:00:00,1351.36,31.7,67
2024-05-05 15:00:00,1308.4,32.1,72
2024-05-05 16:00:00,1107.11,32.7,82
2024-05-05 17:00:00,956.95,30.0,88
2024-05-05 18:00:00,959.51,30.7,70
2024-05-05 19:00:00,945.99,29.1,75
2024-05-05 20:00:00,952.32,30.4,82
2024-05-05 21:00:00,902.33,26.7,71
2024-05-05 22:00:00,924.42,26.8,83
2024-05-05 23:00:00,998.16,25.2,90
2024-05-06 00:00:00,1102.05,22.9,60
2024-05-06 01:00:00,1146.34,23.5,85
2024-05-06 02:00:00,1147.66,25.1,76
2024-05-06 03:00:00,1136.46,23.6,76
2024-05-06 04:00:00,1094.67,21.9,86
2024-05-06 05:00:00,1130.1,25.1,84
2024-05-06 06:00:00,1090.44,24.7,89
2024-05-06 07:00:00,1235.28,27.1,84
2024-05-06 08:00:00,1378.41,29.9,91
2024-05-06 09:00:00,1439.94,30.0,71
2024-05-06 10:00:00,1576.12,31.8,80
2024-05-06 11:00:00,1658.6,30.2,93
2024-05-06 12:00:00,1655.57,31.3,60
2024-05-06 13:00:00,1648.94,30.6,72
2024-05-06 14:00:00,1540.38,31.2,80
2024-05-06 15:00:00,1467.12,30.8,60
2024-05-06 16:00:00,1383.94,29.9,72
2024-05-06 17:00:00,1263.87,32.5,90
2024-05-06 18:00:00,1157.07,27.5,82
2024-05-06 19:00:00,1136.82,30.7,62
2024-05-06 20:00:00,1137.62,29.5,70
2024-05-06 21:00:00,1049.09,27.6,88
2024-05-06 22:00:00,1181.68,24.7,77
2024-05-06 23:00:00,1148.3,23.3,84
2024-05-07 00:00:00,1184.64,23.9,93
2024-05-07 01:00:00,1204.1,24.9,77
2024-05-07 02:00:00,1095.25,24.0,60
2024-05-07 03:00:00,1098.16,22.9,87
2024-05-07 04:00:00,1104.67,25.9,63
2024-05-07 05:00:00,1103.72,27.2,80
2024-05-07 06:00:00,1240.51,25.7,65
2024-05-07 07:00:00,1230.58,27.1,80
2024-05-07 08:00:00,1345.35,26.2,89
2024-05-07 09:00:00,1483.73,28.5,79
2024-05-07 10:00:00,1534.24,30.6,91
2024-05-07 11:00:00,1631.37,31.3,90
2024-05-07 12:00:00,1680.93,30.9,84
2024-05-07 13:00:00,1633.58,31.5,64
2024-05-07 14:00:00,1573.07,31.5,67
2024-05-07 15:00:00,1458.09,31.5,76
2024-05-07 16:00:00,1311.83,32.0,74
2024-05-07 17:00:00,1271.88,28.5,79
2024-05-07 18:00:00,1241.27,29.9,88
2024-05-07 19:00:00,1131.87,29.5,87
2024-05-07 20:00:00,1122.75,27.3,67
2024-05-07 21:00:00,1147.34,26.4,73
2024-05-07 22:00:00,1098.94,25.5,92
2024-05-07 23:00:00,1221.91,24.6,93
2024-05-08 00:00:00,1179.05,24.5,88
2024-05-08 01:00:00,1221.53,24.3,81
2024-05-08 02:00:00,1119.82,21.5,62
2024-05-08 03:00:00,1188.84,24.9,82
2024-05-08 04:00:00,1144.12,24.2,62
2024-05-08 05:00:00,1152.72,27.5,65
2024-05-08 06:00:00,1190.19,24.6,82
2024-05-08 07:00:00,1254.09,25.9,71
2024-05-08 08:00:00,1409.03,27.8,64
2024-05-08 09:00:00,1483.71,29.5,64
2024-05-08 10:00:00,1509.68,27.7,62
2024-05-08 11:00:00,1608.33,29.8,63
2024-05-08 12:00:00,1665.53,32.2,83
2024-05-08 13:00:00,1658.29,30.7,64
2024-05-08 14:00:00,1576.57,33.6,90
2024-05-08 15:00:00,1521.49,31.3,94
2024-05-08 16:00:00,1298.77,30.4,78
2024-05-08 17:00:00,1267.87,31.6,67
2024-05-08 18:00:00,1118.44,31.9,87
2024-05-08 19:00:00,1160.04,29.5,82
2024-05-08 20:00:00,1113.77,29.5,66
2024-05-08 21:00:00,1140.0,29.0,72
2024-05-08 22:00:00,1115.35,24.9,80
2024-05-08 23:00:00,1209.32,26.3,65
2024-05-09 00:00:00,1210.6,22.7,69
2024-05-09 01:00:00,1187.01,24.6,86
2024-05-09 02:00:00,1143.12,23.9,85
2024-05-09 03:00:00,1147.68,25.6,87
2024-05-09 04:00:00,1094.42,25.9,75
2024-05-09 05:00:00,1165.49,25.9,87
2024-05-09 06:00:00,1241.91,26.4,62
2024-05-09 07:00:00,1302.44,27.6,60
2024-05-09 08:00:00,1343.65,28.1,62
2024-05-09 09:00:00,1493.62,29.0,89
2024-05-09 10:00:00,1535.45,31.7,78
2024-05-09 11:00:00,1669.64,32.7,92
2024-05-09 12:00:00,1689.98,31.3,67
2024-05-09 13:00:00,1584.18,32.1,78
2024-05-09 14:00:00,1540.07,32.1,64
2024-05-09 15:00:00,1471.1,29.9,93
2024-05-09 16:00:00,1358.7,31.1,86
2024-05-09 17:00:00,1222.69,32.7,83
2024-05-09 18:00:00,1197.86,29.1,90
2024-05-09 19:00:00,1144.43,31.6,81
2024-05-09 20:00:00,1112.46,29.4,82
2024-05-09 21:00:00,1101.03,27.4,83
2024-05-09 22:00:00,1184.47,26.7,91
2024-05-09 23:00:00,1224.66,24.1,92
2024-05-10 00:00:00,1159.35,24.2,87
2024-05-10 01:00:00,1147.3,25.9,76
2024-05-10 02:00:00,1166.98,23.3,85
2024-05-10 03:00:00,1116.99,25.4,77
2024-05-10 04:00:00,1116.42,22.9,74
2024-05-10 05:00:00,1163.57,23.7,81
2024-05-10 06:00:00,1119.49,28.3,77
2024-05-10 07:00:00,1313.24,27.0,80
2024-05-10 08:00:00,1373.87,27.4,78
2024-05-10 09:00:00,1468.71,30.7,61
2024-05-10 10:00:00,1579.72,31.5,89
2024-05-10 11:00:00,1650.43,31.9,84
2024-05-10 12:00:00,1615.76,30.8,85
2024-05-10 13:00:00,1704.08,31.5,76
2024-05-10 14:00:00,1584.31,32.4,75
2024-05-10 15:00:00,1498.65,32.7,86
2024-05-10 16:00:00,1404.67,30.9,62
2024-05-10 17:00:00,1231.42,31.0,88
2024-05-10 18:00:00,1202.95,30.3,61
2024-05-10 19:00:00,1128.39,30.6,73
2024-05-10 20:00:00,1151.03,28.9,71
2024-05-10 21:00:00,1055.17,25.2,83
2024-05-10 22:00:00,1146.43,25.7,87
2024-05-10 23:00:00,1147.75,24.1,77
2024-05-11 00:00:00,993.5,25.2,84
2024-05-11 01:00:00,987.27,25.2,65
2024-05-11 02:00:00,927.11,24.1,89
2024-05-11 03:00:00,906.69,23.8,90
2024-05-11 04:00:00,919.52,24.6,93
2024-05-11 05:00:00,908.39,25.4,78
2024-05-11 06:00:00,1017.88,25.2,87
2024-05-11 07:00:00,1056.27,25.5,67
2024-05-11 08:00:00,1071.68,25.5,70
2024-05-11 09:00:00,1272.08,30.6,75
2024-05-11 10:00:00,1348.59,30.6,85
2024-05-11 11:00:00,1396.75,31.3,60
2024-05-11 12:00:00,1435.13,33.0,90
2024-05-11 13:00:00,1457.68,30.4,86
2024-05-11 14:00:00,1431.46,29.9,68
2024-05-11 15:00:00,1296.2,32.3,85
2024-05-11 16:00:00,1152.24,31.8,65
2024-05-11 17:00:00,1085.21,28.8,66
2024-05-11 18:00:00,972.41,30.4,72
2024-05-11 19:00:00,915.54,28.6,69
2024-05-11 20:00:00,883.09,27.0,90
2024-05-11 21:00:00,870.4,26.6,77
2024-05-11 22:00:00,938.35,23.1,70
2024-05-11 23:00:00,976.48,24.5,69
2024-05-12 00:00:00,977.05,23.7,87
2024-05-12 01:00:00,958.32,24.8,80
2024-05-12 02:00:00,920.83,23.8,84
2024-05-12 03:00:00,954.96,24.9,65
2024-05-12 04:00:00,879.35,21.5,70
2024-05-12 05:00:00,968.99,24.2,92
2024-05-12 06:00:00,955.39,26.7,64
2024-05-12 07:00:00,1044.92,26.6,93
2024-05-12 08:00:00,1124.14,29.0,91
2024-05-12 09:00:00,1269.71,26.9,83
2024-05-12 10:00:00,1421.13,30.9,72
2024-05-12 11:00:00,1473.94,30.1,65
2024-05-12 12:00:00,1514.74,30.6,93
2024-05-12 13:00:00,1474.18,33.1,84
2024-05-12 14:00:00,1348.39,33.4,82
2024-05-12 15:00:00,1275.71,33.1,72
2024-05-12 16:00:00,1148.21,33.9,87
2024-05-12 17:00:00,1117.88,32.3,72
2024-05-12 18:00:00,948.64,29.0,66
2024-05-12 19:00:00,973.19,29.2,76
2024-05-12 20:00:00,956.8,27.6,68
2024-05-12 21:00:00,997.81,29.4,73
2024-05-12 22:00:00,939.71,27.3,89
2024-05-12 23:00:00,997.93,24.9,89
2024-05-13 00:00:00,1262.3,25.6,92
2024-05-13 01:00:00,1153.27,22.7,84
2024-05-13 02:00:00,1102.22,24.3,90
2024-05-13 03:00:00,1069.88,23.0,82
2024-05-13 04:00:00,1152.41,22.5,86
2024-05-13 05:00:00,1077.93,26.1,92
2024-05-13 06:00:00,1179.44,27.1,79
2024-05-13 07:00:00,1288.57,27.5,87
2024-05-13 08:00:00,1383.97,27.8,67
2024-05-13 09:00:00,1504.16,27.5,81
2024-05-13 10:00:00,1596.78,28.6,94
2024-05-13 11:00:00,1702.67,29.7,90
2024-05-13 12:00:00,1649.18,31.2,83
2024-05-13 13:00:00,1634.22,33.2,74
2024-05-13 14:00:00,1561.98,33.3,90
2024-05-13 15:00:00,1518.36,29.9,64
2024-05-13 16:00:00,1409.05,30.6,81
2024-05-13 17:00:00,1289.11,30.0,76
2024-05-13 18:00:00,1233.97,27.0,87
2024-05-13 19:00:00,1102.69,29.7,62
2024-05-13 20:00:00,1185.91,27.7,78
2024-05-13 21:00:00,1189.1,26.8,86
2024-05-13 22:00:00,1181.81,27.6,76
2024-05-13 23:00:00,1237.38,25.3,91
2024-05-14 00:00:00,1126.43,24.0,80
2024-05-14 01:00:00,1158.5,24.8,70
2024-05-14 02:00:00,1132.18,25.3,60
2024-05-14 03:00:00,1162.9,24.5,89
2024-05-14 04:00:00,1092.68,25.4,85
2024-05-14 05:00:00,1172.32,25.0,85
2024-05-14 06:00:00,1242.41,25.9,86
2024-05-14 07:00:00,1299.56,27.1,85
2024-05-14 08:00:00,1389.39,27.1,77
2024-05-14 09:00:00,1456.66,28.4,92
2024-05-14 10:00:00,1561.33,31.7,93
2024-05-14 11:00:00,1703.61,33.2,85
2024-05-14 12:00:00,1711.75,33.4,81
2024-05-14 13:00:00,1658.52,30.3,83
2024-05-14 14:00:00,1576.37,30.3,71
2024-05-14 15:00:00,1420.37,30.4,70
2024-05-14 16:00:00,1342.02,31.6,80
2024-05-14 17:00:00,1342.19,27.5,75
2024-05-14 18:00:00,1149.7,29.3,66
2024-05-14 19:00:00,1152.52,30.7,87
2024-05-14 20:00:00,1164.78,29.2,83
2024-05-14 21:00:00,1093.83,26.4,72
2024-05-14 22:00:00,1164.49,25.5,73
2024-05-14 23:00:00,1209.81,25.9,90
2024-05-15 00:00:00,1186.77,25.7,67
2024-05-15 01:00:00,1279.18,23.5,60
2024-05-15 02:00:00,1101.44,23.7,76
2024-05-15 03:00:00,1176.63,23.5,72
2024-05-15 04:00:00,1125.31,22.9,86
2024-05-15 05:00:00,1174.75,24.9,72
2024-05-15 06:00:00,1211.81,25.6,86
2024-05-15 07:00:00,1251.5,25.5,91
2024-05-15 08:00:00,1389.4,28.8,71
2024-05-15 09:00:00,1428.14,29.6,72
2024-05-15 10:00:00,1614.01,30.8,75
2024-05-15 11:00:00,1672.24,29.9,93
2024-05-15 12:00:00,1708.76,29.1,65
2024-05-15 13:00:00,1698.85,32.4,77
2024-05-15 14:00:00,1605.79,31.2,76
2024-05-15 15:00:00,1498.38,30.8,73
2024-05-15 16:00:00,1350.59,30.0,66
2024-05-15 17:00:00,1252.29,30.5,65
2024-05-15 18:00:00,1237.97,31.9,71
2024-05-15 19:00:00,1198.09,28.4,93
2024-05-15 20:00:00,1123.11,26.7,60
2024-05-15 21:00:00,1141.29,27.7,88
2024-05-15 22:00:00,1128.29,26.2,87
2024-05-15 23:00:00,1219.95,22.6,64
2024-05-16 00:00:00,1211.51,25.3,80
2024-05-16 01:00:00,1248.61,26.7,93
2024-05-16 02:00:00,1130.98,20.9,80
2024-05-16 03:00:00,1128.23,22.7,83
2024-05-16 04:00:00,1141.34,21.1,72
2024-05-16 05:00:00,1172.24,25.1,82
2024-05-16 06:00:00,1190.7,27.2,91
2024-05-16 07:00:00,1248.48,27.1,67
2024-05-16 08:00:00,1414.11,29.7,70
2024-05-16 09:00:00,1520.28,30.0,72
2024-05-16 10:00:00,1562.71,32.0,79
2024-05-16 11:00:00,1711.12,32.2,60
2024-05-16 12:00:00,1729.24,31.0,61
2024-05-16 13:00:00,1668.4,31.9,70
2024-05-16 14:00:00,1597.59,31.0,89
2024-05-16 15:00:00,1514.47,31.6,64
2024-05-16 16:00:00,1353.15,31.5,66
2024-05-16 17:00:00,1280.15,30.7,83
2024-05-16 18:00:00,1122.99,31.6,90
2024-05-16 19:00:00,1180.37,28.6,89
2024-05-16 20:00:00,1078.68,26.9,74
2024-05-16 21:00:00,1194.18,25.9,69
2024-05-16 22:00:00,1150.28,26.8,60
2024-05-16 23:00:00,1173.38,23.5,66
2024-05-17 00:00:00,1168.08,24.3,85
2024-05-17 01:00:00,1172.42,25.7,89
2024-05-17 02:00:00,1213.21,24.4,60
2024-05-17 03:00:00,1056.22,24.0,74
2024-05-17 04:00:00,1179.77,24.5,79
2024-05-17 05:00:00,1163.29,23.9,81
2024-05-17 06:00:00,1157.84,25.0,84
2024-05-17 07:00:00,1243.24,26.7,86
2024-05-17 08:00:00,1443.77,28.3,78
2024-05-17 09:00:00,1463.79,30.2,78
2024-05-17 10:00:00,1556.25,30.1,75
2024-05-17 11:00:00,1705.33,32.5,80
2024-05-17 12:00:00,1701.97,33.4,92
2024-05-17 13:00:00,1632.71,32.8,90
2024-05-17 14:00:00,1604.22,33.5,93
2024-05-17 15:00:00,1461.01,30.7,74
2024-05-17 16:00:00,1423.67,30.1,85
2024-05-17 17:00:00,1318.08,31.4,89
2024-05-17 18:00:00,1218.78,28.4,90
2024-05-17 19:00:00,1164.19,28.7,84
2024-05-17 20:00:00,1196.81,28.9,63
2024-05-17 21:00:00,1143.39,28.7,71
2024-05-17 22:00:00,1122.31,25.7,78
2024-05-17 23:00:00,1198.36,24.4,68
2024-05-18 00:00:00,1064.86,24.9,84
2024-05-18 01:00:00,948.78,22.8,66
2024-05-18 02:00:00,952.7,23.8,86
2024-05-18 03:00:00,959.66,24.1,65
2024-05-18 04:00:00,934.98,24.5,94
2024-05-18 05:00:00,918.87,25.3,91
2024-05-18 06:00:00,1041.15,25.0,73
2024-05-18 07:00:00,1163.87,26.1,65
2024-05-18 08:00:00,1193.76,27.1,77
2024-05-18 09:00:00,1267.03,27.1,90
2024-05-18 10:00:00,1344.2,30.4,75
2024-05-18 11:00:00,1476.34,31.9,62
2024-05-18 12:00:00,1530.55,32.4,90
2024-05-18 13:00:00,1483.96,31.5,76
2024-05-18 14:00:00,1398.35,31.0,64
2024-05-18 15:00:00,1278.08,32.8,75
2024-05-18 16:00:00,1148.71,32.2,76
2024-05-18 17:00:00,1111.94,31.1,90
2024-05-18 18:00:00,1033.93,32.1,75
2024-05-18 19:00:00,899.23,29.0,80
2024-05-18 20:00:00,992.6,27.7,69
2024-05-18 21:00:00,965.28,26.5,91
2024-05-18 22:00:00,1014.45,24.1,84
2024-05-18 23:00:00,937.44,26.0,92
2024-05-19 00:00:00,945.79,24.4,87
2024-05-19 01:00:00,980.83,24.7,74
2024-05-19 02:00:00,984.7,26.2,67
2024-05-19 03:00:00,1009.71,23.7,60
2024-05-19 04:00:00,963.33,21.7,69
2024-05-19 05:00:00,946.5,25.7,94
2024-05-19 06:00:00,967.7,26.2,92
2024-05-19 07:00:00,1127.47,26.1,75
2024-05-19 08:00:00,1154.87,28.5,73
2024-05-19 09:00:00,1357.42,30.0,64
2024-05-19 10:00:00,1390.2,28.9,75
2024-05-19 11:00:00,1524.73,30.5,80
2024-05-19 12:00:00,1517.42,33.2,70
2024-05-19 13:00:00,1464.28,31.0,66
2024-05-19 14:00:00,1382.0,32.1,67
2024-05-19 15:00:00,1288.52,28.7,76
2024-05-19 16:00:00,1203.68,29.7,89
2024-05-19 17:00:00,1087.17,31.0,73
2024-05-19 18:00:00,982.91,31.5,92
2024-05-19 19:00:00,949.28,27.4,83
2024-05-19 20:00:00,941.46,28.1,66
2024-05-19 21:00:00,872.43,26.5,74
2024-05-19 22:00:00,983.25,27.1,84
2024-05-19 23:00:00,951.88,23.7,76
2024-05-20 00:00:00,1154.93,25.1,92
2024-05-20 01:00:00,1128.69,23.4,61
2024-05-20 02:00:00,1106.01,24.3,69
2024-05-20 03:00:00,1101.09,24.2,73
2024-05-20 04:00:00,1115.5,24.2,71
2024-05-20 05:00:00,1225.06,25.7,76
2024-05-20 06:00:00,1186.92,26.1,73
2024-05-20 07:00:00,1292.34,26.8,69
2024-05-20 08:00:00,1404.36,27.6,88
2024-05-20 09:00:00,1506.71,29.1,65
2024-05-20 10:00:00,1599.15,30.3,90
2024-05-20 11:00:00,1628.93,29.6,68
2024-05-20 12:00:00,1746.15,31.0,92
2024-05-20 13:00:00,1734.03,30.6,66
2024-05-20 14:00:00,1542.99,32.0,67
2024-05-20 15:00:00,1466.32,31.2,93
2024-05-20 16:00:00,1380.59,32.4,76
2024-05-20 17:00:00,1252.41,31.6,76
2024-05-20 18:00:00,1223.11,28.9,89
2024-05-20 19:00:00,1131.29,29.0,77
2024-05-20 20:00:00,1216.19,28.8,74
2024-05-20 21:00:00,1190.31,26.8,79
2024-05-20 22:00:00,1176.35,25.1,84
2024-05-20 23:00:00,1223.81,23.9,73
2024-05-21 00:00:00,1235.66,25.6,86
2024-05-21 01:00:00,1169.66,25.2,94
2024-05-21 02:00:00,1141.89,23.8,87
2024-05-21 03:00:00,1152.93,25.1,65
2024-05-21 04:00:00,1172.13,21.0,90
2024-05-21 05:00:00,1163.22,26.8,73
2024-05-21 06:00:00,1151.79,25.8,75
2024-05-21 07:00:00,1259.67,27.1,64
2024-05-21 08:00:00,1389.41,27.6,91
2024-05-21 09:00:00,1501.13,30.7,70
2024-05-21 10:00:00,1672.55,28.7,81
2024-05-21 11:00:00,1623.91,32.6,87
2024-05-21 12:00:00,1714.71,31.9,65
2024-05-21 13:00:00,1724.55,32.6,65
2024-05-21 14:00:00,1683.04,31.6,79
2024-05-21 15:00:00,1489.66,30.3,63
2024-05-21 16:00:00,1409.24,32.6,84
2024-05-21 17:00:00,1307.77,31.2,72
2024-05-21 18:00:00,1213.89,31.6,71
2024-05-21 19:00:00,1154.97,28.8,68
2024-05-21 20:00:00,1157.32,27.5,62
2024-05-21 21:00:00,1061.66,28.6,91
2024-05-21 22:00:00,1194.44,28.3,70
2024-05-21 23:00:00,1193.94,25.2,64
2024-05-22 00:00:00,1190.77,23.6,94
2024-05-22 01:00:00,1262.65,25.1,83
2024-05-22 02:00:00,1148.44,23.7,65
2024-05-22 03:00:00,1137.69,24.9,77
2024-05-22 04:00:00,1213.29,24.2,65
2024-05-22 05:00:00,1130.84,27.0,81
2024-05-22 06:00:00,1189.34,25.2,73
2024-05-22 07:00:00,1284.23,27.5,71
2024-05-22 08:00:00,1423.03,27.4,84
2024-05-22 09:00:00,1512.66,28.7,79
2024-05-22 10:00:00,1559.88,29.5,77
2024-05-22 11:00:00,1655.4,31.7,83
2024-05-22 12:00:00,1677.37,32.6,74
2024-05-22 13:00:00,1671.33,32.5,90
2024-05-22 14:00:00,1620.05,31.9,60
2024-05-22 15:00:00,1520.06,32.0,74
2024-05-22 16:00:00,1331.49,32.5,93
2024-05-22 17:00:00,1326.68,31.9,61
2024-05-22 18:00:00,1217.5,26.8,82
2024-05-22 19:00:00,1208.5,28.7,83
2024-05-22 20:00:00,1159.22,27.7,91
2024-05-22 21:00:00,1190.45,27.8,72
2024-05-22 22:00:00,1188.51,25.9,92
2024-05-22 23:00:00,1238.25,26.0,73
2024-05-23 00:00:00,1218.4,23.2,76
2024-05-23 01:00:00,1189.14,24.4,75
2024-05-23 02:00:00,1253.16,25.1,91
2024-05-23 03:00:00,1184.48,22.4,74
2024-05-23 04:00:00,1165.22,27.6,90
2024-05-23 05:00:00,1116.85,26.6,71
2024-05-23 06:00:00,1165.06,26.0,92
2024-05-23 07:00:00,1301.19,26.0,62
2024-05-23 08:00:00,1400.26,27.8,70
2024-05-23 09:00:00,1485.45,29.1,64
2024-05-23 10:00:00,1611.62,30.5,86
2024-05-23 11:00:00,1731.19,32.6,75
2024-05-23 12:00:00,1724.53,30.9,94
2024-05-23 13:00:00,1635.66,32.5,75
2024-05-23 14:00:00,1602.8,30.4,75
2024-05-23 15:00:00,1478.81,31.4,81
2024-05-23 16:00:00,1381.64,31.9,63
2024-05-23 17:00:00,1276.52,31.7,91
2024-05-23 18:00:00,1193.51,29.1,86
2024-05-23 19:00:00,1117.67,28.5,74
2024-05-23 20:00:00,1140.77,29.8,78
2024-05-23 21:00:00,1133.84,28.4,85
2024-05-23 22:00:00,1071.21,26.3,74
2024-05-23 23:00:00,1264.55,22.5,69
2024-05-24 00:00:00,1239.74,27.5,93
2024-05-24 01:00:00,1180.91,24.1,85
2024-05-24 02:00:00,1175.8,23.6,67
2024-05-24 03:00:00,1113.87,23.5,75
2024-05-24 04:00:00,1206.01,25.0,88
2024-05-24 05:00:00,1229.44,25.6,91
2024-05-24 06:00:00,1217.15,27.1,80
2024-05-24 07:00:00,1328.28,25.9,91
2024-05-24 08:00:00,1402.81,27.6,71
2024-05-24 09:00:00,1461.68,31.5,69
2024-05-24 10:00:00,1593.78,30.3,65
2024-05-24 11:00:00,1681.72,30.6,77
2024-05-24 12:00:00,1685.79,30.3,90
2024-05-24 13:00:00,1669.46,32.5,94
2024-05-24 14:00:00,1605.02,33.2,62
2024-05-24 15:00:00,1505.67,32.9,64
2024-05-24 16:00:00,1398.55,31.2,93
2024-05-24 17:00:00,1255.39,31.3,92
2024-05-24 18:00:00,1186.64,32.0,69
2024-05-24 19:00:00,1118.15,30.3,62
2024-05-24 20:00:00,1180.97,27.1,70
2024-05-24 21:00:00,1081.28,23.9,62
2024-05-24 22:00:00,1215.63,26.4,87
2024-05-24 23:00:00,1242.73,26.1,87
2024-05-25 00:00:00,992.52,23.2,68
2024-05-25 01:00:00,904.44,24.1,85
2024-05-25 02:00:00,963.96,23.7,88
2024-05-25 03:00:00,954.09,24.3,69
2024-05-25 04:00:00,912.75,23.9,86
2024-05-25 05:00:00,946.47,26.7,91
2024-05-25 06:00:00,1066.69,26.2,77
2024-05-25 07:00:00,1117.19,25.9,77
2024-05-25 08:00:00,1165.79,29.1,81
2024-05-25 09:00:00,1254.01,27.5,76
2024-05-25 10:00:00,1398.22,31.5,84
2024-05-25 11:00:00,1471.1,32.0,85
2024-05-25 12:00:00,1520.53,33.1,64
2024-05-25 13:00:00,1459.84,31.7,68
2024-05-25 14:00:00,1427.59,31.4,83
2024-05-25 15:00:00,1377.69,32.0,66
2024-05-25 16:00:00,1226.73,31.4,79
2024-05-25 17:00:00,1092.29,30.0,67
2024-05-25 18:00:00,1006.79,29.3,78
2024-05-25 19:00:00,952.1,28.6,94
2024-05-25 20:00:00,989.54,26.6,84
2024-05-25 21:00:00,934.49,27.8,76
2024-05-25 22:00:00,978.3,25.9,84
2024-05-25 23:00:00,997.46,24.8,94
2024-05-26 00:00:00,986.95,23.2,61
2024-05-26 01:00:00,948.93,22.7,75
2024-05-26 02:00:00,989.33,26.3,73
2024-05-26 03:00:00,955.62,23.4,88
2024-05-26 04:00:00,967.05,25.3,61
2024-05-26 05:00:00,947.24,25.4,69
2024-05-26 06:00:00,1057.28,22.7,61
2024-05-26 07:00:00,1064.65,29.1,86
2024-05-26 08:00:00,1259.48,28.8,72
2024-05-26 09:00:00,1250.18,28.1,61
2024-05-26 10:00:00,1426.3,30.0,73
2024-05-26 11:00:00,1496.62,29.4,76
2024-05-26 12:00:00,1476.74,33.7,93
2024-05-26 13:00:00,1494.85,30.8,88
2024-05-26 14:00:00,1455.89,31.4,82
2024-05-26 15:00:00,1233.79,31.0,82
2024-05-26 16:00:00,1217.2,31.6,75
2024-05-26 17:00:00,1008.13,32.5,66
2024-05-26 18:00:00,980.82,32.1,60
2024-05-26 19:00:00,1023.02,28.6,78
2024-05-26 20:00:00,929.27,28.5,92
2024-05-26 21:00:00,916.77,27.1,93
2024-05-26 22:00:00,971.21,24.8,60
2024-05-26 23:00:00,1069.47,28.1,71
2024-05-27 00:00:00,1141.78,26.2,84
2024-05-27 01:00:00,1161.54,24.4,82
2024-05-27 02:00:00,1231.8,25.9,84
2024-05-27 03:00:00,1224.15,25.6,90
2024-05-27 04:00:00,1147.29,24.6,83
2024-05-27 05:00:00,1123.92,25.6,69
2024-05-27 06:00:00,1289.27,27.8,61
2024-05-27 07:00:00,1352.51,25.8,92
2024-05-27 08:00:00,1424.69,30.0,82
2024-05-27 09:00:00,1484.28,28.8,61
2024-05-27 10:00:00,1610.73,31.8,63
2024-05-27 11:00:00,1675.74,30.8,82
2024-05-27 12:00:00,1717.53,31.9,82
2024-05-27 13:00:00,1732.15,31.8,71
2024-05-27 14:00:00,1643.25,31.4,83
2024-05-27 15:00:00,1475.04,31.5,88
2024-05-27 16:00:00,1449.15,33.1,87
2024-05-27 17:00:00,1307.72,28.1,74
2024-05-27 18:00:00,1240.04,28.5,69
2024-05-27 19:00:00,1218.69,28.2,93
2024-05-27 20:00:00,1112.09,26.7,88
2024-05-27 21:00:00,1157.97,28.8,90
2024-05-27 22:00:00,1160.9,27.5,82
2024-05-27 23:00:00,1143.58,25.9,77
2024-05-28 00:00:00,1219.34,23.8,66
2024-05-28 01:00:00,1287.56,25.7,86
2024-05-28 02:00:00,1116.31,22.1,68
2024-05-28 03:00:00,1159.32,26.7,79
2024-05-28 04:00:00,1174.65,23.7,80
2024-05-28 05:00:00,1172.91,24.9,87
2024-05-28 06:00:00,1213.28,25.5,62
2024-05-28 07:00:00,1252.55,25.7,69
2024-05-28 08:00:00,1410.4,30.3,76
2024-05-28 09:00:00,1487.55,30.0,94
2024-05-28 10:00:00,1537.12,31.5,80
2024-05-28 11:00:00,1724.48,29.4,68
2024-05-28 12:00:00,1740.82,31.7,76
2024-05-28 13:00:00,1684.49,32.5,91
2024-05-28 14:00:00,1621.81,32.3,87
2024-05-28 15:00:00,1551.67,30.5,77
2024-05-28 16:00:00,1410.15,32.8,65
2024-05-28 17:00:00,1329.72,31.0,65
2024-05-28 18:00:00,1206.9,28.9,76
2024-05-28 19:00:00,1214.6,26.8,69
2024-05-28 20:00:00,1163.55,28.7,61
2024-05-28 21:00:00,1167.34,29.9,92
2024-05-28 22:00:00,1136.37,24.8,84
2024-05-28 23:00:00,1209.82,25.4,60
2024-05-29 00:00:00,1179.36,25.9,75
2024-05-29 01:00:00,1178.58,22.6,85
2024-05-29 02:00:00,1153.44,23.4,71
2024-05-29 03:00:00,1124.4,23.1,68
2024-05-29 04:00:00,1227.86,25.7,72
2024-05-29 05:00:00,1216.47,26.8,66
2024-05-29 06:00:00,1285.72,26.2,60
2024-05-29 07:00:00,1256.5,26.0,90
2024-05-29 08:00:00,1406.01,27.5,94
2024-05-29 09:00:00,1470.03,28.3,83
2024-05-29 10:00:00,1590.69,28.8,62
2024-05-29 11:00:00,1651.81,30.7,78
2024-05-29 12:00:00,1751.93,32.2,63
2024-05-29 13:00:00,1670.09,32.5,87
2024-05-29 14:00:00,1652.45,32.0,89
2024-05-29 15:00:00,1536.48,31.9,63
2024-05-29 16:00:00,1484.19,31.4,82
2024-05-29 17:00:00,1247.57,29.3,70
2024-05-29 18:00:00,1262.65,30.2,63
2024-05-29 19:00:00,1210.08,28.3,70
2024-05-29 20:00:00,1119.52,26.4,83
2024-05-29 21:00:00,1197.07,27.4,79
2024-05-29 22:00:00,1193.86,25.3,76
2024-05-29 23:00:00,1193.09,25.4,72
2024-05-30 00:00:00,1180.86,25.6,76
2024-05-30 01:00:00,1176.97,23.0,74
2024-05-30 02:00:00,1254.94,24.1,63
2024-05-30 03:00:00,1162.96,22.0,77
2024-05-30 04:00:00,1182.09,26.4,68
2024-05-30 05:00:00,1143.41,23.5,62
2024-05-30 06:00:00,1192.43,25.4,86
2024-05-30 07:00:00,1338.39,28.6,77
2024-05-30 08:00:00,1357.51,27.7,76
2024-05-30 09:00:00,1501.99,27.6,69
2024-05-30 10:00:00,1617.45,30.9,88
2024-05-30 11:00:00,1689.06,31.7,64
2024-05-30 12:00:00,1703.5,30.7,65
2024-05-30 13:00:00,1699.03,31.2,94
2024-05-30 14:00:00,1640.53,31.5,64
2024-05-30 15:00:00,1542.27,31.6,74
2024-05-30 16:00:00,1370.28,29.2,86
2024-05-30 17:00:00,1290.63,30.6,92
2024-05-30 18:00:00,1261.61,32.1,83
2024-05-30 19:00:00,1202.49,28.0,80
2024-05-30 20:00:00,1106.76,27.3,61
2024-05-30 21:00:00,1175.34,25.5,78
2024-05-30 22:00:00,1114.08,26.7,77
2024-05-30 23:00:00,1203.91,26.6,69
2024-05-31 00:00:00,1277.29,26.0,82
2024-05-31 01:00:00,1170.14,22.6,60
2024-05-31 02:00:00,1155.17,24.6,65
2024-05-31 03:00:00,1190.85,25.9,60
2024-05-31 04:00:00,1101.89,25.1,77
2024-05-31 05:00:00,1150.12,25.7,86
2024-05-31 06:00:00,1241.77,25.4,76
2024-05-31 07:00:00,1279.49,27.2,85
2024-05-31 08:00:00,1397.65,29.5,72
2024-05-31 09:00:00,1543.74,29.4,69
2024-05-31 10:00:00,1632.18,28.5,85
2024-05-31 11:00:00,1695.67,30.3,90
2024-05-31 12:00:00,1699.06,32.9,82
2024-05-31 13:00:00,1699.3,32.3,79
2024-05-31 14:00:00,1613.12,32.1,82
2024-05-31 15:00:00,1533.75,31.2,86
2024-05-31 16:00:00,1388.56,32.9,74
2024-05-31 17:00:00,1295.35,32.8,70
2024-05-31 18:00:00,1186.32,31.5,67
2024-05-31 19:00:00,1171.12,30.8,73
2024-05-31 20:00:00,1127.59,27.6,72
2024-05-31 21:00:00,1125.22,26.4,81
2024-05-31 22:00:00,1193.54,25.8,93
2024-05-31 23:00:00,1210.88,25.2,60
2024-06-01 00:00:00,1039.39,26.3,91
2024-06-01 01:00:00,989.34,25.5,70
2024-06-01 02:00:00,999.77,24.6,69
2024-06-01 03:00:00,984.5,22.4,89
2024-06-01 04:00:00,972.57,22.5,71
2024-06-01 05:00:00,944.49,25.5,93
2024-06-01 06:00:00,1027.25,27.1,84
2024-06-01 07:00:00,1115.55,26.9,63
2024-06-01 08:00:00,1207.28,30.3,80
2024-06-01 09:00:00,1245.79,27.7,89
2024-06-01 10:00:00,1424.17,28.5,71
2024-06-01 11:00:00,1564.89,30.0,84
2024-06-01 12:00:00,1499.45,30.6,78
2024-06-01 13:00:00,1461.98,32.5,61
2024-06-01 14:00:00,1431.64,31.5,81
2024-06-01 15:00:00,1329.78,30.0,89
2024-06-01 16:00:00,1248.82,32.5,62
2024-06-01 17:00:00,1058.84,28.7,82
2024-06-01 18:00:00,1047.69,28.7,63
2024-06-01 19:00:00,994.13,27.1,87
2024-06-01 20:00:00,952.12,28.2,73
2024-06-01 21:00:00,977.18,27.2,65
2024-06-01 22:00:00,1021.63,28.3,65
2024-06-01 23:00:00,1035.09,26.3,66
2024-06-02 00:00:00,973.05,26.3,72
2024-06-02 01:00:00,1034.21,24.5,60
2024-06-02 02:00:00,984.29,22.8,83
2024-06-02 03:00:00,968.84,24.3,93
2024-06-02 04:00:00,960.64,25.2,69
2024-06-02 05:00:00,969.2,26.0,65
2024-06-02 06:00:00,1064.8,25.4,63
2024-06-02 07:00:00,1100.95,27.6,67
2024-06-02 08:00:00,1168.92,26.9,74
2024-06-02 09:00:00,1306.11,27.8,71
2024-06-02 10:00:00,1425.87,28.7,65
2024-06-02 11:00:00,1531.54,30.9,80
2024-06-02 12:00:00,1534.23,30.1,91
2024-06-02 13:00:00,1458.76,31.4,91
2024-06-02 14:00:00,1506.62,33.1,86
2024-06-02 15:00:00,1329.18,30.6,70
2024-06-02 16:00:00,1252.78,30.9,81
2024-06-02 17:00:00,1098.62,30.9,82
2024-06-02 18:00:00,1041.82,30.3,82
2024-06-02 19:00:00,1003.92,28.4,86
2024-06-02 20:00:00,1000.8,28.9,93
2024-06-02 21:00:00,1003.4,27.7,79
2024-06-02 22:00:00,1017.2,27.4,74
2024-06-02 23:00:00,994.6,25.1,63
2024-06-03 00:00:00,1194.06,23.9,88
2024-06-03 01:00:00,1218.16,23.3,70
2024-06-03 02:00:00,1220.24,24.4,66
2024-06-03 03:00:00,1159.52,23.7,70
2024-06-03 04:00:00,1196.38,23.9,92
2024-06-03 05:00:00,1226.31,24.6,89
2024-06-03 06:00:00,1192.03,25.2,91
2024-06-03 07:00:00,1275.6,27.2,72
2024-06-03 08:00:00,1404.2,26.3,66
2024-06-03 09:00:00,1531.67,29.4,83
2024-06-03 10:00:00,1602.28,30.8,70
2024-06-03 11:00:00,1736.87,30.1,90
2024-06-03 12:00:00,1728.98,33.8,73
2024-06-03 13:00:00,1690.93,31.9,85
2024-06-03 14:00:00,1570.4,30.1,60
2024-06-03 15:00:00,1474.88,31.5,65
2024-06-03 16:00:00,1419.0,31.5,90
2024-06-03 17:00:00,1230.31,31.4,71
2024-06-03 18:00:00,1259.62,29.7,60
2024-06-03 19:00:00,1170.02,27.8,65
2024-06-03 20:00:00,1272.69,26.7,88
2024-06-03 21:00:00,1248.19,26.2,89
2024-06-03 22:00:00,1181.34,25.3,72
2024-06-03 23:00:00,1202.92,23.8,89
2024-06-04 00:00:00,1249.88,23.7,71
2024-06-04 01:00:00,1267.1,24.9,69
2024-06-04 02:00:00,1131.21,26.0,69
2024-06-04 03:00:00,1105.76,25.0,77
2024-06-04 04:00:00,1138.29,26.1,65
2024-06-04 05:00:00,1196.83,26.3,67
2024-06-04 06:00:00,1242.46,27.0,79
2024-06-04 07:00:00,1343.3,26.6,75
2024-06-04 08:00:00,1368.09,28.2,61
2024-06-04 09:00:00,1440.8,28.5,70
2024-06-04 10:00:00,1651.63,29.7,83
2024-06-04 11:00:00,1661.52,30.9,78
2024-06-04 12:00:00,1644.46,32.3,63
2024-06-04 13:00:00,1695.59,32.4,62
2024-06-04 14:00:00,1649.39,31.8,74
2024-06-04 15:00:00,1517.63,31.9,63
2024-06-04 16:00:00,1394.1,32.0,76
2024-06-04 17:00:00,1300.34,31.6,68
2024-06-04 18:00:00,1212.17,28.2,84
2024-06-04 19:00:00,1129.34,27.7,60
2024-06-04 20:00:00,1135.14,29.3,61
2024-06-04 21:00:00,1186.63,26.9,92
2024-06-04 22:00:00,1199.92,25.5,81
2024-06-04 23:00:00,1213.49,24.9,71
2024-06-05 00:00:00,1181.12,24.2,86
2024-06-05 01:00:00,1202.05,24.8,70
2024-06-05 02:00:00,1113.26,22.7,73
2024-06-05 03:00:00,1175.44,24.2,73
2024-06-05 04:00:00,1210.99,24.8,81
2024-06-05 05:00:00,1125.76,25.6,68
2024-06-05 06:00:00,1205.48,26.3,74
2024-06-05 07:00:00,1318.29,27.6,92
2024-06-05 08:00:00,1454.85,27.3,78
2024-06-05 09:00:00,1507.09,27.9,90
2024-06-05 10:00:00,1598.29,32.9,77
2024-06-05 11:00:00,1622.51,30.5,71
2024-06-05 12:00:00,1719.64,31.2,60
2024-06-05 13:00:00,1762.9,32.7,93
2024-06-05 14:00:00,1632.25,33.9,66
2024-06-05 15:00:00,1522.04,31.2,61
2024-06-05 16:00:00,1422.32,30.3,81
2024-06-05 17:00:00,1306.44,29.3,63
2024-06-05 18:00:00,1197.6,31.9,79
2024-06-05 19:00:00,1206.25,27.8,62
2024-06-05 20:00:00,1168.97,28.0,68
2024-06-05 21:00:00,1169.91,25.8,77
2024-06-05 22:00:00,1155.43,24.3,75
2024-06-05 23:00:00,1254.15,24.8,68
2024-06-06 00:00:00,1240.08,23.4,78
2024-06-06 01:00:00,1189.91,23.3,65
2024-06-06 02:00:00,1225.39,26.4,74
2024-06-06 03:00:00,1152.64,24.6,65
2024-06-06 04:00:00,1134.47,25.7,64
2024-06-06 05:00:00,1151.63,26.2,88
2024-06-06 06:00:00,1164.86,25.9,86
2024-06-06 07:00:00,1324.14,26.4,85
2024-06-06 08:00:00,1347.77,28.3,87
2024-06-06 09:00:00,1480.65,29.2,91
2024-06-06 10:00:00,1550.73,29.3,84
2024-06-06 11:00:00,1689.27,31.0,66
2024-06-06 12:00:00,1711.62,30.6,89
2024-06-06 13:00:00,1680.86,31.7,90
2024-06-06 14:00:00,1586.91,31.6,71
2024-06-06 15:00:00,1482.65,30.3,68
2024-06-06 16:00:00,1428.16,28.6,93
2024-06-06 17:00:00,1288.43,29.7,62
2024-06-06 18:00:00,1237.99,32.2,87
2024-06-06 19:00:00,1147.31,28.7,81
2024-06-06 20:00:00,1168.27,28.9,85
2024-06-06 21:00:00,1215.77,24.4,78
2024-06-06 22:00:00,1210.95,24.8,80
2024-06-06 23:00:00,1194.95,23.5,69
2024-06-07 00:00:00,1226.63,24.3,75
2024-06-07 01:00:00,1201.65,27.0,83
2024-06-07 02:00:00,1191.41,24.6,84
2024-06-07 03:00:00,1159.47,26.2,85
2024-06-07 04:00:00,1156.9,24.2,60
2024-06-07 05:00:00,1186.45,26.8,63
2024-06-07 06:00:00,1192.89,28.5,73
2024-06-07 07:00:00,1272.89,26.8,83
2024-06-07 08:00:00,1364.07,27.4,86
2024-06-07 09:00:00,1468.45,27.5,86
2024-06-07 10:00:00,1581.59,29.6,83
2024-06-07 11:00:00,1698.68,30.9,60
2024-06-07 12:00:00,1686.45,33.9,72
2024-06-07 13:00:00,1711.08,30.3,79
2024-06-07 14:00:00,1625.43,32.1,71
2024-06-07 15:00:00,1455.59,29.7,64
2024-06-07 16:00:00,1435.64,31.0,64
2024-06-07 17:00:00,1336.88,31.2,76
2024-06-07 18:00:00,1192.95,30.6,69
2024-06-07 19:00:00,1193.82,29.7,75
2024-06-07 20:00:00,1132.76,28.5,83
2024-06-07 21:00:00,1174.39,27.7,88
2024-06-07 22:00:00,1146.99,26.1,73
2024-06-07 23:00:00,1147.44,23.9,69
2024-06-08 00:00:00,1004.99,22.3,88
2024-06-08 01:00:00,1006.5,23.5,87
2024-06-08 02:00:00,977.97,23.8,76
2024-06-08 03:00:00,930.19,25.6,64
2024-06-08 04:00:00,949.41,24.4,61
2024-06-08 05:00:00,989.21,24.9,68
2024-06-08 06:00:00,1026.85,26.5,64
2024-06-08 07:00:00,1115.6,26.6,74
2024-06-08 08:00:00,1189.98,29.0,68
2024-06-08 09:00:00,1366.23,31.4,84
2024-06-08 10:00:00,1383.78,32.6,87
2024-06-08 11:00:00,1510.92,30.9,86
2024-06-08 12:00:00,1559.82,31.9,92
2024-06-08 13:00:00,1510.7,33.8,92
2024-06-08 14:00:00,1417.89,31.8,67
2024-06-08 15:00:00,1306.76,32.7,63
2024-06-08 16:00:00,1249.74,30.1,90
2024-06-08 17:00:00,1059.46,30.5,69
2024-06-08 18:00:00,994.54,31.4,67
2024-06-08 19:00:00,965.95,28.2,89
2024-06-08 20:00:00,1006.82,27.8,73
2024-06-08 21:00:00,985.02,25.1,94
2024-06-08 22:00:00,958.12,28.4,62
2024-06-08 23:00:00,1000.1,26.7,88
2024-06-09 00:00:00,997.59,24.8,75
2024-06-09 01:00:00,986.7,24.7,69
2024-06-09 02:00:00,1026.86,24.5,63
2024-06-09 03:00:00,924.32,25.8,63
2024-06-09 04:00:00,1020.42,23.9,61
2024-06-09 05:00:00,1009.48,26.1,70
2024-06-09 06:00:00,1067.31,27.3,74
2024-06-09 07:00:00,1093.71,28.4,70
2024-06-09 08:00:00,1208.89,25.3,82
2024-06-09 09:00:00,1275.76,28.3,89
2024-06-09 10:00:00,1407.29,28.8,60
2024-06-09 11:00:00,1511.84,31.0,92
2024-06-09 12:00:00,1564.52,29.0,82
2024-06-09 13:00:00,1455.82,29.4,77
2024-06-09 14:00:00,1412.89,34.6,69
2024-06-09 15:00:00,1320.66,32.6,76
2024-06-09 16:00:00,1165.33,31.6,66
2024-06-09 17:00:00,1130.67,31.3,74
2024-06-09 18:00:00,1003.86,30.2,86
2024-06-09 19:00:00,973.74,30.2,68
2024-06-09 20:00:00,948.39,27.2,80
2024-06-09 21:00:00,944.81,27.2,88
2024-06-09 22:00:00,992.47,26.3,92
2024-06-09 23:00:00,1004.12,23.9,65
2024-06-10 00:00:00,1206.73,26.1,84
2024-06-10 01:00:00,1186.7,23.6,94
2024-06-10 02:00:00,1204.44,25.2,76
2024-06-10 03:00:00,1230.87,24.3,86
2024-06-10 04:00:00,1169.67,26.5,84
2024-06-10 05:00:00,1216.01,23.9,71
2024-06-10 06:00:00,1181.13,24.7,84
2024-06-10 07:00:00,1316.09,25.9,61
2024-06-10 08:00:00,1376.39,28.2,60
2024-06-10 09:00:00,1474.88,30.9,62
2024-06-10 10:00:00,1600.43,31.9,88
2024-06-10 11:00:00,1736.93,28.1,73
2024-06-10 12:00:00,1753.07,31.8,93
2024-06-10 13:00:00,1703.73,28.0,81
2024-06-10 14:00:00,1572.69,33.0,74
2024-06-10 15:00:00,1519.74,33.2,69
2024-06-10 16:00:00,1425.4,31.4,68
2024-06-10 17:00:00,1316.77,30.9,94
2024-06-10 18:00:00,1165.32,30.1,76
2024-06-10 19:00:00,1150.07,28.1,77
2024-06-10 20:00:00,1162.62,28.5,84
2024-06-10 21:00:00,1191.86,26.7,94
2024-06-10 22:00:00,1116.5,27.1,75
2024-06-10 23:00:00,1206.65,25.0,84
2024-06-11 00:00:00,1225.36,23.5,75
2024-06-11 01:00:00,1242.53,22.3,83
2024-06-11 02:00:00,1218.11,21.8,71
2024-06-11 03:00:00,1193.98,25.7,94
2024-06-11 04:00:00,1137.38,24.0,68
2024-06-11 05:00:00,1114.97,25.6,91
2024-06-11 06:00:00,1216.63,28.1,78
2024-06-11 07:00:00,1346.23,26.3,81
2024-06-11 08:00:00,1464.17,27.2,93
2024-06-11 09:00:00,1552.05,28.9,78
2024-06-11 10:00:00,1641.94,30.0,71
2024-06-11 11:00:00,1709.11,33.1,77
2024-06-11 12:00:00,1700.95,33.3,64
2024-06-11 13:00:00,1691.28,32.6,85
2024-06-11 14:00:00,1685.35,33.7,86
2024-06-11 15:00:00,1494.22,31.6,79
2024-06-11 16:00:00,1471.96,31.8,67
2024-06-11 17:00:00,1299.96,30.5,75
2024-06-11 18:00:00,1276.84,28.5,61
2024-06-11 19:00:00,1132.59,30.5,60
2024-06-11 20:00:00,1185.97,28.6,64
2024-06-11 21:00:00,1147.91,27.0,90
2024-06-11 22:00:00,1144.44,26.0,82
2024-06-11 23:00:00,1220.57,23.4,80
2024-06-12 00:00:00,1256.23,23.4,71
2024-06-12 01:00:00,1183.77,24.5,63
2024-06-12 02:00:00,1141.94,23.4,70
2024-06-12 03:00:00,1170.93,23.9,68
2024-06-12 04:00:00,1162.86,24.4,85
2024-06-12 05:00:00,1201.49,24.4,86
2024-06-12 06:00:00,1264.17,24.8,88
2024-06-12 07:00:00,1309.64,25.0,84
2024-06-12 08:00:00,1480.89,27.8,77
2024-06-12 09:00:00,1535.58,29.8,89
2024-06-12 10:00:00,1615.34,28.0,67
2024-06-12 11:00:00,1639.96,30.8,61
2024-06-12 12:00:00,1711.77,31.8,81
2024-06-12 13:00:00,1684.6,30.7,80
2024-06-12 14:00:00,1661.1,33.7,85
2024-06-12 15:00:00,1543.95,31.4,88
2024-06-12 16:00:00,1374.71,31.3,64
2024-06-12 17:00:00,1317.81,30.6,73
2024-06-12 18:00:00,1254.51,27.9,94
2024-06-12 19:00:00,1235.86,30.2,65
2024-06-12 20:00:00,1197.08,26.9,82
2024-06-12 21:00:00,1200.87,26.7,76
2024-06-12 22:00:00,1196.62,26.7,83
2024-06-12 23:00:00,1227.06,26.9,88
2024-06-13 00:00:00,1265.13,23.2,89
2024-06-13 01:00:00,1167.2,23.6,83
2024-06-13 02:00:00,1182.67,25.7,94
2024-06-13 03:00:00,1147.6,24.7,61
2024-06-13 04:00:00,1179.69,25.3,80
2024-06-13 05:00:00,1225.85,23.9,64
2024-06-13 06:00:00,1210.54,25.5,94
2024-06-13 07:00:00,1228.56,26.8,94
2024-06-13 08:00:00,1402.01,27.0,78
2024-06-13 09:00:00,1560.2,27.0,75
2024-06-13 10:00:00,1646.78,29.4,84
2024-06-13 11:00:00,1711.85,32.5,75
2024-06-13 12:00:00,1711.66,31.5,90
2024-06-13 13:00:00,1652.11,33.5,92
2024-06-13 14:00:00,1646.02,32.2,76
2024-06-13 15:00:00,1499.06,30.9,80
2024-06-13 16:00:00,1492.93,33.0,94
2024-06-13 17:00:00,1332.24,31.1,82
2024-06-13 18:00:00,1211.18,31.2,75
2024-06-13 19:00:00,1161.48,27.8,73
2024-06-13 20:00:00,1163.26,29.2,92
2024-06-13 21:00:00,1166.36,28.2,80
2024-06-13 22:00:00,1234.1,26.3,76
2024-06-13 23:00:00,1220.49,24.2,63
2024-06-14 00:00:00,1196.23,24.5,75
2024-06-14 01:00:00,1280.45,24.9,89
2024-06-14 02:00:00,1197.07,24.3,93
2024-06-14 03:00:00,1201.99,24.9,81
2024-06-14 04:00:00,1145.57,25.8,88
2024-06-14 05:00:00,1195.95,24.4,64
2024-06-14 06:00:00,1242.76,24.6,60
2024-06-14 07:00:00,1246.52,26.9,84
2024-06-14 08:00:00,1487.42,27.6,65
2024-06-14 09:00:00,1573.84,30.0,82
2024-06-14 10:00:00,1614.5,28.7,92
2024-06-14 11:00:00,1658.73,32.1,73
2024-06-14 12:00:00,1734.07,33.1,77
2024-06-14 13:00:00,1700.35,31.9,69
2024-06-14 14:00:00,1640.87,32.1,71
2024-06-14 15:00:00,1535.41,30.9,82
2024-06-14 16:00:00,1434.65,30.8,66
2024-06-14 17:00:00,1363.37,30.3,84
2024-06-14 18:00:00,1251.82,31.7,72
2024-06-14 19:00:00,1146.58,28.9,78
2024-06-14 20:00:00,1214.64,26.4,81
2024-06-14 21:00:00,1232.6,27.3,70
2024-06-14 22:00:00,1305.78,27.0,62
2024-06-14 23:00:00,1175.09,25.1,78
2024-06-15 00:00:00,1030.73,26.3,86
2024-06-15 01:00:00,941.8,25.1,66
2024-06-15 02:00:00,1015.09,22.7,86
2024-06-15 03:00:00,956.28,23.5,93
2024-06-15 04:00:00,1034.57,24.8,70
2024-06-15 05:00:00,956.52,23.2,64
2024-06-15 06:00:00,973.14,26.4,66
2024-06-15 07:00:00,1096.56,24.9,64
2024-06-15 08:00:00,1148.13,29.2,64
2024-06-15 09:00:00,1355.34,30.1,86
2024-06-15 10:00:00,1356.51,30.6,88
2024-06-15 11:00:00,1498.69,30.0,86
2024-06-15 12:00:00,1449.57,31.7,91
2024-06-15 13:00:00,1486.5,31.2,84
2024-06-15 14:00:00,1486.33,30.8,93
2024-06-15 15:00:00,1341.71,31.5,74
2024-06-15 16:00:00,1187.1,32.3,93
2024-06-15 17:00:00,1112.01,30.9,94
2024-06-15 18:00:00,1032.96,31.7,79
2024-06-15 19:00:00,1000.25,30.0,83
2024-06-15 20:00:00,919.5,28.8,93
2024-06-15 21:00:00,996.31,25.0,93
2024-06-15 22:00:00,901.19,25.7,86
2024-06-15 23:00:00,992.76,23.9,80
2024-06-16 00:00:00,1005.48,24.3,92
2024-06-16 01:00:00,1037.18,23.3,84
2024-06-16 02:00:00,996.86,23.5,66
2024-06-16 03:00:00,926.61,25.4,69
2024-06-16 04:00:00,933.11,25.1,69
2024-06-16 05:00:00,990.92,26.4,83
2024-06-16 06:00:00,1029.83,24.1,69
2024-06-16 07:00:00,1093.12,27.0,85
2024-06-16 08:00:00,1200.78,29.2,89
2024-06-16 09:00:00,1353.76,30.8,86
2024-06-16 10:00:00,1411.01,28.1,78
2024-06-16 11:00:00,1494.95,30.4,60
2024-06-16 12:00:00,1598.58,32.7,92
2024-06-16 13:00:00,1448.21,31.6,70
2024-06-16 14:00:00,1364.34,30.9,93
2024-06-16 15:00:00,1356.85,30.0,75
2024-06-16 16:00:00,1193.9,30.3,60
2024-06-16 17:00:00,1102.31,28.8,87
2024-06-16 18:00:00,1005.33,30.1,74
2024-06-16 19:00:00,974.95,30.1,75
2024-06-16 20:00:00,1023.63,26.5,91
2024-06-16 21:00:00,1003.98,27.3,60
2024-06-16 22:00:00,1026.36,27.0,68
2024-06-16 23:00:00,965.57,25.2,88
2024-06-17 00:00:00,1182.56,22.6,84
2024-06-17 01:00:00,1115.93,24.6,70
2024-06-17 02:00:00,1168.03,23.9,70
2024-06-17 03:00:00,1209.57,23.9,65
2024-06-17 04:00:00,1185.96,23.9,93
2024-06-17 05:00:00,1176.5,25.3,73
2024-06-17 06:00:00,1232.1,26.6,67
2024-06-17 07:00:00,1289.56,29.8,84
2024-06-17 08:00:00,1425.06,28.1,63
2024-06-17 09:00:00,1556.48,30.8,90
2024-06-17 10:00:00,1572.86,30.4,80
2024-06-17 11:00:00,1708.8,30.7,91
2024-06-17 12:00:00,1755.55,31.6,73
2024-06-17 13:00:00,1683.8,30.4,87
2024-06-17 14:00:00,1653.96,32.4,84
2024-06-17 15:00:00,1628.22,29.5,87
2024-06-17 16:00:00,1414.29,30.4,74
2024-06-17 17:00:00,1327.49,31.0,81
2024-06-17 18:00:00,1207.12,31.4,65
2024-06-17 19:00:00,1190.67,30.8,61
2024-06-17 20:00:00,1184.07,27.7,65
2024-06-17 21:00:00,1183.01,27.2,82
2024-06-17 22:00:00,1160.78,27.2,85
2024-06-17 23:00:00,1222.64,23.6,70
2024-06-18 00:00:00,1274.26,25.0,60
2024-06-18 01:00:00,1231.23,23.1,87
2024-06-18 02:00:00,1230.25,23.8,81
2024-06-18 03:00:00,1168.02,23.6,72
2024-06-18 04:00:00,1194.35,25.1,81
2024-06-18 05:00:00,1194.25,25.8,63
2024-06-18 06:00:00,1199.83,27.1,77
2024-06-18 07:00:00,1325.05,27.4,76
2024-06-18 08:00:00,1383.41,28.2,84
2024-06-18 09:00:00,1507.76,31.3,76
2024-06-18 10:00:00,1636.27,28.2,88
2024-06-18 11:00:00,1708.95,32.9,67
2024-06-18 12:00:00,1681.52,31.1,88
2024-06-18 13:00:00,1735.45,32.5,74
2024-06-18 14:00:00,1649.69,31.6,92
2024-06-18 15:00:00,1505.28,31.0,69
2024-06-18 16:00:00,1364.35,32.0,70
2024-06-18 17:00:00,1308.89,32.1,94
2024-06-18 18:00:00,1217.57,30.6,93
2024-06-18 19:00:00,1188.52,28.4,91
2024-06-18 20:00:00,1155.48,32.3,81
2024-06-18 21:00:00,1106.16,28.4,63
2024-06-18 22:00:00,1183.11,27.1,61
2024-06-18 23:00:00,1204.95,24.7,92
2024-06-19 00:00:00,1245.43,23.8,68
2024-06-19 01:00:00,1191.27,23.8,94
2024-06-19 02:00:00,1255.51,25.3,90
2024-06-19 03:00:00,1109.59,22.9,73
2024-06-19 04:00:00,1214.17,23.3,90
2024-06-19 05:00:00,1176.81,25.8,92
2024-06-19 06:00:00,1263.38,26.4,75
2024-06-19 07:00:00,1316.87,26.0,79
2024-06-19 08:00:00,1458.19,26.7,73
2024-06-19 09:00:00,1516.53,30.8,94
2024-06-19 10:00:00,1591.37,30.4,92
2024-06-19 11:00:00,1748.44,29.2,88
2024-06-19 12:00:00,1719.35,29.9,67
2024-06-19 13:00:00,1706.49,31.4,93
2024-06-19 14:00:00,1673.06,32.9,73
2024-06-19 15:00:00,1494.0,32.6,73
2024-06-19 16:00:00,1439.19,32.8,74
2024-06-19 17:00:00,1293.49,29.0,79
2024-06-19 18:00:00,1228.73,30.3,87
2024-06-19 19:00:00,1187.27,30.7,63
2024-06-19 20:00:00,1115.86,29.6,66
2024-06-19 21:00:00,1149.34,27.4,61
2024-06-19 22:00:00,1244.16,28.8,68
2024-06-19 23:00:00,1246.84,25.9,82
2024-06-20 00:00:00,1221.19,25.8,71
2024-06-20 01:00:00,1224.34,24.2,82
2024-06-20 02:00:00,1186.59,23.1,90
2024-06-20 03:00:00,1224.1,23.1,70
2024-06-20 04:00:00,1161.39,24.8,60
2024-06-20 05:00:00,1192.89,24.9,72
2024-06-20 06:00:00,1273.52,23.9,88
2024-06-20 07:00:00,1286.99,25.7,65
2024-06-20 08:00:00,1472.98,27.6,90
2024-06-20 09:00:00,1476.64,29.9,68
2024-06-20 10:00:00,1686.98,30.0,77
2024-06-20 11:00:00,1685.8,30.7,62
2024-06-20 12:00:00,1714.95,30.3,91
2024-06-20 13:00:00,1632.71,31.9,62
2024-06-20 14:00:00,1614.05,33.6,89
2024-06-20 15:00:00,1493.85,32.1,65
2024-06-20 16:00:00,1397.2,29.7,86
2024-06-20 17:00:00,1309.45,29.3,61
2024-06-20 18:00:00,1267.0,30.7,79
2024-06-20 19:00:00,1192.13,28.8,76
2024-06-20 20:00:00,1179.26,27.9,92
2024-06-20 21:00:00,1138.38,26.2,76
2024-06-20 22:00:00,1166.17,26.6,88
2024-06-20 23:00:00,1278.91,24.8,68
2024-06-21 00:00:00,1197.72,24.3,63
2024-06-21 01:00:00,1273.86,23.1,72
2024-06-21 02:00:00,1188.45,25.1,65
2024-06-21 03:00:00,1176.77,23.9,68
2024-06-21 04:00:00,1205.93,25.3,85
2024-06-21 05:00:00,1229.37,23.7,73
2024-06-21 06:00:00,1229.6,28.1,93
2024-06-21 07:00:00,1300.68,28.5,63
2024-06-21 08:00:00,1416.54,25.7,80
2024-06-21 09:00:00,1542.11,28.1,90
2024-06-21 10:00:00,1661.21,30.6,80
2024-06-21 11:00:00,1699.06,29.2,88
2024-06-21 12:00:00,1745.18,31.3,83
2024-06-21 13:00:00,1756.27,32.4,75
2024-06-21 14:00:00,1643.38,31.8,68
2024-06-21 15:00:00,1541.22,32.5,80
2024-06-21 16:00:00,1365.38,30.6,61
2024-06-21 17:00:00,1222.25,28.1,61
2024-06-21 18:00:00,1247.14,31.2,64
2024-06-21 19:00:00,1181.61,30.2,65
2024-06-21 20:00:00,1150.55,31.0,67
2024-06-21 21:00:00,1185.32,24.3,91
2024-06-21 22:00:00,1194.95,26.9,72
2024-06-21 23:00:00,1255.49,22.8,62
2024-06-22 00:00:00,1026.48,26.6,68
2024-06-22 01:00:00,989.77,24.7,63
2024-06-22 02:00:00,1031.63,22.9,87
2024-06-22 03:00:00,969.11,25.1,75
2024-06-22 04:00:00,986.92,23.9,70
2024-06-22 05:00:00,968.16,25.5,78
2024-06-22 06:00:00,1010.76,26.2,81
2024-06-22 07:00:00,1117.23,29.1,71
2024-06-22 08:00:00,1218.96,30.2,89
2024-06-22 09:00:00,1347.09,28.3,64
2024-06-22 10:00:00,1420.63,31.3,91
2024-06-22 11:00:00,1434.66,31.3,93
2024-06-22 12:00:00,1508.39,29.8,71
2024-06-22 13:00:00,1526.73,31.0,61
2024-06-22 14:00:00,1419.64,34.8,66
2024-06-22 15:00:00,1321.7,32.3,91
2024-06-22 16:00:00,1253.08,32.7,94
2024-06-22 17:00:00,1089.43,30.6,65
2024-06-22 18:00:00,979.57,29.4,81
2024-06-22 19:00:00,979.32,29.1,84
2024-06-22 20:00:00,951.63,27.7,72
2024-06-22 21:00:00,942.99,25.2,82
2024-06-22 22:00:00,990.95,24.8,68
2024-06-22 23:00:00,1033.24,26.0,89
2024-06-23 00:00:00,1023.1,24.1,79
2024-06-23 01:00:00,1026.62,24.2,75
2024-06-23 02:00:00,1060.4,24.3,81
2024-06-23 03:00:00,964.67,24.5,69
2024-06-23 04:00:00,978.19,25.9,79
2024-06-23 05:00:00,967.01,23.9,61
2024-06-23 06:00:00,1003.84,26.7,62
2024-06-23 07:00:00,1093.78,27.9,67
2024-06-23 08:00:00,1201.72,29.2,68
2024-06-23 09:00:00,1342.84,27.3,87
2024-06-23 10:00:00,1512.21,30.3,80
2024-06-23 11:00:00,1473.84,32.9,92
2024-06-23 12:00:00,1508.92,31.3,93
2024-06-23 13:00:00,1496.7,32.4,63
2024-06-23 14:00:00,1443.87,32.9,84
2024-06-23 15:00:00,1339.52,30.6,91
2024-06-23 16:00:00,1263.46,33.7,71
2024-06-23 17:00:00,1029.38,31.4,61
2024-06-23 18:00:00,949.99,30.6,71
2024-06-23 19:00:00,967.55,27.0,85
2024-06-23 20:00:00,1006.95,29.0,80
2024-06-23 21:00:00,921.97,27.6,77
2024-06-23 22:00:00,891.78,27.9,83
2024-06-23 23:00:00,1035.99,24.8,89
2024-06-24 00:00:00,1231.87,23.4,76
2024-06-24 01:00:00,1177.63,23.3,75
2024-06-24 02:00:00,1162.35,23.4,76
2024-06-24 03:00:00,1142.64,22.8,71
2024-06-24 04:00:00,1172.23,26.1,86
2024-06-24 05:00:00,1162.82,26.8,63
2024-06-24 06:00:00,1250.67,25.8,94
2024-06-24 07:00:00,1214.25,26.5,60
2024-06-24 08:00:00,1388.4,25.8,71
2024-06-24 09:00:00,1490.76,29.9,88
2024-06-24 10:00:00,1620.93,32.0,67
2024-06-24 11:00:00,1679.98,30.1,67
2024-06-24 12:00:00,1751.33,31.3,71
2024-06-24 13:00:00,1633.74,32.4,93
2024-06-24 14:00:00,1631.52,34.1,63
2024-06-24 15:00:00,1549.74,32.1,70
2024-06-24 16:00:00,1483.41,31.7,62
2024-06-24 17:00:00,1297.36,31.0,69
2024-06-24 18:00:00,1244.8,28.3,71
2024-06-24 19:00:00,1121.69,27.3,68
2024-06-24 20:00:00,1084.74,27.0,80
2024-06-24 21:00:00,1206.25,28.2,93
2024-06-24 22:00:00,1196.76,25.6,81
2024-06-24 23:00:00,1257.16,24.5,77
2024-06-25 00:00:00,1175.13,23.9,65
2024-06-25 01:00:00,1233.84,24.0,84
2024-06-25 02:00:00,1262.11,26.0,74
2024-06-25 03:00:00,1191.13,24.0,60
2024-06-25 04:00:00,1177.9,23.6,77
2024-06-25 05:00:00,1184.9,25.2,90
2024-06-25 06:00:00,1178.25,28.1,79
2024-06-25 07:00:00,1361.46,26.4,84
2024-06-25 08:00:00,1396.86,26.6,92
2024-06-25 09:00:00,1547.68,28.4,69
2024-06-25 10:00:00,1575.05,30.2,88
2024-06-25 11:00:00,1657.38,31.7,78
2024-06-25 12:00:00,1773.49,32.7,87
2024-06-25 13:00:00,1686.52,30.6,86
2024-06-25 14:00:00,1680.65,30.9,78
2024-06-25 15:00:00,1527.32,31.5,90
2024-06-25 16:00:00,1353.82,32.3,94
2024-06-25 17:00:00,1345.3,29.3,73
2024-06-25 18:00:00,1212.65,29.3,65
2024-06-25 19:00:00,1209.13,28.3,68
2024-06-25 20:00:00,1169.19,29.1,86
2024-06-25 21:00:00,1122.53,27.6,76
2024-06-25 22:00:00,1202.57,27.1,63
2024-06-25 23:00:00,1292.64,26.8,83
2024-06-26 00:00:00,1240.26,24.2,75
2024-06-26 01:00:00,1213.44,22.7,76
2024-06-26 02:00:00,1234.14,22.6,62
2024-06-26 03:00:00,1183.61,21.9,62
2024-06-26 04:00:00,1175.36,24.0,94
2024-06-26 05:00:00,1146.19,24.7,62
2024-06-26 06:00:00,1241.22,26.9,75
2024-06-26 07:00:00,1350.06,27.0,79
2024-06-26 08:00:00,1388.78,27.4,65
2024-06-26 09:00:00,1579.69,28.9,92
2024-06-26 10:00:00,1626.35,28.8,86
2024-06-26 11:00:00,1667.4,32.1,89
2024-06-26 12:00:00,1757.99,30.5,94
2024-06-26 13:00:00,1688.44,30.5,77
2024-06-26 14:00:00,1656.17,33.0,89
2024-06-26 15:00:00,1519.65,32.6,85
2024-06-26 16:00:00,1416.0,29.4,74
2024-06-26 17:00:00,1331.15,31.9,91
2024-06-26 18:00:00,1243.29,29.1,94
2024-06-26 19:00:00,1114.64,28.6,71
2024-06-26 20:00:00,1128.87,28.2,80
2024-06-26 21:00:00,1208.87,27.7,71
2024-06-26 22:00:00,1192.0,26.5,60
2024-06-26 23:00:00,1197.24,25.1,70
2024-06-27 00:00:00,1175.2,24.0,84
2024-06-27 01:00:00,1177.41,24.6,68
2024-06-27 02:00:00,1125.49,23.9,86
2024-06-27 03:00:00,1172.45,26.3,88
2024-06-27 04:00:00,1146.83,25.2,86
2024-06-27 05:00:00,1150.32,24.1,87
2024-06-27 06:00:00,1230.4,25.4,77
2024-06-27 07:00:00,1326.31,27.0,74
2024-06-27 08:00:00,1491.06,29.6,75
2024-06-27 09:00:00,1476.66,30.7,82
2024-06-27 10:00:00,1669.89,29.5,89
2024-06-27 11:00:00,1732.28,29.7,94
2024-06-27 12:00:00,1695.55,30.2,87
2024-06-27 13:00:00,1705.34,32.2,62
2024-06-27 14:00:00,1613.32,34.8,75
2024-06-27 15:00:00,1536.11,32.5,74
2024-06-27 16:00:00,1470.66,29.6,78
2024-06-27 17:00:00,1334.83,30.0,69
2024-06-27 18:00:00,1250.66,29.3,63
2024-06-27 19:00:00,1169.17,28.0,81
2024-06-27 20:00:00,1115.92,27.5,77
2024-06-27 21:00:00,1168.8,27.4,81
2024-06-27 22:00:00,1238.6,26.8,75
2024-06-27 23:00:00,1161.87,26.5,62
2024-06-28 00:00:00,1185.52,25.2,94
2024-06-28 01:00:00,1219.32,21.8,75
2024-06-28 02:00:00,1161.49,22.7,80
2024-06-28 03:00:00,1147.95,23.9,80
2024-06-28 04:00:00,1152.65,24.7,60
2024-06-28 05:00:00,1136.05,26.2,89
2024-06-28 06:00:00,1198.39,26.1,93
2024-06-28 07:00:00,1337.89,27.0,82
2024-06-28 08:00:00,1371.74,28.3,93
2024-06-28 09:00:00,1473.35,28.7,89
2024-06-28 10:00:00,1606.96,30.1,92
2024-06-28 11:00:00,1723.54,32.2,75
2024-06-28 12:00:00,1715.63,31.4,89
2024-06-28 13:00:00,1681.67,31.8,62
2024-06-28 14:00:00,1630.59,32.0,61
2024-06-28 15:00:00,1468.21,33.4,85
2024-06-28 16:00:00,1434.86,30.1,77
2024-06-28 17:00:00,1326.75,33.0,61
2024-06-28 18:00:00,1218.23,28.6,62
2024-06-28 19:00:00,1219.14,28.3,76
2024-06-28 20:00:00,1128.1,28.9,83
2024-06-28 21:00:00,1215.27,28.2,61
2024-06-28 22:00:00,1201.48,24.3,65
2024-06-28 23:00:00,1203.24,23.9,85
2024-06-29 00:00:00,1021.4,24.9,65
2024-06-29 01:00:00,1010.79,26.9,71
2024-06-29 02:00:00,1038.31,25.5,80
2024-06-29 03:00:00,937.65,23.8,75
2024-06-29 04:00:00,940.43,21.6,65
2024-06-29 05:00:00,1019.77,25.3,93
2024-06-29 06:00:00,1011.29,26.4,62
2024-06-29 07:00:00,1144.44,26.5,78
2024-06-29 08:00:00,1276.62,27.0,88
2024-06-29 09:00:00,1314.86,29.2,91
2024-06-29 10:00:00,1452.51,28.9,69
2024-06-29 11:00:00,1457.18,33.1,86
2024-06-29 12:00:00,1548.58,33.3,88
2024-06-29 13:00:00,1504.55,32.7,72
2024-06-29 14:00:00,1445.24,32.1,79
2024-06-29 15:00:00,1306.36,31.1,87
2024-06-29 16:00:00,1159.05,31.4,86
2024-06-29 17:00:00,1130.59,32.8,72
2024-06-29 18:00:00,959.98,31.0,84
2024-06-29 19:00:00,972.47,29.3,88
2024-06-29 20:00:00,1000.15,29.1,74
2024-06-29 21:00:00,982.16,27.6,89
2024-06-29 22:00:00,1063.91,26.5,91
2024-06-29 23:00:00,1050.55,26.3,66
2024-06-30 00:00:00,998.8,25.2,94
2024-06-30 01:00:00,1015.09,25.2,92
2024-06-30 02:00:00,993.54,24.2,71
2024-06-30 03:00:00,919.55,23.8,82
2024-06-30 04:00:00,933.8,23.9,64
2024-06-30 05:00:00,963.46,24.4,90
2024-06-30 06:00:00,960.46,24.1,75
2024-06-30 07:00:00,1114.17,25.9,92
2024-06-30 08:00:00,1208.02,26.9,60
2024-06-30 09:00:00,1269.97,28.4,81
2024-06-30 10:00:00,1442.4,31.9,87
2024-06-30 11:00:00,1522.21,30.6,64
2024-06-30 12:00:00,1529.7,31.8,63
2024-06-30 13:00:00,1485.83,32.2,60
2024-06-30 14:00:00,1448.98,33.9,74
2024-06-30 15:00:00,1352.36,31.2,83
2024-06-30 16:00:00,1227.54,31.2,82
2024-06-30 17:00:00,1083.71,30.7,66
2024-06-30 18:00:00,1041.47,31.4,90
2024-06-30 19:00:00,1025.01,30.6,66
2024-06-30 20:00:00,945.92,28.6,72
2024-06-30 21:00:00,1048.46,28.4,63
2024-06-30 22:00:00,976.91,26.2,77
2024-06-30 23:00:00,1015.4,25.0,78
2024-07-01 00:00:00,1197.69,26.0,75
2024-07-01 01:00:00,1221.49,24.7,77
2024-07-01 02:00:00,1133.76,23.1,75
2024-07-01 03:00:00,1155.36,25.3,90
2024-07-01 04:00:00,1128.03,24.3,84
2024-07-01 05:00:00,1187.37,24.8,61
2024-07-01 06:00:00,1266.07,27.1,87
2024-07-01 07:00:00,1334.66,26.9,75
2024-07-01 08:00:00,1333.27,28.5,94
2024-07-01 09:00:00,1599.53,29.8,83
2024-07-01 10:00:00,1638.13,29.1,94
2024-07-01 11:00:00,1669.52,31.3,89
2024-07-01 12:00:00,1726.8,33.1,70
2024-07-01 13:00:00,1702.87,30.7,93
2024-07-01 14:00:00,1604.48,32.5,83
2024-07-01 15:00:00,1535.02,30.9,88
2024-07-01 16:00:00,1395.06,32.7,63
2024-07-01 17:00:00,1297.96,32.0,89
2024-07-01 18:00:00,1207.31,29.6,73
2024-07-01 19:00:00,1132.57,31.7,83
2024-07-01 20:00:00,1171.45,29.3,93
2024-07-01 21:00:00,1195.06,27.8,74
2024-07-01 22:00:00,1212.87,26.8,94
2024-07-01 23:00:00,1242.5,26.4,88
2024-07-02 00:00:00,1232.07,23.3,63
2024-07-02 01:00:00,1194.52,24.4,74
2024-07-02 02:00:00,1223.61,24.5,70
2024-07-02 03:00:00,1126.44,23.7,74
2024-07-02 04:00:00,1134.22,25.1,80
2024-07-02 05:00:00,1148.37,26.6,94
2024-07-02 06:00:00,1268.55,25.5,82
2024-07-02 07:00:00,1344.54,26.9,69
2024-07-02 08:00:00,1432.82,27.0,63
2024-07-02 09:00:00,1565.06,26.9,84
2024-07-02 10:00:00,1596.51,30.9,61
2024-07-02 11:00:00,1708.39,30.8,78
2024-07-02 12:00:00,1716.4,31.5,83
2024-07-02 13:00:00,1725.84,30.7,67
2024-07-02 14:00:00,1623.27,31.8,65
2024-07-02 15:00:00,1514.11,33.2,79
2024-07-02 16:00:00,1434.74,31.5,73
2024-07-02 17:00:00,1342.26,30.9,65
2024-07-02 18:00:00,1207.43,30.2,71
2024-07-02 19:00:00,1180.06,27.6,66
2024-07-02 20:00:00,1128.79,28.7,89
2024-07-02 21:00:00,1086.63,25.5,75
2024-07-02 22:00:00,1201.35,24.9,67
2024-07-02 23:00:00,1234.6,23.9,73
2024-07-03 00:00:00,1229.33,24.3,79
2024-07-03 01:00:00,1144.37,23.7,87
2024-07-03 02:00:00,1181.38,24.0,65
2024-07-03 03:00:00,1095.75,23.0,89
2024-07-03 04:00:00,1213.12,25.7,63
2024-07-03 05:00:00,1143.54,26.2,62
2024-07-03 06:00:00,1274.13,25.8,69
2024-07-03 07:00:00,1344.08,26.4,86
2024-07-03 08:00:00,1383.68,27.3,77
2024-07-03 09:00:00,1487.33,28.7,70
2024-07-03 10:00:00,1638.98,28.3,94
2024-07-03 11:00:00,1666.07,29.7,72
2024-07-03 12:00:00,1723.81,32.5,82
2024-07-03 13:00:00,1678.73,32.2,68
2024-07-03 14:00:00,1564.4,34.0,63
2024-07-03 15:00:00,1448.95,31.5,90
2024-07-03 16:00:00,1423.18,31.0,62
2024-07-03 17:00:00,1291.38,30.3,76
2024-07-03 18:00:00,1210.9,29.6,75
2024-07-03 19:00:00,1205.99,28.2,61
2024-07-03 20:00:00,1206.34,28.3,64
2024-07-03 21:00:00,1163.96,27.0,92
2024-07-03 22:00:00,1181.85,25.4,72
2024-07-03 23:00:00,1230.23,26.7,71
2024-07-04 00:00:00,1172.05,26.8,78
2024-07-04 01:00:00,1219.8,25.5,81
2024-07-04 02:00:00,1212.36,24.7,67
2024-07-04 03:00:00,1196.59,25.1,63
2024-07-04 04:00:00,1096.77,26.8,66
2024-07-04 05:00:00,1154.29,26.1,81
2024-07-04 06:00:00,1198.83,25.3,77
2024-07-04 07:00:00,1313.86,27.4,65
2024-07-04 08:00:00,1431.41,28.8,63
2024-07-04 09:00:00,1578.75,27.8,71
2024-07-04 10:00:00,1608.78,29.7,61
2024-07-04 11:00:00,1677.59,32.1,62
2024-07-04 12:00:00,1759.84,29.3,80
2024-07-04 13:00:00,1705.4,30.4,72
2024-07-04 14:00:00,1670.49,31.8,73
2024-07-04 15:00:00,1536.51,32.3,89
2024-07-04 16:00:00,1374.13,29.8,77
2024-07-04 17:00:00,1263.76,30.7,72
2024-07-04 18:00:00,1175.34,31.4,73
2024-07-04 19:00:00,1204.19,29.1,84
2024-07-04 20:00:00,1206.25,29.1,86
2024-07-04 21:00:00,1237.61,26.3,82
2024-07-04 22:00:00,1222.67,25.0,66
2024-07-04 23:00:00,1252.81,26.2,69
2024-07-05 00:00:00,1198.57,25.0,84
2024-07-05 01:00:00,1170.84,22.7,94
2024-07-05 02:00:00,1222.13,23.0,83
2024-07-05 03:00:00,1186.73,26.0,70
2024-07-05 04:00:00,1167.65,23.4,79
2024-07-05 05:00:00,1193.83,26.3,69
2024-07-05 06:00:00,1240.22,25.4,80
2024-07-05 07:00:00,1354.63,27.0,87
2024-07-05 08:00:00,1459.24,28.4,87
2024-07-05 09:00:00,1544.75,26.5,86
2024-07-05 10:00:00,1655.04,28.2,92
2024-07-05 11:00:00,1712.33,30.9,63
2024-07-05 12:00:00,1702.8,30.6,94
2024-07-05 13:00:00,1720.83,33.1,79
2024-07-05 14:00:00,1576.65,30.1,65
2024-07-05 15:00:00,1562.62,32.5,65
2024-07-05 16:00:00,1372.15,29.8,76
2024-07-05 17:00:00,1319.75,30.4,78
2024-07-05 18:00:00,1199.39,28.7,76
2024-07-05 19:00:00,1199.72,31.3,62
2024-07-05 20:00:00,1162.8,26.4,93
2024-07-05 21:00:00,1116.4,26.8,63
2024-07-05 22:00:00,1207.21,23.9,82
2024-07-05 23:00:00,1191.22,27.1,77
2024-07-06 00:00:00,1048.99,25.0,93
2024-07-06 01:00:00,1010.65,24.3,88
2024-07-06 02:00:00,1005.5,25.8,74
2024-07-06 03:00:00,937.88,24.3,70
2024-07-06 04:00:00,942.55,24.8,68
2024-07-06 05:00:00,963.5,25.3,94
2024-07-06 06:00:00,1058.17,26.7,69
2024-07-06 07:00:00,1167.68,26.4,88
2024-07-06 08:00:00,1185.02,27.7,65
2024-07-06 09:00:00,1362.67,30.0,78
2024-07-06 10:00:00,1348.78,30.3,85
2024-07-06 11:00:00,1451.82,30.7,68
2024-07-06 12:00:00,1484.66,29.8,72
2024-07-06 13:00:00,1446.29,33.7,85
2024-07-06 14:00:00,1369.31,31.2,79
2024-07-06 15:00:00,1339.47,33.0,61
2024-07-06 16:00:00,1205.75,31.7,63
2024-07-06 17:00:00,1122.31,29.3,66
2024-07-06 18:00:00,1052.42,31.5,78
2024-07-06 19:00:00,988.93,29.3,94
2024-07-06 20:00:00,986.29,29.6,70
2024-07-06 21:00:00,969.06,26.7,78
2024-07-06 22:00:00,950.23,26.8,91
2024-07-06 23:00:00,1047.75,23.1,73
2024-07-07 00:00:00,996.76,23.9,64
2024-07-07 01:00:00,977.08,22.6,84
2024-07-07 02:00:00,984.66,23.6,73
2024-07-07 03:00:00,938.67,24.7,71
2024-07-07 04:00:00,947.79,23.8,79
2024-07-07 05:00:00,990.82,26.2,77
2024-07-07 06:00:00,1039.61,25.0,60
2024-07-07 07:00:00,1076.78,28.0,63
2024-07-07 08:00:00,1195.36,29.6,71
2024-07-07 09:00:00,1361.81,30.3,85
2024-07-07 10:00:00,1441.32,29.6,91
2024-07-07 11:00:00,1565.48,28.3,74
2024-07-07 12:00:00,1558.76,32.2,94
2024-07-07 13:00:00,1532.91,31.7,85
2024-07-07 14:00:00,1375.39,30.8,74
2024-07-07 15:00:00,1350.98,31.2,67
2024-07-07 16:00:00,1210.61,33.2,87
2024-07-07 17:00:00,1088.98,29.5,89
2024-07-07 18:00:00,1033.37,30.6,62
2024-07-07 19:00:00,1011.95,29.3,65
2024-07-07 20:00:00,980.03,27.6,90
2024-07-07 21:00:00,939.98,27.7,85
2024-07-07 22:00:00,1016.99,28.0,67
2024-07-07 23:00:00,987.64,24.8,88
2024-07-08 00:00:00,1224.15,24.2,76
2024-07-08 01:00:00,1198.39,24.9,75
2024-07-08 02:00:00,1182.41,25.1,63
2024-07-08 03:00:00,1196.62,24.0,69
2024-07-08 04:00:00,1125.18,24.2,75
2024-07-08 05:00:00,1246.04,22.5,78
2024-07-08 06:00:00,1162.86,25.1,72
2024-07-08 07:00:00,1286.46,25.6,63
2024-07-08 08:00:00,1424.56,28.8,91
2024-07-08 09:00:00,1543.84,28.7,77
2024-07-08 10:00:00,1619.61,29.7,75
2024-07-08 11:00:00,1690.02,30.8,84
2024-07-08 12:00:00,1731.0,30.4,75
2024-07-08 13:00:00,1683.95,33.7,81
2024-07-08 14:00:00,1671.91,33.6,83
2024-07-08 15:00:00,1552.8,33.8,87
2024-07-08 16:00:00,1442.2,32.3,82
2024-07-08 17:00:00,1273.62,30.8,80
2024-07-08 18:00:00,1223.89,31.9,68
2024-07-08 19:00:00,1167.53,28.2,61
2024-07-08 20:00:00,1126.48,27.0,87
2024-07-08 21:00:00,1182.51,26.2,85
2024-07-08 22:00:00,1171.36,26.6,86
2024-07-08 23:00:00,1232.07,24.3,84
2024-07-09 00:00:00,1178.23,24.3,80
2024-07-09 01:00:00,1268.3,22.2,84
2024-07-09 02:00:00,1157.82,24.6,70
2024-07-09 03:00:00,1176.61,22.3,87
2024-07-09 04:00:00,1188.43,23.4,63
2024-07-09 05:00:00,1157.12,26.6,78
2024-07-09 06:00:00,1255.56,27.4,83
2024-07-09 07:00:00,1263.49,27.4,81
2024-07-09 08:00:00,1461.56,28.3,84
2024-07-09 09:00:00,1523.01,28.4,67
2024-07-09 10:00:00,1601.38,29.1,79
2024-07-09 11:00:00,1680.69,30.4,60
2024-07-09 12:00:00,1744.07,29.6,63
2024-07-09 13:00:00,1670.71,32.2,71
2024-07-09 14:00:00,1596.05,32.1,84
2024-07-09 15:00:00,1514.8,30.7,80
2024-07-09 16:00:00,1369.59,33.3,78
2024-07-09 17:00:00,1370.29,31.6,93
2024-07-09 18:00:00,1205.97,30.8,65
2024-07-09 19:00:00,1206.28,28.5,94
2024-07-09 20:00:00,1168.14,28.0,62
2024-07-09 21:00:00,1134.57,27.7,92
2024-07-09 22:00:00,1189.1,26.2,68
2024-07-09 23:00:00,1235.7,27.1,66
2024-07-10 00:00:00,1208.18,24.3,86
2024-07-10 01:00:00,1248.97,23.5,60
2024-07-10 02:00:00,1224.03,24.8,77
2024-07-10 03:00:00,1200.17,22.6,94
2024-07-10 04:00:00,1143.7,25.6,76
2024-07-10 05:00:00,1138.37,23.6,70
2024-07-10 06:00:00,1203.33,26.8,70
2024-07-10 07:00:00,1312.46,26.2,62
2024-07-10 08:00:00,1428.92,28.6,72
2024-07-10 09:00:00,1445.59,30.1,87
2024-07-10 10:00:00,1621.05,30.2,93
2024-07-10 11:00:00,1695.77,29.4,87
2024-07-10 12:00:00,1705.12,30.4,61
2024-07-10 13:00:00,1735.44,31.0,61
2024-07-10 14:00:00,1636.12,29.7,75
2024-07-10 15:00:00,1567.49,33.2,67
2024-07-10 16:00:00,1402.3,31.6,70
2024-07-10 17:00:00,1338.46,29.5,74
2024-07-10 18:00:00,1282.1,31.7,63
2024-07-10 19:00:00,1222.16,28.2,82
2024-07-10 20:00:00,1121.66,28.3,67
2024-07-10 21:00:00,1159.23,26.0,75
2024-07-10 22:00:00,1176.31,23.6,75
2024-07-10 23:00:00,1224.47,23.5,83
2024-07-11 00:00:00,1237.82,24.0,69
2024-07-11 01:00:00,1176.88,25.2,93
2024-07-11 02:00:00,1189.68,24.4,77
2024-07-11 03:00:00,1096.34,24.3,75
2024-07-11 04:00:00,1209.29,22.1,67
2024-07-11 05:00:00,1157.26,26.7,79
2024-07-11 06:00:00,1225.79,26.3,82
2024-07-11 07:00:00,1293.78,26.8,73
2024-07-11 08:00:00,1448.95,29.4,75
2024-07-11 09:00:00,1421.31,30.5,77
2024-07-11 10:00:00,1619.78,31.4,89
2024-07-11 11:00:00,1685.56,30.5,60
2024-07-11 12:00:00,1697.99,30.3,76
2024-07-11 13:00:00,1749.69,33.1,87
2024-07-11 14:00:00,1589.33,30.4,66
2024-07-11 15:00:00,1547.67,34.2,79
2024-07-11 16:00:00,1421.36,31.5,83
2024-07-11 17:00:00,1348.83,29.6,60
2024-07-11 18:00:00,1200.55,28.5,77
2024-07-11 19:00:00,1149.62,27.5,85
2024-07-11 20:00:00,1197.27,28.2,73
2024-07-11 21:00:00,1182.03,27.0,78
2024-07-11 22:00:00,1133.34,24.5,77
2024-07-11 23:00:00,1187.49,24.7,66
2024-07-12 00:00:00,1226.3,22.9,61
2024-07-12 01:00:00,1234.55,24.8,66
2024-07-12 02:00:00,1162.51,23.9,87
2024-07-12 03:00:00,1064.02,23.7,87
2024-07-12 04:00:00,1176.11,23.0,76
2024-07-12 05:00:00,1131.47,24.8,89
2024-07-12 06:00:00,1152.2,25.5,80
2024-07-12 07:00:00,1204.47,27.3,68
2024-07-12 08:00:00,1436.31,28.2,81
2024-07-12 09:00:00,1524.11,30.0,74
2024-07-12 10:00:00,1611.44,29.4,73
2024-07-12 11:00:00,1736.86,28.6,86
2024-07-12 12:00:00,1735.15,32.7,77
2024-07-12 13:00:00,1744.83,30.7,69
2024-07-12 14:00:00,1570.62,30.7,81
2024-07-12 15:00:00,1518.43,31.8,82
2024-07-12 16:00:00,1351.28,31.8,64
2024-07-12 17:00:00,1295.63,30.2,84
2024-07-12 18:00:00,1214.18,29.4,60
2024-07-12 19:00:00,1196.19,28.6,83
2024-07-12 20:00:00,1159.48,29.7,92
2024-07-12 21:00:00,1187.94,27.0,66
2024-07-12 22:00:00,1211.02,24.8,83
2024-07-12 23:00:00,1280.77,24.0,74
2024-07-13 00:00:00,1000.67,24.2,70
2024-07-13 01:00:00,971.22,24.4,76
2024-07-13 02:00:00,993.82,24.6,82
2024-07-13 03:00:00,936.87,24.3,63
2024-07-13 04:00:00,1008.6,23.5,90
2024-07-13 05:00:00,963.19,24.7,93
2024-07-13 06:00:00,1001.94,26.9,69
2024-07-13 07:00:00,1086.03,25.6,69
2024-07-13 08:00:00,1231.9,27.4,70
2024-07-13 09:00:00,1313.01,29.8,90
2024-07-13 10:00:00,1395.81,31.1,69
2024-07-13 11:00:00,1545.46,30.6,67
2024-07-13 12:00:00,1481.81,31.0,70
2024-07-13 13:00:00,1488.43,30.3,79
2024-07-13 14:00:00,1441.12,32.6,83
2024-07-13 15:00:00,1261.47,33.4,66
2024-07-13 16:00:00,1223.61,34.5,80
2024-07-13 17:00:00,1065.66,31.3,65
2024-07-13 18:00:00,1050.61,29.9,90
2024-07-13 19:00:00,939.49,27.9,71
2024-07-13 20:00:00,981.07,25.7,72
2024-07-13 21:00:00,1003.75,27.2,90
2024-07-13 22:00:00,1015.47,28.8,68
2024-07-13 23:00:00,1013.07,26.7,86
2024-07-14 00:00:00,1002.49,25.9,76
2024-07-14 01:00:00,982.86,24.4,67
2024-07-14 02:00:00,1035.58,24.4,86
2024-07-14 03:00:00,939.34,21.2,74
2024-07-14 04:00:00,919.31,25.5,65
2024-07-14 05:00:00,995.27,24.5,91
2024-07-14 06:00:00,992.76,25.2,67
2024-07-14 07:00:00,1068.16,26.6,94
2024-07-14 08:00:00,1155.11,27.6,90
2024-07-14 09:00:00,1300.51,28.2,85
2024-07-14 10:00:00,1414.25,30.0,83
2024-07-14 11:00:00,1494.56,30.2,61
2024-07-14 12:00:00,1543.95,31.6,60
2024-07-14 13:00:00,1504.51,30.1,69
2024-07-14 14:00:00,1410.49,31.7,82
2024-07-14 15:00:00,1310.51,30.5,92
2024-07-14 16:00:00,1223.53,30.7,70
2024-07-14 17:00:00,1146.0,31.0,79
2024-07-14 18:00:00,1025.11,28.1,85
2024-07-14 19:00:00,955.65,28.0,61
2024-07-14 20:00:00,920.95,28.7,84
2024-07-14 21:00:00,913.35,25.3,63
2024-07-14 22:00:00,1007.52,28.1,78
2024-07-14 23:00:00,1023.39,26.6,72
2024-07-15 00:00:00,1229.63,23.9,78
2024-07-15 01:00:00,1197.36,23.2,72
2024-07-15 02:00:00,1232.17,24.2,71
2024-07-15 03:00:00,1145.71,22.4,61
2024-07-15 04:00:00,1187.88,22.1,82
2024-07-15 05:00:00,1169.46,24.6,78
2024-07-15 06:00:00,1198.16,25.8,62
2024-07-15 07:00:00,1320.98,27.1,83
2024-07-15 08:00:00,1418.8,27.3,82
2024-07-15 09:00:00,1528.74,30.6,63
2024-07-15 10:00:00,1618.83,28.2,77
2024-07-15 11:00:00,1683.56,29.5,71
2024-07-15 12:00:00,1793.08,32.0,94
2024-07-15 13:00:00,1726.35,30.5,86
2024-07-15 14:00:00,1641.3,30.6,73
2024-07-15 15:00:00,1520.19,32.0,90
2024-07-15 16:00:00,1439.76,30.2,62
2024-07-15 17:00:00,1318.43,30.7,64
2024-07-15 18:00:00,1220.44,29.2,88
2024-07-15 19:00:00,1160.27,28.0,76
2024-07-15 20:00:00,1151.7,25.5,78
2024-07-15 21:00:00,1051.8,27.1,94
2024-07-15 22:00:00,1190.41,24.5,92
2024-07-15 23:00:00,1184.89,25.0,67
2024-07-16 00:00:00,1263.95,23.9,94
2024-07-16 01:00:00,1201.33,23.9,79
2024-07-16 02:00:00,1140.09,23.8,76
2024-07-16 03:00:00,1159.7,24.4,72
2024-07-16 04:00:00,1116.61,23.7,63
2024-07-16 05:00:00,1186.17,26.7,89
2024-07-16 06:00:00,1228.42,23.8,65
2024-07-16 07:00:00,1332.55,26.7,61
2024-07-16 08:00:00,1375.57,29.0,74
2024-07-16 09:00:00,1516.22,29.6,93
2024-07-16 10:00:00,1566.99,28.8,79
2024-07-16 11:00:00,1708.22,29.9,75
2024-07-16 12:00:00,1726.43,30.3,88
2024-07-16 13:00:00,1701.03,32.6,86
2024-07-16 14:00:00,1614.84,31.1,60
2024-07-16 15:00:00,1529.58,32.2,72
2024-07-16 16:00:00,1459.45,31.8,91
2024-07-16 17:00:00,1289.1,33.7,62
2024-07-16 18:00:00,1223.16,30.4,73
2024-07-16 19:00:00,1131.67,28.1,87
2024-07-16 20:00:00,1122.93,26.2,85
2024-07-16 21:00:00,1164.97,26.6,80
2024-07-16 22:00:00,1220.46,25.9,70
2024-07-16 23:00:00,1191.8,22.5,86
2024-07-17 00:00:00,1198.68,23.7,60
2024-07-17 01:00:00,1185.14,24.5,92
2024-07-17 02:00:00,1161.73,23.4,77
2024-07-17 03:00:00,1170.5,25.3,61
2024-07-17 04:00:00,1099.56,22.7,63
2024-07-17 05:00:00,1213.17,26.0,63
2024-07-17 06:00:00,1193.68,27.1,76
2024-07-17 07:00:00,1323.03,28.1,75
2024-07-17 08:00:00,1357.53,26.1,68
2024-07-17 09:00:00,1537.18,29.4,85
2024-07-17 10:00:00,1637.02,29.2,69
2024-07-17 11:00:00,1695.85,29.1,66
2024-07-17 12:00:00,1672.2,31.0,68
2024-07-17 13:00:00,1691.15,30.8,86
2024-07-17 14:00:00,1572.12,33.1,91
2024-07-17 15:00:00,1504.95,32.5,82
2024-07-17 16:00:00,1438.06,30.1,86
2024-07-17 17:00:00,1325.7,30.0,84
2024-07-17 18:00:00,1217.57,29.5,88
2024-07-17 19:00:00,1134.3,28.9,83
2024-07-17 20:00:00,1174.65,29.2,75
2024-07-17 21:00:00,1160.96,27.8,75
2024-07-17 22:00:00,1099.35,26.1,87
2024-07-17 23:00:00,1226.9,24.9,79
2024-07-18 00:00:00,1204.78,22.4,78
2024-07-18 01:00:00,1240.16,25.7,69
2024-07-18 02:00:00,1140.8,23.5,85
2024-07-18 03:00:00,1047.68,26.0,61
2024-07-18 04:00:00,1160.42,24.8,62
2024-07-18 05:00:00,1177.23,27.6,61
2024-07-18 06:00:00,1156.49,26.7,84
2024-07-18 07:00:00,1262.2,25.2,63
2024-07-18 08:00:00,1497.1,27.3,74
2024-07-18 09:00:00,1501.76,28.8,77
2024-07-18 10:00:00,1637.77,29.0,66
2024-07-18 11:00:00,1658.32,30.4,86
2024-07-18 12:00:00,1632.53,29.8,77
2024-07-18 13:00:00,1675.15,31.9,66
2024-07-18 14:00:00,1602.92,32.3,88
2024-07-18 15:00:00,1498.49,30.7,92
2024-07-18 16:00:00,1396.71,33.8,61
2024-07-18 17:00:00,1305.75,30.9,77
2024-07-18 18:00:00,1210.48,29.0,82
2024-07-18 19:00:00,1122.87,27.1,65
2024-07-18 20:00:00,1167.76,28.1,84
2024-07-18 21:00:00,1090.74,26.7,78
2024-07-18 22:00:00,1107.48,26.9,67
2024-07-18 23:00:00,1224.07,25.0,85
2024-07-19 00:00:00,1222.01,23.1,88
2024-07-19 01:00:00,1194.71,26.1,87
2024-07-19 02:00:00,1128.93,24.5,66
2024-07-19 03:00:00,1132.73,23.8,74
2024-07-19 04:00:00,1140.1,24.7,92
2024-07-19 05:00:00,1109.81,25.7,64
2024-07-19 06:00:00,1188.44,24.3,88
2024-07-19 07:00:00,1317.92,27.2,76
2024-07-19 08:00:00,1449.27,27.5,86
2024-07-19 09:00:00,1496.42,29.6,76
2024-07-19 10:00:00,1637.31,29.1,63
2024-07-19 11:00:00,1612.74,30.1,71
2024-07-19 12:00:00,1727.42,33.5,82
2024-07-19 13:00:00,1651.61,33.3,70
2024-07-19 14:00:00,1621.61,28.0,71
2024-07-19 15:00:00,1502.46,33.3,68
2024-07-19 16:00:00,1445.57,31.4,83
2024-07-19 17:00:00,1264.54,30.0,77
2024-07-19 18:00:00,1236.34,28.8,86
2024-07-19 19:00:00,1155.97,27.9,68
2024-07-19 20:00:00,1143.84,27.2,92
2024-07-19 21:00:00,1151.18,25.6,65
2024-07-19 22:00:00,1148.29,24.4,92
2024-07-19 23:00:00,1196.35,23.9,65
2024-07-20 00:00:00,1000.67,24.9,63
2024-07-20 01:00:00,1003.75,24.2,62
2024-07-20 02:00:00,979.33,24.7,72
2024-07-20 03:00:00,984.03,24.1,85
2024-07-20 04:00:00,980.21,23.0,93
2024-07-20 05:00:00,927.49,25.8,72
2024-07-20 06:00:00,1043.3,24.8,67
2024-07-20 07:00:00,1052.16,27.7,71
2024-07-20 08:00:00,1218.48,26.6,67
2024-07-20 09:00:00,1331.38,28.2,78
2024-07-20 10:00:00,1342.53,29.6,69
2024-07-20 11:00:00,1481.59,31.6,91
2024-07-20 12:00:00,1486.53,31.7,80
2024-07-20 13:00:00,1451.79,31.9,82
2024-07-20 14:00:00,1456.73,34.3,86
2024-07-20 15:00:00,1286.85,29.7,84
2024-07-20 16:00:00,1169.73,30.2,66
2024-07-20 17:00:00,1096.39,29.5,94
2024-07-20 18:00:00,1036.96,27.9,61
2024-07-20 19:00:00,959.39,28.2,87
2024-07-20 20:00:00,988.8,28.8,66
2024-07-20 21:00:00,974.79,26.3,71
2024-07-20 22:00:00,900.25,25.6,76
2024-07-20 23:00:00,976.91,23.1,81
2024-07-21 00:00:00,981.75,23.6,68
2024-07-21 01:00:00,1010.64,23.6,62
2024-07-21 02:00:00,883.05,24.8,81
2024-07-21 03:00:00,1043.87,22.1,77
2024-07-21 04:00:00,965.02,24.0,76
2024-07-21 05:00:00,968.02,26.5,86
2024-07-21 06:00:00,1052.8,25.5,94
2024-07-21 07:00:00,1174.26,24.4,91
2024-07-21 08:00:00,1226.93,29.5,62
2024-07-21 09:00:00,1341.45,29.9,72
2024-07-21 10:00:00,1412.55,31.0,76
2024-07-21 11:00:00,1471.93,28.7,77
2024-07-21 12:00:00,1484.83,33.3,76
2024-07-21 13:00:00,1447.98,30.9,75
2024-07-21 14:00:00,1383.95,31.4,81
2024-07-21 15:00:00,1261.01,31.0,84
2024-07-21 16:00:00,1193.85,32.6,60
2024-07-21 17:00:00,1033.33,30.6,86
2024-07-21 18:00:00,1018.2,30.6,73
2024-07-21 19:00:00,961.62,29.1,87
2024-07-21 20:00:00,951.67,27.9,91
2024-07-21 21:00:00,936.48,25.8,88
2024-07-21 22:00:00,1082.72,28.2,76
2024-07-21 23:00:00,1041.59,23.4,87
2024-07-22 00:00:00,1156.36,25.0,80
2024-07-22 01:00:00,1200.51,24.6,83
2024-07-22 02:00:00,1152.14,25.4,94
2024-07-22 03:00:00,1117.65,25.8,79
2024-07-22 04:00:00,1098.04,24.4,81
2024-07-22 05:00:00,1176.44,25.8,63
2024-07-22 06:00:00,1186.1,28.1,75
2024-07-22 07:00:00,1324.61,26.9,80
2024-07-22 08:00:00,1429.74,26.7,80
2024-07-22 09:00:00,1554.83,28.6,70
2024-07-22 10:00:00,1576.65,28.4,81
2024-07-22 11:00:00,1692.02,31.3,79
2024-07-22 12:00:00,1722.12,32.7,61
2024-07-22 13:00:00,1658.8,31.7,70
2024-07-22 14:00:00,1579.49,30.1,80
2024-07-22 15:00:00,1563.11,33.1,92
2024-07-22 16:00:00,1402.97,29.3,76
2024-07-22 17:00:00,1313.05,29.0,73
2024-07-22 18:00:00,1181.25,29.8,90
2024-07-22 19:00:00,1118.72,29.3,63
2024-07-22 20:00:00,1125.1,28.5,65
2024-07-22 21:00:00,1148.92,26.9,80
2024-07-22 22:00:00,1136.29,28.1,72
2024-07-22 23:00:00,1192.14,25.2,74
2024-07-23 00:00:00,1139.28,25.8,64
2024-07-23 01:00:00,1151.62,25.1,83
2024-07-23 02:00:00,1195.36,22.4,77
2024-07-23 03:00:00,1172.75,23.9,88
2024-07-23 04:00:00,1129.68,27.1,91
2024-07-23 05:00:00,1124.15,24.6,66
2024-07-23 06:00:00,1172.45,25.2,89
2024-07-23 07:00:00,1276.13,27.2,85
2024-07-23 08:00:00,1415.98,27.4,67
2024-07-23 09:00:00,1537.69,28.1,84
2024-07-23 10:00:00,1587.56,29.4,89
2024-07-23 11:00:00,1633.47,32.5,83
2024-07-23 12:00:00,1707.82,31.3,89
2024-07-23 13:00:00,1645.03,30.3,64
2024-07-23 14:00:00,1586.82,30.2,63
2024-07-23 15:00:00,1551.62,34.5,68
2024-07-23 16:00:00,1422.42,31.2,92
2024-07-23 17:00:00,1294.78,31.3,88
2024-07-23 18:00:00,1163.96,29.1,90
2024-07-23 19:00:00,1167.25,29.4,78
2024-07-23 20:00:00,1180.68,29.8,61
2024-07-23 21:00:00,1138.57,26.2,79
2024-07-23 22:00:00,1219.28,26.6,71
2024-07-23 23:00:00,1236.19,23.5,80
2024-07-24 00:00:00,1255.02,27.0,90
2024-07-24 01:00:00,1199.92,24.5,79
2024-07-24 02:00:00,1190.85,23.5,79
2024-07-24 03:00:00,1199.53,23.8,77
2024-07-24 04:00:00,1157.47,23.9,65
2024-07-24 05:00:00,1140.65,24.6,92
2024-07-24 06:00:00,1191.12,23.1,69
2024-07-24 07:00:00,1295.96,26.8,77
2024-07-24 08:00:00,1346.67,27.8,93
2024-07-24 09:00:00,1498.6,29.6,74
2024-07-24 10:00:00,1641.73,29.4,62
2024-07-24 11:00:00,1595.56,29.9,67
2024-07-24 12:00:00,1750.56,31.5,70
2024-07-24 13:00:00,1711.55,29.9,91
2024-07-24 14:00:00,1587.28,32.2,76
2024-07-24 15:00:00,1522.67,29.6,89
2024-07-24 16:00:00,1391.99,32.8,67
2024-07-24 17:00:00,1330.72,31.6,66
2024-07-24 18:00:00,1241.29,28.9,79
2024-07-24 19:00:00,1109.27,29.8,71
2024-07-24 20:00:00,1162.46,28.1,80
2024-07-24 21:00:00,1142.94,25.8,87
2024-07-24 22:00:00,1173.31,23.6,87
2024-07-24 23:00:00,1163.88,25.6,75
2024-07-25 00:00:00,1256.34,23.6,69
2024-07-25 01:00:00,1224.01,25.5,81
2024-07-25 02:00:00,1142.77,24.0,66
2024-07-25 03:00:00,1101.69,23.3,63
2024-07-25 04:00:00,1126.68,26.7,83
2024-07-25 05:00:00,1171.77,25.9,93
2024-07-25 06:00:00,1213.6,21.6,73
2024-07-25 07:00:00,1329.84,26.4,76
2024-07-25 08:00:00,1417.85,26.3,67
2024-07-25 09:00:00,1535.92,28.1,72
2024-07-25 10:00:00,1613.16,29.8,66
2024-07-25 11:00:00,1622.0,31.3,62
2024-07-25 12:00:00,1688.38,31.8,83
2024-07-25 13:00:00,1707.74,33.2,83
2024-07-25 14:00:00,1599.94,32.8,66
2024-07-25 15:00:00,1519.63,32.6,89
2024-07-25 16:00:00,1379.09,31.7,64
2024-07-25 17:00:00,1249.99,32.4,80
2024-07-25 18:00:00,1200.94,29.6,67
2024-07-25 19:00:00,1167.46,28.7,66
2024-07-25 20:00:00,1117.32,25.7,61
2024-07-25 21:00:00,1140.25,28.2,71
2024-07-25 22:00:00,1135.9,25.9,87
2024-07-25 23:00:00,1226.91,28.7,78
2024-07-26 00:00:00,1183.18,24.0,87
2024-07-26 01:00:00,1236.78,24.2,94
2024-07-26 02:00:00,1220.5,24.7,71
2024-07-26 03:00:00,1143.89,22.8,87
2024-07-26 04:00:00,1103.21,25.0,85
2024-07-26 05:00:00,1081.88,25.2,65
2024-07-26 06:00:00,1152.0,25.6,78
2024-07-26 07:00:00,1236.22,28.4,86
2024-07-26 08:00:00,1436.78,26.9,68
2024-07-26 09:00:00,1504.37,29.4,69
2024-07-26 10:00:00,1613.68,31.7,69
2024-07-26 11:00:00,1591.24,30.0,92
2024-07-26 12:00:00,1651.62,31.1,77
2024-07-26 13:00:00,1700.01,34.7,69
2024-07-26 14:00:00,1610.11,32.6,66
2024-07-26 15:00:00,1495.2,31.3,91
2024-07-26 16:00:00,1408.35,32.4,65
2024-07-26 17:00:00,1341.62,30.1,78
2024-07-26 18:00:00,1195.85,28.1,93
2024-07-26 19:00:00,1157.39,30.7,64
2024-07-26 20:00:00,1145.34,26.7,78
2024-07-26 21:00:00,1230.55,29.9,73
2024-07-26 22:00:00,1093.63,25.4,69
2024-07-26 23:00:00,1209.97,27.7,70
2024-07-27 00:00:00,987.75,22.9,90
2024-07-27 01:00:00,1004.05,25.4,61
2024-07-27 02:00:00,942.27,24.6,69
2024-07-27 03:00:00,943.3,25.1,80
2024-07-27 04:00:00,961.69,25.7,60
2024-07-27 05:00:00,1062.12,24.6,90
2024-07-27 06:00:00,1030.08,24.4,70
2024-07-27 07:00:00,1052.91,26.9,69
2024-07-27 08:00:00,1171.98,28.3,79
2024-07-27 09:00:00,1282.73,28.5,80
2024-07-27 10:00:00,1335.48,30.3,73
2024-07-27 11:00:00,1455.68,31.2,64
2024-07-27 12:00:00,1517.49,30.4,65
2024-07-27 13:00:00,1422.65,32.3,83
2024-07-27 14:00:00,1435.05,31.7,75
2024-07-27 15:00:00,1315.7,31.0,82
2024-07-27 16:00:00,1161.16,32.4,75
2024-07-27 17:00:00,1077.69,29.9,72
2024-07-27 18:00:00,1057.81,29.5,67
2024-07-27 19:00:00,978.92,29.1,91
2024-07-27 20:00:00,937.19,29.6,81
2024-07-27 21:00:00,936.79,27.2,76
2024-07-27 22:00:00,968.07,26.6,64
2024-07-27 23:00:00,966.43,24.8,67
2024-07-28 00:00:00,916.34,24.4,89
2024-07-28 01:00:00,1053.93,24.1,78
2024-07-28 02:00:00,968.95,24.4,71
2024-07-28 03:00:00,957.19,23.8,84
2024-07-28 04:00:00,933.01,26.1,72
2024-07-28 05:00:00,925.68,24.7,63
2024-07-28 06:00:00,993.54,24.0,69
2024-07-28 07:00:00,1024.85,30.3,87
2024-07-28 08:00:00,1264.75,27.6,64
2024-07-28 09:00:00,1253.63,30.6,87
2024-07-28 10:00:00,1360.45,31.7,90
2024-07-28 11:00:00,1450.07,32.0,75
2024-07-28 12:00:00,1535.16,31.2,82
2024-07-28 13:00:00,1466.0,32.2,88
2024-07-28 14:00:00,1353.33,30.5,80
2024-07-28 15:00:00,1340.77,34.3,61
2024-07-28 16:00:00,1210.69,30.4,82
2024-07-28 17:00:00,1099.73,30.5,75
2024-07-28 18:00:00,1025.16,30.1,70
2024-07-28 19:00:00,1035.29,28.9,68
2024-07-28 20:00:00,1011.6,27.2,61
2024-07-28 21:00:00,919.32,28.6,77
2024-07-28 22:00:00,1020.46,27.1,72
2024-07-28 23:00:00,995.99,25.6,67
2024-07-29 00:00:00,1205.68,24.1,69
2024-07-29 01:00:00,1121.43,25.4,86
2024-07-29 02:00:00,1155.75,23.4,76
2024-07-29 03:00:00,1113.0,26.0,83
2024-07-29 04:00:00,1162.21,24.7,80
2024-07-29 05:00:00,1187.1,26.6,60
2024-07-29 06:00:00,1125.64,25.9,75
2024-07-29 07:00:00,1278.26,27.1,92
2024-07-29 08:00:00,1422.52,29.5,65
2024-07-29 09:00:00,1488.5,31.7,71
2024-07-29 10:00:00,1620.29,31.9,91
2024-07-29 11:00:00,1675.97,31.9,70
2024-07-29 12:00:00,1700.24,32.2,77
2024-07-29 13:00:00,1654.19,31.3,61
2024-07-29 14:00:00,1552.21,32.4,91
2024-07-29 15:00:00,1455.82,30.8,79
2024-07-29 16:00:00,1408.13,31.9,80
2024-07-29 17:00:00,1279.77,31.4,86
2024-07-29 18:00:00,1193.46,27.6,70
2024-07-29 19:00:00,1134.85,29.1,77
2024-07-29 20:00:00,1122.64,28.5,76
2024-07-29 21:00:00,1178.19,26.9,93
2024-07-29 22:00:00,1150.09,26.4,85
2024-07-29 23:00:00,1133.84,23.6,65
2024-07-30 00:00:00,1212.39,23.6,89
2024-07-30 01:00:00,1171.64,25.4,91
2024-07-30 02:00:00,1160.97,24.0,76
2024-07-30 03:00:00,1195.87,24.5,72
2024-07-30 04:00:00,1130.67,23.9,72
2024-07-30 05:00:00,1157.89,25.2,65
2024-07-30 06:00:00,1155.14,23.2,81
2024-07-30 07:00:00,1269.5,28.0,92
2024-07-30 08:00:00,1402.75,30.2,92
2024-07-30 09:00:00,1438.76,27.8,63
2024-07-30 10:00:00,1599.96,28.9,73
2024-07-30 11:00:00,1665.36,31.4,94
2024-07-30 12:00:00,1687.88,33.2,86
2024-07-30 13:00:00,1698.15,31.9,65
2024-07-30 14:00:00,1604.66,30.5,60
2024-07-30 15:00:00,1544.96,31.6,87
2024-07-30 16:00:00,1346.68,30.2,88
2024-07-30 17:00:00,1282.0,30.0,91
2024-07-30 18:00:00,1199.43,29.6,87
2024-07-30 19:00:00,1110.42,27.9,86
2024-07-30 20:00:00,1164.95,27.1,69
2024-07-30 21:00:00,1221.07,27.1,77
2024-07-30 22:00:00,1159.39,26.3,63
2024-07-30 23:00:00,1196.61,23.5,91
2024-07-31 00:00:00,1187.44,25.0,64
2024-07-31 01:00:00,1151.95,23.7,81
2024-07-31 02:00:00,1094.26,24.9,81
2024-07-31 03:00:00,1113.02,25.1,61
2024-07-31 04:00:00,1080.79,23.9,93
2024-07-31 05:00:00,1205.53,25.9,61
2024-07-31 06:00:00,1190.49,25.0,67
2024-07-31 07:00:00,1263.2,28.6,92
2024-07-31 08:00:00,1410.65,27.0,92
2024-07-31 09:00:00,1452.05,29.5,63
2024-07-31 10:00:00,1564.21,29.8,77
2024-07-31 11:00:00,1662.33,29.6,78
2024-07-31 12:00:00,1720.56,32.5,69
2024-07-31 13:00:00,1677.52,31.1,89
2024-07-31 14:00:00,1599.76,30.0,81
2024-07-31 15:00:00,1494.08,28.4,60
2024-07-31 16:00:00,1393.58,30.4,89
2024-07-31 17:00:00,1282.42,32.5,64
2024-07-31 18:00:00,1158.54,31.5,85
2024-07-31 19:00:00,1147.58,28.2,90
2024-07-31 20:00:00,1092.02,27.6,71
2024-07-31 21:00:00,1140.66,26.4,76
2024-07-31 22:00:00,1141.28,24.4,77
2024-07-31 23:00:00,1265.93,24.0,61
2024-08-01 00:00:00,1181.16,25.7,83
2024-08-01 01:00:00,1125.86,24.7,87
2024-08-01 02:00:00,1151.37,24.3,69
2024-08-01 03:00:00,1153.98,22.5,92
2024-08-01 04:00:00,1186.15,24.7,83
2024-08-01 05:00:00,1123.33,22.4,70
2024-08-01 06:00:00,1137.21,27.0,67
2024-08-01 07:00:00,1301.97,27.3,86
2024-08-01 08:00:00,1329.28,26.4,85
2024-08-01 09:00:00,1474.12,31.0,71
2024-08-01 10:00:00,1580.11,27.8,94
2024-08-01 11:00:00,1655.59,31.5,74
2024-08-01 12:00:00,1706.75,32.1,80
2024-08-01 13:00:00,1634.11,30.4,89
2024-08-01 14:00:00,1579.57,32.0,64
2024-08-01 15:00:00,1488.92,29.9,76
2024-08-01 16:00:00,1382.89,28.0,85
2024-08-01 17:00:00,1276.86,29.5,93
2024-08-01 18:00:00,1207.92,29.3,92
2024-08-01 19:00:00,1173.57,29.8,77
2024-08-01 20:00:00,1141.42,28.1,84
2024-08-01 21:00:00,1151.78,27.1,89
2024-08-01 22:00:00,1100.8,24.8,79
2024-08-01 23:00:00,1176.89,24.5,61
2024-08-02 00:00:00,1197.38,23.4,72
2024-08-02 01:00:00,1198.56,22.7,79
2024-08-02 02:00:00,1129.87,23.3,65
2024-08-02 03:00:00,1110.77,24.2,70
2024-08-02 04:00:00,1105.53,23.8,84
2024-08-02 05:00:00,1160.77,24.8,69
2024-08-02 06:00:00,1226.82,26.8,90
2024-08-02 07:00:00,1257.16,26.4,63
2024-08-02 08:00:00,1407.42,26.4,84
2024-08-02 09:00:00,1491.75,29.7,87
2024-08-02 10:00:00,1582.81,30.3,83
2024-08-02 11:00:00,1648.67,31.2,94
2024-08-02 12:00:00,1706.8,32.2,64
2024-08-02 13:00:00,1667.47,32.4,92
2024-08-02 14:00:00,1666.84,32.0,70
2024-08-02 15:00:00,1457.63,34.7,67
2024-08-02 16:00:00,1393.82,29.9,80
2024-08-02 17:00:00,1252.95,30.1,91
2024-08-02 18:00:00,1160.27,31.2,64
2024-08-02 19:00:00,1141.7,29.2,93
2024-08-02 20:00:00,1130.52,28.9,68
2024-08-02 21:00:00,1236.08,27.2,91
2024-08-02 22:00:00,1147.77,27.6,69
2024-08-02 23:00:00,1133.61,24.0,71
2024-08-03 00:00:00,988.15,26.1,94
2024-08-03 01:00:00,898.43,25.5,77
2024-08-03 02:00:00,948.88,22.5,82
2024-08-03 03:00:00,932.4,24.9,71
2024-08-03 04:00:00,951.43,24.5,90
2024-08-03 05:00:00,974.07,24.4,70
2024-08-03 06:00:00,971.0,23.7,93
2024-08-03 07:00:00,1064.15,25.8,86
2024-08-03 08:00:00,1146.83,28.8,80
2024-08-03 09:00:00,1245.94,30.0,69
2024-08-03 10:00:00,1396.0,29.7,72
2024-08-03 11:00:00,1409.49,31.8,84
2024-08-03 12:00:00,1464.15,32.6,72
2024-08-03 13:00:00,1419.24,32.0,65
2024-08-03 14:00:00,1404.42,31.1,94
2024-08-03 15:00:00,1348.51,32.4,87
2024-08-03 16:00:00,1128.13,32.0,79
2024-08-03 17:00:00,1004.62,31.6,79
2024-08-03 18:00:00,984.33,31.0,63
2024-08-03 19:00:00,940.63,27.4,79
2024-08-03 20:00:00,931.36,27.4,64
2024-08-03 21:00:00,916.32,24.7,81
2024-08-03 22:00:00,945.19,26.9,83
2024-08-03 23:00:00,984.03,24.9,76
2024-08-04 00:00:00,1012.97,25.1,64
2024-08-04 01:00:00,900.58,22.4,85
2024-08-04 02:00:00,937.15,25.7,67
2024-08-04 03:00:00,937.28,22.7,68
2024-08-04 04:00:00,889.45,25.5,76
2024-08-04 05:00:00,998.55,25.3,67
2024-08-04 06:00:00,964.35,25.8,64
2024-08-04 07:00:00,1065.93,26.6,69
2024-08-04 08:00:00,1191.06,27.2,73
2024-08-04 09:00:00,1262.69,30.6,86
2024-08-04 10:00:00,1318.49,30.0,86
2024-08-04 11:00:00,1437.02,29.3,64
2024-08-04 12:00:00,1512.65,31.0,74
2024-08-04 13:00:00,1440.24,32.0,87
2024-08-04 14:00:00,1353.52,33.1,64
2024-08-04 15:00:00,1315.82,31.1,81
2024-08-04 16:00:00,1160.07,30.8,71
2024-08-04 17:00:00,1049.58,30.9,67
2024-08-04 18:00:00,991.89,31.0,60
2024-08-04 19:00:00,965.01,27.4,94
2024-08-04 20:00:00,1005.03,28.6,75
2024-08-04 21:00:00,958.85,26.4,89
2024-08-04 22:00:00,990.77,25.6,69
2024-08-04 23:00:00,951.42,27.6,93
2024-08-05 00:00:00,1138.57,24.3,70
2024-08-05 01:00:00,1169.11,25.0,79
2024-08-05 02:00:00,1151.73,24.9,66
2024-08-05 03:00:00,1089.97,22.7,80
2024-08-05 04:00:00,1113.37,22.3,70
2024-08-05 05:00:00,1149.85,26.2,82
2024-08-05 06:00:00,1197.13,24.7,90
2024-08-05 07:00:00,1282.95,25.0,77
2024-08-05 08:00:00,1379.71,29.2,83
2024-08-05 09:00:00,1463.56,27.8,81
2024-08-05 10:00:00,1563.05,29.1,60
2024-08-05 11:00:00,1607.98,33.2,65
2024-08-05 12:00:00,1737.01,29.5,88
2024-08-05 13:00:00,1650.43,30.4,70
2024-08-05 14:00:00,1573.19,31.4,75
2024-08-05 15:00:00,1448.83,31.6,65
2024-08-05 16:00:00,1472.32,30.4,60
2024-08-05 17:00:00,1227.79,29.4,94
2024-08-05 18:00:00,1169.57,31.8,83
2024-08-05 19:00:00,1150.51,29.4,62
2024-08-05 20:00:00,1140.6,28.7,61
2024-08-05 21:00:00,1161.35,26.8,74
2024-08-05 22:00:00,1211.36,26.3,81
2024-08-05 23:00:00,1184.77,26.3,63
2024-08-06 00:00:00,1135.4,23.3,83
2024-08-06 01:00:00,1155.82,24.5,78
2024-08-06 02:00:00,1156.64,24.8,89
2024-08-06 03:00:00,1197.99,26.0,81
2024-08-06 04:00:00,1068.46,26.9,86
2024-08-06 05:00:00,1175.85,25.3,74
2024-08-06 06:00:00,1188.69,27.4,60
2024-08-06 07:00:00,1292.51,23.8,71
2024-08-06 08:00:00,1363.84,29.9,68
2024-08-06 09:00:00,1449.71,28.2,78
2024-08-06 10:00:00,1605.21,29.7,77
2024-08-06 11:00:00,1670.74,31.4,70
2024-08-06 12:00:00,1706.45,31.3,70
2024-08-06 13:00:00,1647.38,32.1,89
2024-08-06 14:00:00,1557.96,33.9,79
2024-08-06 15:00:00,1424.67,31.4,74
2024-08-06 16:00:00,1396.13,30.2,84
2024-08-06 17:00:00,1278.08,33.0,62
2024-08-06 18:00:00,1148.66,30.6,85
2024-08-06 19:00:00,1114.99,31.3,87
2024-08-06 20:00:00,1101.14,29.0,65
2024-08-06 21:00:00,1073.8,25.4,91
2024-08-06 22:00:00,1117.36,26.8,70
2024-08-06 23:00:00,1125.25,24.0,72
2024-08-07 00:00:00,1155.78,24.5,76
2024-08-07 01:00:00,1136.81,24.0,89
2024-08-07 02:00:00,1086.77,22.1,63
2024-08-07 03:00:00,1194.24,23.2,73
2024-08-07 04:00:00,1159.07,27.2,87
2024-08-07 05:00:00,1104.35,25.5,66
2024-08-07 06:00:00,1189.78,25.8,75
2024-08-07 07:00:00,1275.65,29.1,73
2024-08-07 08:00:00,1406.95,27.5,86
2024-08-07 09:00:00,1448.39,28.9,89
2024-08-07 10:00:00,1615.0,31.2,74
2024-08-07 11:00:00,1626.5,30.3,77
2024-08-07 12:00:00,1623.53,30.6,70
2024-08-07 13:00:00,1671.04,29.2,81
2024-08-07 14:00:00,1621.97,30.9,63
2024-08-07 15:00:00,1567.65,30.7,62
2024-08-07 16:00:00,1323.31,31.7,83
2024-08-07 17:00:00,1285.55,30.1,73
2024-08-07 18:00:00,1165.97,32.6,62
2024-08-07 19:00:00,1159.11,27.8,90
2024-08-07 20:00:00,1063.86,29.7,94
2024-08-07 21:00:00,1079.36,27.2,90
2024-08-07 22:00:00,1116.68,27.0,71
2024-08-07 23:00:00,1165.55,26.1,69
2024-08-08 00:00:00,1145.59,21.9,79
2024-08-08 01:00:00,1183.54,24.1,77
2024-08-08 02:00:00,1177.47,23.7,78
2024-08-08 03:00:00,1142.25,22.8,76
2024-08-08 04:00:00,1169.71,25.1,70
2024-08-08 05:00:00,1143.98,27.2,64
2024-08-08 06:00:00,1135.47,22.8,73
2024-08-08 07:00:00,1306.57,26.3,87
2024-08-08 08:00:00,1341.89,26.5,68
2024-08-08 09:00:00,1506.72,29.1,88
2024-08-08 10:00:00,1629.67,29.6,84
2024-08-08 11:00:00,1659.48,30.1,67
2024-08-08 12:00:00,1615.73,32.3,78
2024-08-08 13:00:00,1611.37,33.8,61
2024-08-08 14:00:00,1620.91,35.2,65
2024-08-08 15:00:00,1468.97,31.0,89
2024-08-08 16:00:00,1365.9,29.3,61
2024-08-08 17:00:00,1285.46,31.5,78
2024-08-08 18:00:00,1202.5,31.9,72
2024-08-08 19:00:00,1139.26,30.0,67
2024-08-08 20:00:00,1105.84,29.9,68
2024-08-08 21:00:00,1110.43,26.7,82
2024-08-08 22:00:00,1171.67,25.3,67
2024-08-08 23:00:00,1179.97,25.3,68
2024-08-09 00:00:00,1156.8,24.1,75
2024-08-09 01:00:00,1196.13,24.9,75
2024-08-09 02:00:00,1134.79,25.2,71
2024-08-09 03:00:00,1089.24,25.4,84
2024-08-09 04:00:00,1084.26,25.1,70
2024-08-09 05:00:00,1092.95,25.5,77
2024-08-09 06:00:00,1166.3,27.0,72
2024-08-09 07:00:00,1299.81,24.6,94
2024-08-09 08:00:00,1332.67,28.3,77
2024-08-09 09:00:00,1479.23,29.1,89
2024-08-09 10:00:00,1549.38,30.3,89
2024-08-09 11:00:00,1632.16,30.7,62
2024-08-09 12:00:00,1613.02,32.0,88
2024-08-09 13:00:00,1633.56,31.2,84
2024-08-09 14:00:00,1565.61,33.4,61
2024-08-09 15:00:00,1491.58,32.4,64
2024-08-09 16:00:00,1368.71,31.6,90
2024-08-09 17:00:00,1214.74,30.0,64
2024-08-09 18:00:00,1213.85,31.0,80
2024-08-09 19:00:00,1134.65,29.3,85
2024-08-09 20:00:00,1117.86,27.1,66
2024-08-09 21:00:00,1118.83,26.9,89
2024-08-09 22:00:00,1121.3,26.8,93
2024-08-09 23:00:00,1166.0,25.8,87
2024-08-10 00:00:00,980.19,25.1,73
2024-08-10 01:00:00,894.85,24.2,77
2024-08-10 02:00:00,918.2,25.2,76
2024-08-10 03:00:00,907.87,25.6,84
2024-08-10 04:00:00,917.54,25.4,65
2024-08-10 05:00:00,966.71,24.5,64
2024-08-10 06:00:00,946.57,24.7,80
2024-08-10 07:00:00,1036.94,26.3,79
2024-08-10 08:00:00,1140.66,30.3,70
2024-08-10 09:00:00,1242.32,29.4,64
2024-08-10 10:00:00,1357.96,32.6,94
2024-08-10 11:00:00,1465.99,30.7,94
2024-08-10 12:00:00,1426.73,31.2,84
2024-08-10 13:00:00,1454.0,31.8,89
2024-08-10 14:00:00,1310.57,31.9,61
2024-08-10 15:00:00,1250.76,30.9,79
2024-08-10 16:00:00,1147.11,30.1,61
2024-08-10 17:00:00,1113.05,31.4,86
2024-08-10 18:00:00,964.03,31.3,91
2024-08-10 19:00:00,847.99,32.0,63
2024-08-10 20:00:00,838.7,27.5,86
2024-08-10 21:00:00,918.08,26.5,89
2024-08-10 22:00:00,958.65,25.1,62
2024-08-10 23:00:00,969.26,26.5,86
2024-08-11 00:00:00,967.12,25.5,60
2024-08-11 01:00:00,994.39,23.1,94
2024-08-11 02:00:00,915.88,22.9,71
2024-08-11 03:00:00,945.82,25.3,94
2024-08-11 04:00:00,849.16,25.0,77
2024-08-11 05:00:00,890.99,26.1,82
2024-08-11 06:00:00,908.05,24.9,92
2024-08-11 07:00:00,1042.46,24.7,73
2024-08-11 08:00:00,1154.69,27.0,60
2024-08-11 09:00:00,1272.08,29.9,86
2024-08-11 10:00:00,1369.99,32.5,83
2024-08-11 11:00:00,1404.26,30.3,61
2024-08-11 12:00:00,1454.67,34.2,71
2024-08-11 13:00:00,1384.33,32.9,72
2024-08-11 14:00:00,1415.56,30.3,86
2024-08-11 15:00:00,1257.49,32.1,79
2024-08-11 16:00:00,1139.24,32.5,93
2024-08-11 17:00:00,1107.75,27.9,65
2024-08-11 18:00:00,927.88,30.8,67
2024-08-11 19:00:00,883.34,30.4,80
2024-08-11 20:00:00,868.01,28.5,80
2024-08-11 21:00:00,912.23,26.9,65
2024-08-11 22:00:00,949.99,25.8,89
2024-08-11 23:00:00,979.72,24.9,69
2024-08-12 00:00:00,1248.96,23.1,70
2024-08-12 01:00:00,1072.65,23.3,60
2024-08-12 02:00:00,1153.75,23.5,69
2024-08-12 03:00:00,1092.68,24.3,84
2024-08-12 04:00:00,1083.44,23.9,75
2024-08-12 05:00:00,1098.65,24.1,78
2024-08-12 06:00:00,1137.16,26.9,69
2024-08-12 07:00:00,1308.72,27.4,73
2024-08-12 08:00:00,1383.46,27.4,62
2024-08-12 09:00:00,1466.58,29.6,63
2024-08-12 10:00:00,1612.79,29.5,92
2024-08-12 11:00:00,1581.47,30.9,79
2024-08-12 12:00:00,1612.43,32.6,74
2024-08-12 13:00:00,1558.19,31.1,66
2024-08-12 14:00:00,1541.04,30.6,62
2024-08-12 15:00:00,1471.46,31.7,86
2024-08-12 16:00:00,1357.63,29.8,88
2024-08-12 17:00:00,1255.04,30.5,85
2024-08-12 18:00:00,1119.65,29.7,86
2024-08-12 19:00:00,1148.53,26.1,84
2024-08-12 20:00:00,1112.44,28.6,89
2024-08-12 21:00:00,1137.94,26.7,79
2024-08-12 22:00:00,1066.31,27.4,66
2024-08-12 23:00:00,1162.41,25.4,88
2024-08-13 00:00:00,1115.01,25.4,93
2024-08-13 01:00:00,1135.12,25.6,85
2024-08-13 02:00:00,1148.79,23.8,86
2024-08-13 03:00:00,1113.01,24.1,68
2024-08-13 04:00:00,1071.8,22.6,81
2024-08-13 05:00:00,1118.2,26.7,71
2024-08-13 06:00:00,1113.01,25.8,65
2024-08-13 07:00:00,1287.66,25.8,65
2024-08-13 08:00:00,1344.44,28.9,86
2024-08-13 09:00:00,1502.56,26.4,78
2024-08-13 10:00:00,1544.72,29.5,65
2024-08-13 11:00:00,1613.72,31.9,76
2024-08-13 12:00:00,1629.9,30.9,88
2024-08-13 13:00:00,1662.73,31.0,82
2024-08-13 14:00:00,1538.34,31.5,76
2024-08-13 15:00:00,1486.01,29.5,80
2024-08-13 16:00:00,1338.29,32.3,69
2024-08-13 17:00:00,1178.3,30.7,67
2024-08-13 18:00:00,1146.72,29.7,73
2024-08-13 19:00:00,1076.79,28.7,90
2024-08-13 20:00:00,1102.88,28.0,77
2024-08-13 21:00:00,1068.26,27.7,89
2024-08-13 22:00:00,1162.61,25.9,77
2024-08-13 23:00:00,1145.97,23.5,84
2024-08-14 00:00:00,1147.98,25.2,84
2024-08-14 01:00:00,1169.6,24.7,89
2024-08-14 02:00:00,1161.44,24.2,89
2024-08-14 03:00:00,1106.73,25.4,70
2024-08-14 04:00:00,1072.23,24.6,86
2024-08-14 05:00:00,1053.51,26.5,75
2024-08-14 06:00:00,1140.22,27.7,91
2024-08-14 07:00:00,1223.42,27.7,88
2024-08-14 08:00:00,1352.99,27.1,69
2024-08-14 09:00:00,1448.95,28.9,89
2024-08-14 10:00:00,1584.84,31.5,70
2024-08-14 11:00:00,1608.21,29.0,74
2024-08-14 12:00:00,1652.27,31.0,82
2024-08-14 13:00:00,1671.12,31.5,82
2024-08-14 14:00:00,1572.75,31.0,66
2024-08-14 15:00:00,1458.96,32.9,73
2024-08-14 16:00:00,1328.22,31.9,68
2024-08-14 17:00:00,1222.91,30.0,87
2024-08-14 18:00:00,1134.53,30.7,65
2024-08-14 19:00:00,1096.74,28.8,81
2024-08-14 20:00:00,1125.76,26.9,77
2024-08-14 21:00:00,1099.77,26.1,81
2024-08-14 22:00:00,1080.57,26.5,68
2024-08-14 23:00:00,1208.66,26.3,77
2024-08-15 00:00:00,1162.98,24.0,80
2024-08-15 01:00:00,1094.99,24.8,74
2024-08-15 02:00:00,1109.82,25.9,68
2024-08-15 03:00:00,1108.9,22.6,61
2024-08-15 04:00:00,1156.46,25.0,73
2024-08-15 05:00:00,1074.4,26.2,80
2024-08-15 06:00:00,1195.98,25.9,93
2024-08-15 07:00:00,1291.58,28.5,66
2024-08-15 08:00:00,1324.82,30.6,74
2024-08-15 09:00:00,1448.9,29.4,71
2024-08-15 10:00:00,1522.07,29.7,66
2024-08-15 11:00:00,1620.13,32.0,64
2024-08-15 12:00:00,1650.57,32.5,82
2024-08-15 13:00:00,1650.35,28.8,87
2024-08-15 14:00:00,1596.52,32.0,93
2024-08-15 15:00:00,1432.46,31.4,84
2024-08-15 16:00:00,1278.02,31.9,61
2024-08-15 17:00:00,1241.92,30.6,68
2024-08-15 18:00:00,1172.16,29.9,93
2024-08-15 19:00:00,1121.99,28.0,91
2024-08-15 20:00:00,1085.46,28.9,71
2024-08-15 21:00:00,1109.49,29.0,78
2024-08-15 22:00:00,1178.44,25.0,69
2024-08-15 23:00:00,1157.71,23.5,69
2024-08-16 00:00:00,1136.27,24.6,94
2024-08-16 01:00:00,1124.28,24.1,91
2024-08-16 02:00:00,1116.9,25.4,66
2024-08-16 03:00:00,1159.86,22.7,69
2024-08-16 04:00:00,1087.94,23.9,86
2024-08-16 05:00:00,1110.04,22.6,91
2024-08-16 06:00:00,1142.49,27.6,66
2024-08-16 07:00:00,1278.62,27.3,85
2024-08-16 08:00:00,1412.98,27.4,81
2024-08-16 09:00:00,1471.93,27.4,71
2024-08-16 10:00:00,1558.8,28.5,83
2024-08-16 11:00:00,1626.09,31.3,88
2024-08-16 12:00:00,1565.95,30.1,91
2024-08-16 13:00:00,1650.89,32.0,75
2024-08-16 14:00:00,1560.62,34.5,85
2024-08-16 15:00:00,1471.19,31.4,65
2024-08-16 16:00:00,1319.53,30.3,60
2024-08-16 17:00:00,1226.76,31.3,72
2024-08-16 18:00:00,1145.05,28.5,65
2024-08-16 19:00:00,1146.57,31.1,71
2024-08-16 20:00:00,1081.19,29.7,68
2024-08-16 21:00:00,1175.57,26.8,79
2024-08-16 22:00:00,1138.03,24.9,86
2024-08-16 23:00:00,1097.26,24.7,62
2024-08-17 00:00:00,942.36,24.2,83
2024-08-17 01:00:00,916.5,24.6,74
2024-08-17 02:00:00,843.56,25.2,93
2024-08-17 03:00:00,956.08,22.9,91
2024-08-17 04:00:00,916.49,25.7,80
2024-08-17 05:00:00,926.92,25.9,60
2024-08-17 06:00:00,962.68,25.4,92
2024-08-17 07:00:00,989.31,25.7,70
2024-08-17 08:00:00,1124.98,28.1,62
2024-08-17 09:00:00,1283.15,27.8,81
2024-08-17 10:00:00,1316.63,31.2,69
2024-08-17 11:00:00,1333.72,29.5,83
2024-08-17 12:00:00,1438.98,32.1,66
2024-08-17 13:00:00,1417.38,31.8,60
2024-08-17 14:00:00,1358.19,31.3,60
2024-08-17 15:00:00,1279.22,31.7,85
2024-08-17 16:00:00,1164.27,32.8,76
2024-08-17 17:00:00,1046.8,29.4,70
2024-08-17 18:00:00,998.81,29.5,62
2024-08-17 19:00:00,855.18,28.1,69
2024-08-17 20:00:00,909.63,28.0,61
2024-08-17 21:00:00,922.13,26.1,91
2024-08-17 22:00:00,877.09,23.9,75
2024-08-17 23:00:00,886.83,23.9,85
2024-08-18 00:00:00,918.25,26.5,69
2024-08-18 01:00:00,913.65,24.4,89
2024-08-18 02:00:00,944.23,24.3,68
2024-08-18 03:00:00,876.09,23.8,64
2024-08-18 04:00:00,859.41,24.5,66
2024-08-18 05:00:00,884.35,24.7,60
2024-08-18 06:00:00,993.54,26.6,86
2024-08-18 07:00:00,1035.63,27.1,71
2024-08-18 08:00:00,1133.13,26.6,75
2024-08-18 09:00:00,1247.33,29.3,67
2024-08-18 10:00:00,1396.14,27.0,84
2024-08-18 11:00:00,1393.6,31.3,72
2024-08-18 12:00:00,1490.47,29.8,69
2024-08-18 13:00:00,1427.2,31.7,92
2024-08-18 14:00:00,1345.33,30.6,94
2024-08-18 15:00:00,1338.75,31.9,87
2024-08-18 16:00:00,1102.5,32.2,75
2024-08-18 17:00:00,1022.86,32.6,67
2024-08-18 18:00:00,911.32,28.2,92
2024-08-18 19:00:00,939.17,30.2,94
2024-08-18 20:00:00,948.59,28.2,71
2024-08-18 21:00:00,956.15,26.4,74
2024-08-18 22:00:00,960.81,26.9,76
2024-08-18 23:00:00,930.01,24.9,86
2024-08-19 00:00:00,1129.04,25.4,80
2024-08-19 01:00:00,1075.78,22.9,80
2024-08-19 02:00:00,1186.59,23.2,76
2024-08-19 03:00:00,1111.48,25.3,86
2024-08-19 04:00:00,1069.63,26.3,71
2024-08-19 05:00:00,1149.71,25.1,87
2024-08-19 06:00:00,1117.81,22.7,84
2024-08-19 07:00:00,1246.88,26.7,68
2024-08-19 08:00:00,1330.83,28.0,82
2024-08-19 09:00:00,1471.01,28.8,70
2024-08-19 10:00:00,1546.16,30.4,60
2024-08-19 11:00:00,1566.51,30.3,75
2024-08-19 12:00:00,1644.54,32.5,72
2024-08-19 13:00:00,1654.01,30.5,79
2024-08-19 14:00:00,1547.39,33.5,75
2024-08-19 15:00:00,1475.82,33.7,75
2024-08-19 16:00:00,1300.32,30.4,94
2024-08-19 17:00:00,1231.79,29.7,91
2024-08-19 18:00:00,1130.07,30.5,82
2024-08-19 19:00:00,1129.45,27.6,84
2024-08-19 20:00:00,1088.04,27.4,87
2024-08-19 21:00:00,1119.32,28.3,61
2024-08-19 22:00:00,1153.51,26.9,62
2024-08-19 23:00:00,1158.61,27.5,90
2024-08-20 00:00:00,1148.83,24.7,92
2024-08-20 01:00:00,1096.78,23.4,92
2024-08-20 02:00:00,1112.68,24.1,94
2024-08-20 03:00:00,1073.85,24.0,85
2024-08-20 04:00:00,1072.25,24.4,71
2024-08-20 05:00:00,1087.56,25.1,70
2024-08-20 06:00:00,1115.01,24.9,65
2024-08-20 07:00:00,1161.58,27.3,84
2024-08-20 08:00:00,1310.93,26.3,93
2024-08-20 09:00:00,1452.86,28.2,94
2024-08-20 10:00:00,1498.65,29.9,80
2024-08-20 11:00:00,1615.28,28.1,77
2024-08-20 12:00:00,1705.85,32.4,67
2024-08-20 13:00:00,1650.55,29.4,93
2024-08-20 14:00:00,1603.38,32.8,73
2024-08-20 15:00:00,1459.82,30.3,78
2024-08-20 16:00:00,1375.22,31.0,79
2024-08-20 17:00:00,1204.81,31.5,63
2024-08-20 18:00:00,1126.82,32.6,91
2024-08-20 19:00:00,1004.88,29.2,85
2024-08-20 20:00:00,1125.9,25.6,87
2024-08-20 21:00:00,1146.52,28.1,71
2024-08-20 22:00:00,1093.53,25.7,69
2024-08-20 23:00:00,1122.95,25.3,94
2024-08-21 00:00:00,1110.3,25.2,92
2024-08-21 01:00:00,1142.52,21.5,73
2024-08-21 02:00:00,1149.56,24.0,82
2024-08-21 03:00:00,1028.93,23.6,77
2024-08-21 04:00:00,1096.04,26.0,71
2024-08-21 05:00:00,1088.4,26.0,84
2024-08-21 06:00:00,1150.69,24.0,81
2024-08-21 07:00:00,1243.57,28.5,65
2024-08-21 08:00:00,1325.14,28.5,75
2024-08-21 09:00:00,1439.89,27.2,82
2024-08-21 10:00:00,1535.76,30.1,68
2024-08-21 11:00:00,1646.11,32.1,94
2024-08-21 12:00:00,1651.41,30.0,88
2024-08-21 13:00:00,1619.88,33.5,73
2024-08-21 14:00:00,1498.79,30.2,64
2024-08-21 15:00:00,1430.3,30.9,80
2024-08-21 16:00:00,1363.23,30.3,65
2024-08-21 17:00:00,1228.88,32.5,60
2024-08-21 18:00:00,1169.87,29.4,90
2024-08-21 19:00:00,1159.99,27.6,87
2024-08-21 20:00:00,1118.15,28.5,62
2024-08-21 21:00:00,1093.29,27.8,82
2024-08-21 22:00:00,1092.42,26.8,63
2024-08-21 23:00:00,1039.88,24.8,65
2024-08-22 00:00:00,1128.18,24.8,71
2024-08-22 01:00:00,1115.11,23.4,71
2024-08-22 02:00:00,1121.24,26.0,66
2024-08-22 03:00:00,1081.93,25.5,87
2024-08-22 04:00:00,1067.89,25.8,85
2024-08-22 05:00:00,1033.2,26.1,66
2024-08-22 06:00:00,1111.21,26.6,62
2024-08-22 07:00:00,1241.58,25.5,72
2024-08-22 08:00:00,1389.18,28.8,70
2024-08-22 09:00:00,1437.49,29.2,82
2024-08-22 10:00:00,1552.11,31.5,60
2024-08-22 11:00:00,1642.88,31.8,93
2024-08-22 12:00:00,1605.76,32.1,90
2024-08-22 13:00:00,1622.39,29.8,92
2024-08-22 14:00:00,1514.74,31.9,73
2024-08-22 15:00:00,1471.21,31.2,91
2024-08-22 16:00:00,1334.47,31.8,87
2024-08-22 17:00:00,1235.4,30.3,60
2024-08-22 18:00:00,1116.79,29.7,66
2024-08-22 19:00:00,1120.3,29.6,75
2024-08-22 20:00:00,1152.15,27.5,91
2024-08-22 21:00:00,1052.14,27.1,83
2024-08-22 22:00:00,1095.8,24.2,73
2024-08-22 23:00:00,1134.75,24.2,74
2024-08-23 00:00:00,1158.97,25.3,60
2024-08-23 01:00:00,1104.31,22.7,87
2024-08-23 02:00:00,1005.79,25.5,78
2024-08-23 03:00:00,1132.25,25.3,66
2024-08-23 04:00:00,1103.08,24.2,77
2024-08-23 05:00:00,1031.84,28.8,72
2024-08-23 06:00:00,1120.21,27.5,77
2024-08-23 07:00:00,1277.15,25.8,63
2024-08-23 08:00:00,1377.16,28.9,63
2024-08-23 09:00:00,1471.12,29.1,86
2024-08-23 10:00:00,1531.84,29.1,75
2024-08-23 11:00:00,1609.81,29.5,73
2024-08-23 12:00:00,1626.93,32.7,73
2024-08-23 13:00:00,1646.41,31.1,66
2024-08-23 14:00:00,1507.37,31.9,73
2024-08-23 15:00:00,1410.1,30.8,65
2024-08-23 16:00:00,1361.89,30.6,86
2024-08-23 17:00:00,1220.77,30.7,70
2024-08-23 18:00:00,1189.79,30.5,90
2024-08-23 19:00:00,1069.42,25.9,62
2024-08-23 20:00:00,1074.64,28.0,60
2024-08-23 21:00:00,1052.5,26.1,75
2024-08-23 22:00:00,1105.32,27.7,86
2024-08-23 23:00:00,1072.27,28.7,62
2024-08-24 00:00:00,911.72,24.1,67
2024-08-24 01:00:00,870.96,22.1,75
2024-08-24 02:00:00,926.58,24.1,61
2024-08-24 03:00:00,907.11,23.9,88
2024-08-24 04:00:00,813.25,26.9,75
2024-08-24 05:00:00,936.87,27.2,88
2024-08-24 06:00:00,1026.23,27.0,90
2024-08-24 07:00:00,1021.22,26.3,70
2024-08-24 08:00:00,1101.39,28.8,91
2024-08-24 09:00:00,1334.47,29.4,83
2024-08-24 10:00:00,1289.19,30.3,78
2024-08-24 11:00:00,1404.96,29.0,91
2024-08-24 12:00:00,1435.14,32.7,69
2024-08-24 13:00:00,1451.35,32.0,91
2024-08-24 14:00:00,1347.96,31.9,82
2024-08-24 15:00:00,1218.2,31.1,92
2024-08-24 16:00:00,1090.59,30.5,89
2024-08-24 17:00:00,1007.7,31.2,89
2024-08-24 18:00:00,903.65,27.9,66
2024-08-24 19:00:00,891.94,30.0,75
2024-08-24 20:00:00,854.15,26.7,60
2024-08-24 21:00:00,829.84,24.5,89
2024-08-24 22:00:00,946.34,28.2,93
2024-08-24 23:00:00,903.94,24.1,93
2024-08-25 00:00:00,881.72,23.7,90
2024-08-25 01:00:00,912.67,25.5,67
2024-08-25 02:00:00,902.01,26.2,79
2024-08-25 03:00:00,818.22,22.3,88
2024-08-25 04:00:00,882.74,23.4,90
2024-08-25 05:00:00,850.86,24.1,80
2024-08-25 06:00:00,996.03,27.1,85
2024-08-25 07:00:00,1035.27,28.9,90
2024-08-25 08:00:00,1107.16,26.7,79
2024-08-25 09:00:00,1206.85,30.7,81
2024-08-25 10:00:00,1329.0,29.1,85
2024-08-25 11:00:00,1423.02,31.2,76
2024-08-25 12:00:00,1425.28,29.9,84
2024-08-25 13:00:00,1393.99,31.7,86
2024-08-25 14:00:00,1334.74,31.9,62
2024-08-25 15:00:00,1211.83,31.5,83
2024-08-25 16:00:00,1109.19,31.9,84
2024-08-25 17:00:00,943.98,29.6,69
2024-08-25 18:00:00,970.29,28.9,77
2024-08-25 19:00:00,898.05,29.6,76
2024-08-25 20:00:00,844.15,29.6,73
2024-08-25 21:00:00,945.91,26.9,78
2024-08-25 22:00:00,902.77,26.6,77
2024-08-25 23:00:00,882.41,26.1,82
2024-08-26 00:00:00,1153.39,25.5,67
2024-08-26 01:00:00,1129.79,23.0,75
2024-08-26 02:00:00,1110.72,23.1,84
2024-08-26 03:00:00,1061.75,23.3,91
2024-08-26 04:00:00,1084.2,26.9,78
2024-08-26 05:00:00,1075.65,25.8,77
2024-08-26 06:00:00,1152.9,26.6,91
2024-08-26 07:00:00,1147.55,27.4,74
2024-08-26 08:00:00,1303.27,26.4,80
2024-08-26 09:00:00,1490.51,31.4,70
2024-08-26 10:00:00,1503.12,30.6,88
2024-08-26 11:00:00,1577.74,31.7,91
2024-08-26 12:00:00,1607.8,29.3,65
2024-08-26 13:00:00,1556.37,32.8,78
2024-08-26 14:00:00,1452.7,31.6,75
2024-08-26 15:00:00,1422.2,30.3,71
2024-08-26 16:00:00,1323.25,30.3,74
2024-08-26 17:00:00,1212.45,29.3,70
2024-08-26 18:00:00,1128.44,28.5,69
2024-08-26 19:00:00,1086.39,29.1,83
2024-08-26 20:00:00,1104.32,27.5,60
2024-08-26 21:00:00,1070.08,27.4,76
2024-08-26 22:00:00,1076.93,28.0,73
2024-08-26 23:00:00,1106.14,25.0,84
2024-08-27 00:00:00,1140.96,21.8,94
2024-08-27 01:00:00,1162.55,23.8,81
2024-08-27 02:00:00,1072.2,25.4,66
2024-08-27 03:00:00,1077.39,24.0,70
2024-08-27 04:00:00,1077.55,26.4,69
2024-08-27 05:00:00,1047.34,25.7,73
2024-08-27 06:00:00,1131.43,23.8,94
2024-08-27 07:00:00,1160.21,27.1,65
2024-08-27 08:00:00,1253.81,28.4,64
2024-08-27 09:00:00,1440.35,30.3,66
2024-08-27 10:00:00,1513.81,32.2,74
2024-08-27 11:00:00,1603.23,31.9,80
2024-08-27 12:00:00,1620.13,32.0,77
2024-08-27 13:00:00,1561.99,32.7,60
2024-08-27 14:00:00,1525.69,31.8,63
2024-08-27 15:00:00,1384.39,30.1,70
2024-08-27 16:00:00,1364.46,31.5,69
2024-08-27 17:00:00,1164.1,31.3,78
2024-08-27 18:00:00,1123.93,28.6,89
2024-08-27 19:00:00,1045.69,30.6,79
2024-08-27 20:00:00,1085.76,29.2,86
2024-08-27 21:00:00,1062.43,25.3,71
2024-08-27 22:00:00,1076.15,27.6,73
2024-08-27 23:00:00,1143.12,24.8,93
2024-08-28 00:00:00,1118.97,23.6,61
2024-08-28 01:00:00,1128.47,25.4,91
2024-08-28 02:00:00,1057.1,23.9,77
2024-08-28 03:00:00,1022.01,26.4,80
2024-08-28 04:00:00,1066.72,23.5,70
2024-08-28 05:00:00,1068.18,23.1,89
2024-08-28 06:00:00,1149.9,25.7,78
2024-08-28 07:00:00,1205.97,27.9,89
2024-08-28 08:00:00,1320.17,26.9,94
2024-08-28 09:00:00,1367.95,27.4,63
2024-08-28 10:00:00,1590.6,30.3,80
2024-08-28 11:00:00,1587.66,29.1,64
2024-08-28 12:00:00,1642.43,31.8,86
2024-08-28 13:00:00,1564.16,31.5,66
2024-08-28 14:00:00,1535.31,32.6,90
2024-08-28 15:00:00,1379.2,30.2,79
2024-08-28 16:00:00,1328.86,33.0,84
2024-08-28 17:00:00,1196.36,30.6,84
2024-08-28 18:00:00,1129.07,30.9,76
2024-08-28 19:00:00,1103.85,30.2,74
2024-08-28 20:00:00,1019.92,26.6,69
2024-08-28 21:00:00,1047.33,28.0,93
2024-08-28 22:00:00,1107.57,24.3,66
2024-08-28 23:00:00,1183.95,23.5,84
2024-08-29 00:00:00,1110.35,26.9,87
2024-08-29 01:00:00,1128.32,25.5,86
2024-08-29 02:00:00,1084.94,26.5,87
2024-08-29 03:00:00,1136.4,23.7,93
2024-08-29 04:00:00,999.05,24.7,88
2024-08-29 05:00:00,1079.89,25.8,67
2024-08-29 06:00:00,1068.32,26.0,72
2024-08-29 07:00:00,1118.27,26.1,62
2024-08-29 08:00:00,1320.64,26.9,73
2024-08-29 09:00:00,1426.89,29.3,91
2024-08-29 10:00:00,1511.77,28.7,82
2024-08-29 11:00:00,1586.93,29.5,82
2024-08-29 12:00:00,1723.69,31.9,72
2024-08-29 13:00:00,1581.62,31.7,80
2024-08-29 14:00:00,1539.62,33.1,90
2024-08-29 15:00:00,1399.32,31.4,66
2024-08-29 16:00:00,1320.6,30.8,78
2024-08-29 17:00:00,1197.72,31.3,81
2024-08-29 18:00:00,1110.92,29.0,83
2024-08-29 19:00:00,1140.32,28.2,83
2024-08-29 20:00:00,1101.5,27.3,80
2024-08-29 21:00:00,1073.31,26.7,72
2024-08-29 22:00:00,1008.15,28.1,65
2024-08-29 23:00:00,1095.12,23.5,87
2024-08-30 00:00:00,1207.01,26.1,91
2024-08-30 01:00:00,1096.77,25.0,72
2024-08-30 02:00:00,1124.52,25.9,93
2024-08-30 03:00:00,1116.11,27.9,91
2024-08-30 04:00:00,1065.09,26.3,73
2024-08-30 05:00:00,1044.34,26.3,91
2024-08-30 06:00:00,1037.2,24.4,64
2024-08-30 07:00:00,1227.17,25.5,94
2024-08-30 08:00:00,1278.93,28.4,63
2024-08-30 09:00:00,1425.39,27.0,73
2024-08-30 10:00:00,1475.22,30.7,77
2024-08-30 11:00:00,1578.58,28.3,70
2024-08-30 12:00:00,1613.65,32.8,78
2024-08-30 13:00:00,1597.28,31.5,61
2024-08-30 14:00:00,1479.97,32.2,93
2024-08-30 15:00:00,1461.15,31.0,62
2024-08-30 16:00:00,1286.6,29.2,88
2024-08-30 17:00:00,1144.67,32.3,82
2024-08-30 18:00:00,1118.69,31.6,60
2024-08-30 19:00:00,1075.08,28.6,65
2024-08-30 20:00:00,1063.14,28.8,76
2024-08-30 21:00:00,1113.42,26.5,78
2024-08-30 22:00:00,1077.74,26.3,61
2024-08-30 23:00:00,1100.79,26.1,74
2024-08-31 00:00:00,870.99,25.2,82
2024-08-31 01:00:00,930.77,25.7,78
2024-08-31 02:00:00,889.56,24.6,92
2024-08-31 03:00:00,848.14,24.2,65
2024-08-31 04:00:00,787.96,23.6,78
2024-08-31 05:00:00,921.56,24.6,89
2024-08-31 06:00:00,876.67,27.0,81
2024-08-31 07:00:00,979.73,25.2,62
2024-08-31 08:00:00,1117.19,29.3,64
2024-08-31 09:00:00,1174.55,28.7,89
2024-08-31 10:00:00,1263.89,29.0,62
2024-08-31 11:00:00,1310.73,29.5,87
2024-08-31 12:00:00,1434.91,32.3,60
2024-08-31 13:00:00,1366.0,31.8,81
2024-08-31 14:00:00,1418.64,33.9,76
2024-08-31 15:00:00,1181.66,30.3,87
2024-08-31 16:00:00,1072.44,30.8,89
2024-08-31 17:00:00,980.69,30.7,67
2024-08-31 18:00:00,928.22,29.1,86
2024-08-31 19:00:00,854.63,29.0,84
2024-08-31 20:00:00,876.15,28.4,72
2024-08-31 21:00:00,828.7,27.5,93
2024-08-31 22:00:00,834.87,27.8,66
2024-08-31 23:00:00,839.24,23.6,81
2024-09-01 00:00:00,828.96,24.9,92
2024-09-01 01:00:00,881.1,23.4,90
2024-09-01 02:00:00,869.76,24.5,92
2024-09-01 03:00:00,837.93,24.7,81
2024-09-01 04:00:00,895.33,23.4,86
2024-09-01 05:00:00,911.17,24.1,86
2024-09-01 06:00:00,905.11,26.6,80
2024-09-01 07:00:00,934.82,27.0,94
2024-09-01 08:00:00,1082.0,27.7,69
2024-09-01 09:00:00,1192.62,29.8,87
2024-09-01 10:00:00,1290.35,30.9,92
2024-09-01 11:00:00,1357.84,30.2,67
2024-09-01 12:00:00,1383.99,30.4,92
2024-09-01 13:00:00,1368.74,30.3,78
2024-09-01 14:00:00,1291.13,32.0,89
2024-09-01 15:00:00,1220.94,30.2,73
2024-09-01 16:00:00,1114.49,31.6,73
2024-09-01 17:00:00,965.8,32.3,66
2024-09-01 18:00:00,961.38,29.6,93
2024-09-01 19:00:00,833.97,28.4,91
2024-09-01 20:00:00,795.28,30.4,92
2024-09-01 21:00:00,873.46,28.8,73
2024-09-01 22:00:00,851.8,25.1,84
2024-09-01 23:00:00,910.61,25.3,87
2024-09-02 00:00:00,1019.83,24.9,89
2024-09-02 01:00:00,1145.14,24.4,90
2024-09-02 02:00:00,1100.99,26.2,83
2024-09-02 03:00:00,1004.68,24.2,63
2024-09-02 04:00:00,997.22,24.8,73
2024-09-02 05:00:00,1123.89,26.0,68
2024-09-02 06:00:00,1088.19,27.4,65
2024-09-02 07:00:00,1165.58,28.1,83
2024-09-02 08:00:00,1219.69,28.6,85
2024-09-02 09:00:00,1398.51,27.2,93
2024-09-02 10:00:00,1502.55,29.4,60
2024-09-02 11:00:00,1604.47,31.8,82
2024-09-02 12:00:00,1555.06,31.8,76
2024-09-02 13:00:00,1526.23,32.9,79
2024-09-02 14:00:00,1526.33,34.3,85
2024-09-02 15:00:00,1446.06,30.5,70
2024-09-02 16:00:00,1244.06,32.8,79
2024-09-02 17:00:00,1232.69,30.4,60
2024-09-02 18:00:00,1115.38,31.1,72
2024-09-02 19:00:00,1103.65,29.0,72
2024-09-02 20:00:00,1046.62,30.6,73
2024-09-02 21:00:00,969.02,27.1,71
2024-09-02 22:00:00,1072.26,25.2,93
2024-09-02 23:00:00,1133.64,25.7,86
2024-09-03 00:00:00,1069.83,24.9,71
2024-09-03 01:00:00,1079.98,25.5,60
2024-09-03 02:00:00,1068.45,24.5,85
2024-09-03 03:00:00,952.87,27.1,80
2024-09-03 04:00:00,1104.63,24.4,91
2024-09-03 05:00:00,1030.97,25.1,84
2024-09-03 06:00:00,1128.85,25.3,71
2024-09-03 07:00:00,1188.9,27.1,84
2024-09-03 08:00:00,1340.18,28.3,85
2024-09-03 09:00:00,1422.15,29.4,75
2024-09-03 10:00:00,1499.46,30.1,73
2024-09-03 11:00:00,1545.31,30.1,93
2024-09-03 12:00:00,1629.11,30.4,83
2024-09-03 13:00:00,1511.02,31.4,67
2024-09-03 14:00:00,1530.31,33.4,86
2024-09-03 15:00:00,1369.51,33.5,72
2024-09-03 16:00:00,1340.04,31.4,88
2024-09-03 17:00:00,1197.64,29.7,90
2024-09-03 18:00:00,1133.76,29.9,78
2024-09-03 19:00:00,1065.46,31.5,69
2024-09-03 20:00:00,984.9,29.2,93
2024-09-03 21:00:00,1024.33,27.6,60
2024-09-03 22:00:00,1098.27,27.2,78
2024-09-03 23:00:00,1099.52,27.0,60
2024-09-04 00:00:00,1139.59,23.2,83
2024-09-04 01:00:00,1104.82,23.7,84
2024-09-04 02:00:00,1037.93,23.4,63
2024-09-04 03:00:00,1023.63,24.8,83
2024-09-04 04:00:00,1046.88,24.7,79
2024-09-04 05:00:00,978.66,26.1,92
2024-09-04 06:00:00,1166.86,25.4,87
2024-09-04 07:00:00,1204.54,28.6,94
2024-09-04 08:00:00,1336.25,27.9,83
2024-09-04 09:00:00,1349.76,29.9,61
2024-09-04 10:00:00,1548.38,31.4,82
2024-09-04 11:00:00,1651.82,32.2,92
2024-09-04 12:00:00,1552.09,31.9,73
2024-09-04 13:00:00,1600.73,32.8,74
2024-09-04 14:00:00,1504.88,34.1,91
2024-09-04 15:00:00,1351.06,32.5,82
2024-09-04 16:00:00,1310.6,30.6,63
2024-09-04 17:00:00,1218.31,31.5,79
2024-09-04 18:00:00,1087.32,30.0,90
2024-09-04 19:00:00,1100.54,26.2,66
2024-09-04 20:00:00,985.03,28.6,60
2024-09-04 21:00:00,999.28,27.1,64
2024-09-04 22:00:00,1076.66,27.4,73
2024-09-04 23:00:00,1091.72,24.3,89
2024-09-05 00:00:00,1070.3,22.7,82
2024-09-05 01:00:00,1116.17,24.3,66
2024-09-05 02:00:00,1087.47,24.5,75
2024-09-05 03:00:00,1078.66,24.2,68
2024-09-05 04:00:00,1036.1,24.6,93
2024-09-05 05:00:00,1077.87,23.9,90
2024-09-05 06:00:00,1089.82,25.8,66
2024-09-05 07:00:00,1258.09,26.5,61
2024-09-05 08:00:00,1261.99,29.3,65
2024-09-05 09:00:00,1475.9,29.5,93
2024-09-05 10:00:00,1503.17,29.7,76
2024-09-05 11:00:00,1522.71,32.9,85
2024-09-05 12:00:00,1643.33,31.1,71
2024-09-05 13:00:00,1575.27,32.5,79
2024-09-05 14:00:00,1531.76,31.8,94
2024-09-05 15:00:00,1445.08,33.8,94
2024-09-05 16:00:00,1302.3,31.6,88
2024-09-05 17:00:00,1165.53,31.0,90
2024-09-05 18:00:00,1139.64,29.8,72
2024-09-05 19:00:00,1056.89,29.3,85
2024-09-05 20:00:00,1064.5,29.4,81
2024-09-05 21:00:00,973.35,28.0,67
2024-09-05 22:00:00,1084.65,26.0,66
2024-09-05 23:00:00,1065.61,27.2,64
2024-09-06 00:00:00,1150.36,25.6,60
2024-09-06 01:00:00,1106.75,23.6,70
2024-09-06 02:00:00,1074.4,22.3,91
2024-09-06 03:00:00,1062.76,23.6,66
2024-09-06 04:00:00,1002.58,25.0,88
2024-09-06 05:00:00,1110.71,25.9,89
2024-09-06 06:00:00,1172.23,27.6,80
2024-09-06 07:00:00,1197.07,25.7,79
2024-09-06 08:00:00,1343.21,27.5,81
2024-09-06 09:00:00,1379.41,27.6,88
2024-09-06 10:00:00,1471.16,28.4,63
2024-09-06 11:00:00,1569.4,30.1,62
2024-09-06 12:00:00,1607.79,31.9,68
2024-09-06 13:00:00,1554.19,32.8,64
2024-09-06 14:00:00,1517.91,30.9,62
2024-09-06 15:00:00,1410.08,30.9,84
2024-09-06 16:00:00,1252.65,29.3,91
2024-09-06 17:00:00,1201.54,31.1,92
2024-09-06 18:00:00,1132.82,29.1,77
2024-09-06 19:00:00,1059.98,31.0,88
2024-09-06 20:00:00,1077.96,28.5,61
2024-09-06 21:00:00,1003.23,26.8,70
2024-09-06 22:00:00,1082.5,25.2,90
2024-09-06 23:00:00,1044.11,23.4,63
2024-09-07 00:00:00,850.61,22.9,88
2024-09-07 01:00:00,859.97,23.4,62
2024-09-07 02:00:00,830.14,23.2,61
2024-09-07 03:00:00,823.66,22.9,73
2024-09-07 04:00:00,827.13,25.0,63
2024-09-07 05:00:00,880.3,25.8,89
2024-09-07 06:00:00,888.4,25.4,78
2024-09-07 07:00:00,924.93,29.3,78
2024-09-07 08:00:00,1124.55,25.9,90
2024-09-07 09:00:00,1167.13,29.1,74
2024-09-07 10:00:00,1294.11,29.7,88
2024-09-07 11:00:00,1380.7,30.2,62
2024-09-07 12:00:00,1396.66,30.6,78
2024-09-07 13:00:00,1403.38,31.9,81
2024-09-07 14:00:00,1312.95,31.7,79
2024-09-07 15:00:00,1166.32,31.4,66
2024-09-07 16:00:00,1160.94,29.9,63
2024-09-07 17:00:00,987.28,28.9,60
2024-09-07 18:00:00,894.55,29.7,66
2024-09-07 19:00:00,884.82,28.6,81
2024-09-07 20:00:00,843.45,27.8,89
2024-09-07 21:00:00,856.92,26.8,68
2024-09-07 22:00:00,950.45,25.4,86
2024-09-07 23:00:00,872.55,24.9,82
2024-09-08 00:00:00,875.57,23.5,71
2024-09-08 01:00:00,883.22,26.0,72
2024-09-08 02:00:00,897.7,23.0,92
2024-09-08 03:00:00,787.21,23.7,74
2024-09-08 04:00:00,762.92,23.7,75
2024-09-08 05:00:00,827.55,24.3,93
2024-09-08 06:00:00,839.54,26.0,68
2024-09-08 07:00:00,962.65,26.8,86
2024-09-08 08:00:00,1099.33,27.4,74
2024-09-08 09:00:00,1162.35,28.7,94
2024-09-08 10:00:00,1243.32,29.1,93
2024-09-08 11:00:00,1364.59,31.3,89
2024-09-08 12:00:00,1416.95,33.9,82
2024-09-08 13:00:00,1302.85,30.8,68
2024-09-08 14:00:00,1321.99,32.5,91
2024-09-08 15:00:00,1222.16,31.9,94
2024-09-08 16:00:00,1115.18,32.3,91
2024-09-08 17:00:00,1020.22,31.7,75
2024-09-08 18:00:00,973.87,30.2,91
2024-09-08 19:00:00,835.71,29.0,84
2024-09-08 20:00:00,835.65,27.5,89
2024-09-08 21:00:00,825.46,26.0,94
2024-09-08 22:00:00,860.38,25.9,67
2024-09-08 23:00:00,932.92,23.6,84
2024-09-09 00:00:00,1036.71,23.8,77
2024-09-09 01:00:00,1046.09,25.5,69
2024-09-09 02:00:00,1105.49,24.1,60
2024-09-09 03:00:00,1072.72,25.2,63
2024-09-09 04:00:00,1016.09,26.3,85
2024-09-09 05:00:00,1075.09,25.0,70
2024-09-09 06:00:00,1105.76,26.2,74
2024-09-09 07:00:00,1227.11,26.6,91
2024-09-09 08:00:00,1281.43,27.0,74
2024-09-09 09:00:00,1426.51,27.9,87
2024-09-09 10:00:00,1582.81,31.0,82
2024-09-09 11:00:00,1580.18,31.1,62
2024-09-09 12:00:00,1585.58,33.7,91
2024-09-09 13:00:00,1584.54,33.0,79
2024-09-09 14:00:00,1477.58,31.1,73
2024-09-09 15:00:00,1474.22,32.9,94
2024-09-09 16:00:00,1285.17,31.1,68
2024-09-09 17:00:00,1165.11,32.3,83
2024-09-09 18:00:00,1064.63,29.4,63
2024-09-09 19:00:00,1083.66,27.8,71
2024-09-09 20:00:00,1059.25,27.0,83
2024-09-09 21:00:00,1019.72,26.1,60
2024-09-09 22:00:00,1077.58,25.0,73
2024-09-09 23:00:00,1023.55,24.5,90
2024-09-10 00:00:00,1087.33,25.6,69
2024-09-10 01:00:00,1089.15,26.3,92
2024-09-10 02:00:00,1114.12,22.4,94
2024-09-10 03:00:00,1007.12,25.7,77
2024-09-10 04:00:00,981.14,24.0,84
2024-09-10 05:00:00,1010.92,25.6,71
2024-09-10 06:00:00,1044.11,24.0,87
2024-09-10 07:00:00,1218.46,27.6,68
2024-09-10 08:00:00,1330.1,25.6,83
2024-09-10 09:00:00,1398.89,29.4,79
2024-09-10 10:00:00,1530.16,30.3,85
2024-09-10 11:00:00,1561.01,31.1,64
2024-09-10 12:00:00,1577.6,30.6,86
2024-09-10 13:00:00,1544.68,32.5,87
2024-09-10 14:00:00,1476.58,32.5,66
2024-09-10 15:00:00,1333.55,31.6,78
2024-09-10 16:00:00,1285.2,32.3,81
2024-09-10 17:00:00,1170.32,30.7,77
2024-09-10 18:00:00,1117.05,30.6,74
2024-09-10 19:00:00,1045.61,28.9,92
2024-09-10 20:00:00,1020.28,28.3,64
2024-09-10 21:00:00,1003.71,27.7,64
2024-09-10 22:00:00,1057.0,25.5,66
2024-09-10 23:00:00,1099.27,23.7,61
2024-09-11 00:00:00,1037.91,24.9,89
2024-09-11 01:00:00,1073.43,25.6,70
2024-09-11 02:00:00,1059.59,24.4,92
2024-09-11 03:00:00,1006.03,24.5,68
2024-09-11 04:00:00,1002.37,24.5,70
2024-09-11 05:00:00,1047.4,26.1,71
2024-09-11 06:00:00,1048.29,25.8,69
2024-09-11 07:00:00,1180.99,26.4,70
2024-09-11 08:00:00,1241.63,29.3,92
2024-09-11 09:00:00,1421.95,28.4,79
2024-09-11 10:00:00,1566.31,31.1,64
2024-09-11 11:00:00,1523.26,32.2,83
2024-09-11 12:00:00,1596.69,32.1,91
2024-09-11 13:00:00,1527.97,30.4,90
2024-09-11 14:00:00,1520.94,32.0,73
2024-09-11 15:00:00,1340.5,31.6,78
2024-09-11 16:00:00,1289.84,30.9,83
2024-09-11 17:00:00,1138.25,31.0,91
2024-09-11 18:00:00,1080.78,30.9,71
2024-09-11 19:00:00,1003.32,28.5,80
2024-09-11 20:00:00,1051.82,27.8,84
2024-09-11 21:00:00,1001.97,26.7,73
2024-09-11 22:00:00,1070.86,27.4,67
2024-09-11 23:00:00,1058.45,24.9,88
2024-09-12 00:00:00,1070.98,23.1,84
2024-09-12 01:00:00,1072.6,22.2,82
2024-09-12 02:00:00,1021.83,24.4,71
2024-09-12 03:00:00,1035.59,23.2,71
2024-09-12 04:00:00,1073.57,25.3,77
2024-09-12 05:00:00,1009.15,23.6,78
2024-09-12 06:00:00,1126.03,25.4,94
2024-09-12 07:00:00,1218.24,25.4,86
2024-09-12 08:00:00,1241.46,28.5,62
2024-09-12 09:00:00,1330.89,29.8,72
2024-09-12 10:00:00,1492.12,30.4,78
2024-09-12 11:00:00,1531.29,29.5,94
2024-09-12 12:00:00,1640.45,30.6,74
2024-09-12 13:00:00,1551.68,32.1,75
2024-09-12 14:00:00,1453.49,30.0,94
2024-09-12 15:00:00,1341.7,31.6,64
2024-09-12 16:00:00,1308.22,33.3,66
2024-09-12 17:00:00,1145.87,30.6,80
2024-09-12 18:00:00,1086.62,28.2,60
2024-09-12 19:00:00,1069.92,28.3,84
2024-09-12 20:00:00,1003.15,27.2,89
2024-09-12 21:00:00,1026.72,29.5,78
2024-09-12 22:00:00,1048.02,28.0,83
2024-09-12 23:00:00,1091.47,26.0,74
2024-09-13 00:00:00,1092.72,24.1,94
2024-09-13 01:00:00,1056.78,25.6,83
2024-09-13 02:00:00,1047.77,22.6,73
2024-09-13 03:00:00,1012.27,25.4,81
2024-09-13 04:00:00,965.35,25.6,67
2024-09-13 05:00:00,1042.46,25.0,75
2024-09-13 06:00:00,1148.3,27.4,76
2024-09-13 07:00:00,1131.93,26.4,64
2024-09-13 08:00:00,1240.03,26.5,94
2024-09-13 09:00:00,1348.39,30.2,77
2024-09-13 10:00:00,1503.96,29.9,80
2024-09-13 11:00:00,1563.2,31.6,60
2024-09-13 12:00:00,1566.56,33.6,76
2024-09-13 13:00:00,1515.39,31.0,67
2024-09-13 14:00:00,1481.86,31.8,88
2024-09-13 15:00:00,1324.14,33.7,79
2024-09-13 16:00:00,1272.15,32.3,64
2024-09-13 17:00:00,1193.42,30.0,69
2024-09-13 18:00:00,1038.35,28.9,65
2024-09-13 19:00:00,979.88,28.4,66
2024-09-13 20:00:00,1072.43,27.1,94
2024-09-13 21:00:00,1003.97,27.2,86
2024-09-13 22:00:00,1085.42,26.1,80
2024-09-13 23:00:00,1059.22,25.5,83
2024-09-14 00:00:00,863.42,23.5,88
2024-09-14 01:00:00,876.88,24.1,86
2024-09-14 02:00:00,811.65,21.5,61
2024-09-14 03:00:00,826.97,24.3,84
2024-09-14 04:00:00,800.76,25.9,61
2024-09-14 05:00:00,784.27,23.5,77
2024-09-14 06:00:00,890.93,26.6,66
2024-09-14 07:00:00,950.69,26.2,63
2024-09-14 08:00:00,1058.64,29.0,69
2024-09-14 09:00:00,1133.56,29.2,87
2024-09-14 10:00:00,1331.35,30.5,89
2024-09-14 11:00:00,1375.24,30.9,83
2024-09-14 12:00:00,1402.9,33.1,75
2024-09-14 13:00:00,1333.88,32.3,92
2024-09-14 14:00:00,1215.15,31.2,69
2024-09-14 15:00:00,1244.3,32.0,80
2024-09-14 16:00:00,1062.04,31.0,86
2024-09-14 17:00:00,933.76,31.0,80
2024-09-14 18:00:00,893.78,29.5,86
2024-09-14 19:00:00,871.42,28.2,91
2024-09-14 20:00:00,813.4,28.2,64
2024-09-14 21:00:00,867.18,27.0,94
2024-09-14 22:00:00,880.61,27.3,81
2024-09-14 23:00:00,823.99,24.7,69
2024-09-15 00:00:00,842.55,22.2,93
2024-09-15 01:00:00,892.1,23.7,65
2024-09-15 02:00:00,744.7,22.0,73
2024-09-15 03:00:00,814.14,24.6,78
2024-09-15 04:00:00,761.08,22.5,91
2024-09-15 05:00:00,810.86,24.0,79
2024-09-15 06:00:00,865.71,25.6,80
2024-09-15 07:00:00,944.42,28.8,74
2024-09-15 08:00:00,1041.85,26.7,76
2024-09-15 09:00:00,1134.56,29.1,83
2024-09-15 10:00:00,1352.91,30.7,80
2024-09-15 11:00:00,1406.96,32.6,74
2024-09-15 12:00:00,1325.53,32.4,70
2024-09-15 13:00:00,1396.99,33.2,89
2024-09-15 14:00:00,1258.74,33.0,77
2024-09-15 15:00:00,1177.52,30.4,87
2024-09-15 16:00:00,1059.01,31.9,72
2024-09-15 17:00:00,933.92,31.8,69
2024-09-15 18:00:00,910.67,28.9,71
2024-09-15 19:00:00,832.02,28.3,85
2024-09-15 20:00:00,794.57,27.0,78
2024-09-15 21:00:00,773.82,27.9,82
2024-09-15 22:00:00,808.48,25.9,86
2024-09-15 23:00:00,801.26,24.8,75
2024-09-16 00:00:00,1063.6,23.0,66
2024-09-16 01:00:00,1013.74,24.1,72
2024-09-16 02:00:00,1027.39,23.3,71
2024-09-16 03:00:00,1064.37,24.4,86
2024-09-16 04:00:00,1050.18,23.2,92
2024-09-16 05:00:00,1023.45,25.4,90
2024-09-16 06:00:00,1070.16,25.5,70
2024-09-16 07:00:00,1219.79,25.5,76
2024-09-16 08:00:00,1276.45,26.4,61
2024-09-16 09:00:00,1358.53,27.6,62
2024-09-16 10:00:00,1419.83,29.8,93
2024-09-16 11:00:00,1552.43,31.0,91
2024-09-16 12:00:00,1592.27,31.8,83
2024-09-16 13:00:00,1516.55,32.2,83
2024-09-16 14:00:00,1479.96,31.1,72
2024-09-16 15:00:00,1357.31,33.1,81
2024-09-16 16:00:00,1251.83,30.9,78
2024-09-16 17:00:00,1066.98,31.4,89
2024-09-16 18:00:00,1065.52,29.8,80
2024-09-16 19:00:00,1058.59,29.5,82
2024-09-16 20:00:00,986.19,27.7,75
2024-09-16 21:00:00,1018.36,27.4,66
2024-09-16 22:00:00,1010.34,26.0,79
2024-09-16 23:00:00,1068.37,26.1,73
2024-09-17 00:00:00,1052.64,23.6,85
2024-09-17 01:00:00,1019.79,22.0,81
2024-09-17 02:00:00,1080.36,22.8,85
2024-09-17 03:00:00,1045.97,25.4,71
2024-09-17 04:00:00,984.07,24.4,90
2024-09-17 05:00:00,1039.04,25.3,63
2024-09-17 06:00:00,1089.06,24.7,86
2024-09-17 07:00:00,1173.52,27.0,68
2024-09-17 08:00:00,1195.96,26.8,71
2024-09-17 09:00:00,1402.28,28.0,88
2024-09-17 10:00:00,1446.84,29.5,87
2024-09-17 11:00:00,1523.16,31.4,75
2024-09-17 12:00:00,1652.61,32.1,67
2024-09-17 13:00:00,1546.26,32.6,72
2024-09-17 14:00:00,1453.28,30.1,73
2024-09-17 15:00:00,1289.89,31.9,74
2024-09-17 16:00:00,1303.95,31.2,68
2024-09-17 17:00:00,1104.01,29.0,91
2024-09-17 18:00:00,1035.2,30.0,81
2024-09-17 19:00:00,1010.1,28.7,84
2024-09-17 20:00:00,1054.91,28.6,85
2024-09-17 21:00:00,1040.62,27.1,88
2024-09-17 22:00:00,1028.31,25.3,77
2024-09-17 23:00:00,1063.58,26.3,79
2024-09-18 00:00:00,1036.24,21.9,92
2024-09-18 01:00:00,1054.59,24.1,79
2024-09-18 02:00:00,1033.33,21.9,62
2024-09-18 03:00:00,1044.4,23.0,93
2024-09-18 04:00:00,1036.13,25.2,65
2024-09-18 05:00:00,1035.95,23.6,90
2024-09-18 06:00:00,1054.61,24.3,94
2024-09-18 07:00:00,1174.04,29.8,91
2024-09-18 08:00:00,1249.08,26.4,68
2024-09-18 09:00:00,1326.22,31.0,86
2024-09-18 10:00:00,1449.7,29.8,83
2024-09-18 11:00:00,1535.68,30.2,81
2024-09-18 12:00:00,1589.18,32.1,89
2024-09-18 13:00:00,1526.31,33.5,85
2024-09-18 14:00:00,1421.52,30.6,61
2024-09-18 15:00:00,1366.1,31.3,66
2024-09-18 16:00:00,1256.32,32.5,86
2024-09-18 17:00:00,1154.64,31.2,75
2024-09-18 18:00:00,1099.55,31.3,88
2024-09-18 19:00:00,1054.4,29.7,80
2024-09-18 20:00:00,981.57,30.2,85
2024-09-18 21:00:00,989.03,27.2,77
2024-09-18 22:00:00,994.47,26.3,60
2024-09-18 23:00:00,1074.29,25.6,61
2024-09-19 00:00:00,1105.0,24.4,73
2024-09-19 01:00:00,1035.71,25.2,74
2024-09-19 02:00:00,1019.35,24.3,83
2024-09-19 03:00:00,1058.87,25.1,84
2024-09-19 04:00:00,1017.01,25.7,68
2024-09-19 05:00:00,1030.96,25.7,74
2024-09-19 06:00:00,1022.65,26.6,65
2024-09-19 07:00:00,1168.87,25.8,71
2024-09-19 08:00:00,1216.82,27.3,86
2024-09-19 09:00:00,1321.43,30.0,66
2024-09-19 10:00:00,1448.72,31.7,87
2024-09-19 11:00:00,1509.26,28.5,71
2024-09-19 12:00:00,1546.61,30.8,94
2024-09-19 13:00:00,1479.34,31.9,61
2024-09-19 14:00:00,1494.44,30.9,85
2024-09-19 15:00:00,1400.63,30.9,79
2024-09-19 16:00:00,1181.23,32.0,84
2024-09-19 17:00:00,1179.42,32.7,80
2024-09-19 18:00:00,1036.03,27.6,60
2024-09-19 19:00:00,1045.77,28.8,87
2024-09-19 20:00:00,997.01,28.6,72
2024-09-19 21:00:00,1008.64,27.9,89
2024-09-19 22:00:00,1021.43,26.4,69
2024-09-19 23:00:00,1089.29,27.3,81
2024-09-20 00:00:00,1007.95,24.6,88
2024-09-20 01:00:00,1065.05,25.7,64
2024-09-20 02:00:00,1063.38,23.2,67
2024-09-20 03:00:00,1029.65,24.2,70
2024-09-20 04:00:00,1077.72,23.1,85
2024-09-20 05:00:00,994.22,26.3,78
2024-09-20 06:00:00,1094.87,25.9,78
2024-09-20 07:00:00,1138.44,27.4,89
2024-09-20 08:00:00,1289.55,27.6,68
2024-09-20 09:00:00,1357.89,29.7,66
2024-09-20 10:00:00,1444.32,30.5,77
2024-09-20 11:00:00,1572.51,29.6,68
2024-09-20 12:00:00,1534.2,30.3,65
2024-09-20 13:00:00,1477.37,31.8,65
2024-09-20 14:00:00,1439.83,32.8,81
2024-09-20 15:00:00,1379.86,34.1,76
2024-09-20 16:00:00,1295.15,31.8,74
2024-09-20 17:00:00,1146.1,32.0,68
2024-09-20 18:00:00,1107.57,28.1,65
2024-09-20 19:00:00,965.28,31.5,82
2024-09-20 20:00:00,980.93,28.7,76
2024-09-20 21:00:00,994.58,26.9,91
2024-09-20 22:00:00,1020.94,25.8,91
2024-09-20 23:00:00,1046.85,23.8,62
2024-09-21 00:00:00,872.55,23.6,75
2024-09-21 01:00:00,825.25,26.4,61
2024-09-21 02:00:00,826.74,22.8,62
2024-09-21 03:00:00,800.03,22.9,73
2024-09-21 04:00:00,760.99,23.7,73
2024-09-21 05:00:00,805.8,23.7,89
2024-09-21 06:00:00,853.38,26.0,86
2024-09-21 07:00:00,933.42,28.3,76
2024-09-21 08:00:00,1044.53,27.3,68
2024-09-21 09:00:00,1157.85,27.4,69
2024-09-21 10:00:00,1239.81,30.4,88
2024-09-21 11:00:00,1368.39,30.8,63
2024-09-21 12:00:00,1307.51,32.7,80
2024-09-21 13:00:00,1298.62,31.3,61
2024-09-21 14:00:00,1352.26,31.7,74
2024-09-21 15:00:00,1118.91,31.7,87
2024-09-21 16:00:00,996.08,31.6,84
2024-09-21 17:00:00,964.96,30.4,85
2024-09-21 18:00:00,785.78,29.3,68
2024-09-21 19:00:00,801.62,26.8,89
2024-09-21 20:00:00,868.59,27.3,68
2024-09-21 21:00:00,747.64,27.8,60
2024-09-21 22:00:00,752.62,27.0,71
2024-09-21 23:00:00,788.47,24.6,72
2024-09-22 00:00:00,876.86,26.1,73
2024-09-22 01:00:00,877.23,24.1,69
2024-09-22 02:00:00,800.98,22.4,76
2024-09-22 03:00:00,822.57,22.2,76
2024-09-22 04:00:00,839.1,26.0,90
2024-09-22 05:00:00,869.37,24.7,85
2024-09-22 06:00:00,846.83,24.5,94
2024-09-22 07:00:00,855.69,24.3,70
2024-09-22 08:00:00,1011.73,27.5,75
2024-09-22 09:00:00,1137.31,29.5,88
2024-09-22 10:00:00,1242.92,29.2,77
2024-09-22 11:00:00,1314.31,29.6,70
2024-09-22 12:00:00,1384.65,30.8,70
2024-09-22 13:00:00,1365.5,33.4,68
2024-09-22 14:00:00,1245.99,30.3,84
2024-09-22 15:00:00,1190.72,31.1,91
2024-09-22 16:00:00,1053.02,32.9,93
2024-09-22 17:00:00,938.55,31.4,62
2024-09-22 18:00:00,887.25,30.2,73
2024-09-22 19:00:00,809.42,28.3,84
2024-09-22 20:00:00,862.55,28.0,75
2024-09-22 21:00:00,748.41,26.3,68
2024-09-22 22:00:00,801.0,25.0,63
2024-09-22 23:00:00,833.56,23.9,61
2024-09-23 00:00:00,1057.84,25.5,84
2024-09-23 01:00:00,1079.29,24.1,81
2024-09-23 02:00:00,1015.11,24.4,64
2024-09-23 03:00:00,945.92,24.3,80
2024-09-23 04:00:00,1016.97,25.1,69
2024-09-23 05:00:00,1030.29,24.9,82
2024-09-23 06:00:00,984.53,25.4,86
2024-09-23 07:00:00,1133.15,26.0,89
2024-09-23 08:00:00,1181.85,26.3,63
2024-09-23 09:00:00,1326.03,27.7,65
2024-09-23 10:00:00,1417.43,29.6,85
2024-09-23 11:00:00,1546.25,28.9,69
2024-09-23 12:00:00,1546.62,29.8,64
2024-09-23 13:00:00,1472.94,33.1,60
2024-09-23 14:00:00,1479.85,32.3,93
2024-09-23 15:00:00,1299.14,31.3,67
2024-09-23 16:00:00,1249.11,34.2,80
2024-09-23 17:00:00,1104.85,28.9,90
2024-09-23 18:00:00,1039.76,31.2,82
2024-09-23 19:00:00,1021.59,28.9,70
2024-09-23 20:00:00,1005.83,28.9,75
2024-09-23 21:00:00,1042.6,27.1,86
2024-09-23 22:00:00,1013.2,23.8,66
2024-09-23 23:00:00,1045.76,25.3,83
2024-09-24 00:00:00,1024.19,24.9,91
2024-09-24 01:00:00,1038.33,21.5,94
2024-09-24 02:00:00,1028.4,26.3,90
2024-09-24 03:00:00,989.31,24.5,88
2024-09-24 04:00:00,921.4,25.3,63
2024-09-24 05:00:00,1012.51,23.8,94
2024-09-24 06:00:00,1062.3,26.8,70
2024-09-24 07:00:00,1106.53,28.3,93
2024-09-24 08:00:00,1189.6,28.3,74
2024-09-24 09:00:00,1397.99,29.0,73
2024-09-24 10:00:00,1463.27,28.9,80
2024-09-24 11:00:00,1506.96,30.6,66
2024-09-24 12:00:00,1499.78,30.8,76
2024-09-24 13:00:00,1486.23,32.6,77
2024-09-24 14:00:00,1491.69,31.0,73
2024-09-24 15:00:00,1351.19,32.5,88
2024-09-24 16:00:00,1215.33,30.5,69
2024-09-24 17:00:00,1148.23,30.5,76
2024-09-24 18:00:00,1021.11,30.7,91
2024-09-24 19:00:00,1053.52,28.2,79
2024-09-24 20:00:00,1031.97,28.8,76
2024-09-24 21:00:00,976.52,27.6,66
2024-09-24 22:00:00,991.13,25.7,89
2024-09-24 23:00:00,940.45,26.6,69
2024-09-25 00:00:00,984.71,24.6,91
2024-09-25 01:00:00,982.13,25.5,85
2024-09-25 02:00:00,1014.8,26.2,76
2024-09-25 03:00:00,978.39,23.8,60
2024-09-25 04:00:00,934.5,25.3,85
2024-09-25 05:00:00,988.13,24.4,89
2024-09-25 06:00:00,1064.29,24.8,68
2024-09-25 07:00:00,1145.86,26.7,92
2024-09-25 08:00:00,1165.12,26.4,85
2024-09-25 09:00:00,1338.9,27.9,69
2024-09-25 10:00:00,1394.71,30.7,91
2024-09-25 11:00:00,1543.59,30.2,92
2024-09-25 12:00:00,1564.08,32.3,86
2024-09-25 13:00:00,1480.61,32.2,88
2024-09-25 14:00:00,1416.34,34.2,78
2024-09-25 15:00:00,1327.28,32.5,77
2024-09-25 16:00:00,1152.81,32.8,94
2024-09-25 17:00:00,1139.2,31.3,87
2024-09-25 18:00:00,1037.12,30.4,69
2024-09-25 19:00:00,1032.0,30.4,62
2024-09-25 20:00:00,943.24,28.8,88
2024-09-25 21:00:00,968.24,27.2,75
2024-09-25 22:00:00,957.46,26.2,60
2024-09-25 23:00:00,993.99,25.8,77
2024-09-26 00:00:00,992.26,23.7,63
2024-09-26 01:00:00,1060.93,23.3,64
2024-09-26 02:00:00,982.69,25.7,80
2024-09-26 03:00:00,991.21,26.4,63
2024-09-26 04:00:00,965.32,23.4,79
2024-09-26 05:00:00,950.6,24.4,78
2024-09-26 06:00:00,1037.77,27.4,94
2024-09-26 07:00:00,1145.42,27.6,83
2024-09-26 08:00:00,1186.4,28.8,79
2024-09-26 09:00:00,1368.77,30.1,87
2024-09-26 10:00:00,1410.45,29.7,83
2024-09-26 11:00:00,1492.19,31.2,79
2024-09-26 12:00:00,1552.27,31.8,83
2024-09-26 13:00:00,1485.88,30.8,65
2024-09-26 14:00:00,1441.53,32.4,84
2024-09-26 15:00:00,1329.47,33.3,91
2024-09-26 16:00:00,1233.25,31.1,76
2024-09-26 17:00:00,1041.18,31.0,76
2024-09-26 18:00:00,979.69,30.2,64
2024-09-26 19:00:00,1016.67,28.7,76
2024-09-26 20:00:00,1015.04,28.8,68
2024-09-26 21:00:00,955.1,26.1,79
2024-09-26 22:00:00,998.7,27.6,61
2024-09-26 23:00:00,1036.51,25.9,78
2024-09-27 00:00:00,1054.96,23.4,68
2024-09-27 01:00:00,952.17,26.2,78
2024-09-27 02:00:00,973.19,24.2,63
2024-09-27 03:00:00,972.29,23.3,65
2024-09-27 04:00:00,1000.33,25.9,70
2024-09-27 05:00:00,1079.54,25.8,80
2024-09-27 06:00:00,1032.75,23.9,84
2024-09-27 07:00:00,1072.27,26.3,89
2024-09-27 08:00:00,1239.82,28.3,77
2024-09-27 09:00:00,1383.76,26.4,84
2024-09-27 10:00:00,1441.04,30.1,80
2024-09-27 11:00:00,1474.43,31.0,82
2024-09-27 12:00:00,1564.29,30.0,89
2024-09-27 13:00:00,1529.4,32.2,77
2024-09-27 14:00:00,1401.37,32.0,92
2024-09-27 15:00:00,1350.91,30.4,94
2024-09-27 16:00:00,1260.69,32.6,81
2024-09-27 17:00:00,1162.94,31.8,83
2024-09-27 18:00:00,1038.47,29.7,82
2024-09-27 19:00:00,979.64,28.8,60
2024-09-27 20:00:00,1018.76,28.9,74
2024-09-27 21:00:00,941.68,26.7,87
2024-09-27 22:00:00,1019.66,23.7,79
2024-09-27 23:00:00,975.32,25.8,75
2024-09-28 00:00:00,865.06,23.6,64
2024-09-28 01:00:00,811.19,23.7,74
2024-09-28 02:00:00,845.67,25.7,61
2024-09-28 03:00:00,798.21,24.0,83
2024-09-28 04:00:00,729.98,24.5,72
2024-09-28 05:00:00,839.03,25.8,82
2024-09-28 06:00:00,892.1,26.6,71
2024-09-28 07:00:00,949.47,25.9,92
2024-09-28 08:00:00,996.16,27.9,84
2024-09-28 09:00:00,1123.89,29.1,94
2024-09-28 10:00:00,1239.42,30.3,94
2024-09-28 11:00:00,1278.61,31.2,60
2024-09-28 12:00:00,1387.07,34.6,63
2024-09-28 13:00:00,1308.3,30.5,90
2024-09-28 14:00:00,1139.74,33.2,87
2024-09-28 15:00:00,1146.51,33.3,70
2024-09-28 16:00:00,1010.68,32.1,91
2024-09-28 17:00:00,916.03,30.0,61
2024-09-28 18:00:00,824.97,32.0,72
2024-09-28 19:00:00,817.5,26.4,76
2024-09-28 20:00:00,812.07,27.2,63
2024-09-28 21:00:00,791.02,28.4,90
2024-09-28 22:00:00,789.51,25.6,62
2024-09-28 23:00:00,818.9,27.1,71
2024-09-29 00:00:00,825.54,22.7,77
2024-09-29 01:00:00,789.22,22.8,89
2024-09-29 02:00:00,818.62,23.4,70
2024-09-29 03:00:00,794.2,24.6,83
2024-09-29 04:00:00,823.79,24.3,80
2024-09-29 05:00:00,830.19,24.6,94
2024-09-29 06:00:00,810.89,27.7,63
2024-09-29 07:00:00,944.39,28.8,85
2024-09-29 08:00:00,986.62,27.5,67
2024-09-29 09:00:00,1156.04,27.0,83
2024-09-29 10:00:00,1213.34,27.4,71
2024-09-29 11:00:00,1264.51,31.1,64
2024-09-29 12:00:00,1334.72,32.3,75
2024-09-29 13:00:00,1206.72,31.9,91
2024-09-29 14:00:00,1170.16,31.9,88
2024-09-29 15:00:00,1125.5,30.9,92
2024-09-29 16:00:00,1022.83,32.3,73
2024-09-29 17:00:00,902.81,32.8,84
2024-09-29 18:00:00,779.68,27.3,67
2024-09-29 19:00:00,757.71,28.9,86
2024-09-29 20:00:00,783.66,26.8,94
2024-09-29 21:00:00,798.56,25.2,81
2024-09-29 22:00:00,797.9,24.6,66
2024-09-29 23:00:00,857.92,25.6,71
2024-09-30 00:00:00,1035.86,25.0,68
2024-09-30 01:00:00,988.23,25.9,94
2024-09-30 02:00:00,985.63,24.0,78
2024-09-30 03:00:00,926.09,22.0,87
2024-09-30 04:00:00,963.19,24.3,88
2024-09-30 05:00:00,1022.27,23.5,67
2024-09-30 06:00:00,1055.97,24.6,86
2024-09-30 07:00:00,1161.84,27.7,64
2024-09-30 08:00:00,1206.39,28.2,88
2024-09-30 09:00:00,1375.89,29.7,94
2024-09-30 10:00:00,1421.74,29.6,92
2024-09-30 11:00:00,1548.92,31.8,91
2024-09-30 12:00:00,1521.25,31.0,80
2024-09-30 13:00:00,1522.18,33.2,69
2024-09-30 14:00:00,1480.16,32.4,75
2024-09-30 15:00:00,1322.04,31.6,70
2024-09-30 16:00:00,1224.68,31.7,78
2024-09-30 17:00:00,1157.94,30.8,72
2024-09-30 18:00:00,1027.39,31.9,74
2024-09-30 19:00:00,937.2,29.3,91
2024-09-30 20:00:00,1042.07,28.0,78
2024-09-30 21:00:00,958.85,26.7,74
2024-09-30 22:00:00,1001.12,27.0,81
2024-09-30 23:00:00,1054.98,26.0,72
2024-10-01 00:00:00,997.75,24.2,79
2024-10-01 01:00:00,976.22,22.7,74
2024-10-01 02:00:00,1001.44,22.9,66
2024-10-01 03:00:00,909.53,23.9,81
2024-10-01 04:00:00,954.0,26.2,79
2024-10-01 05:00:00,989.03,24.9,78
2024-10-01 06:00:00,1019.64,25.3,86
2024-10-01 07:00:00,1055.85,24.9,67
2024-10-01 08:00:00,1269.89,29.8,77
2024-10-01 09:00:00,1329.5,29.7,69
2024-10-01 10:00:00,1475.7,31.0,94
2024-10-01 11:00:00,1485.42,32.0,74
2024-10-01 12:00:00,1488.32,31.3,82
2024-10-01 13:00:00,1503.95,32.0,71
2024-10-01 14:00:00,1418.08,33.8,86
2024-10-01 15:00:00,1284.69,32.1,65
2024-10-01 16:00:00,1265.58,32.2,83
2024-10-01 17:00:00,1088.15,31.9,81
2024-10-01 18:00:00,964.74,30.8,68
2024-10-01 19:00:00,1027.02,28.9,69
2024-10-01 20:00:00,946.51,28.0,62
2024-10-01 21:00:00,951.12,27.9,65
2024-10-01 22:00:00,930.88,26.9,85
2024-10-01 23:00:00,1072.56,26.6,73
2024-10-02 00:00:00,971.04,25.2,78
2024-10-02 01:00:00,1010.66,24.9,82
2024-10-02 02:00:00,1021.61,23.5,64
2024-10-02 03:00:00,984.17,23.4,74
2024-10-02 04:00:00,959.1,25.5,89
2024-10-02 05:00:00,918.01,24.5,92
2024-10-02 06:00:00,997.86,26.0,78
2024-10-02 07:00:00,1113.56,28.6,64
2024-10-02 08:00:00,1183.66,29.5,68
2024-10-02 09:00:00,1330.11,29.4,66
2024-10-02 10:00:00,1446.59,29.6,83
2024-10-02 11:00:00,1525.32,30.7,75
2024-10-02 12:00:00,1473.32,32.5,69
2024-10-02 13:00:00,1568.53,31.8,80
2024-10-02 14:00:00,1449.61,31.3,80
2024-10-02 15:00:00,1322.97,33.3,74
2024-10-02 16:00:00,1249.39,31.7,72
2024-10-02 17:00:00,1189.83,30.1,66
2024-10-02 18:00:00,975.91,30.6,67
2024-10-02 19:00:00,969.76,30.2,61
2024-10-02 20:00:00,878.04,26.8,81
2024-10-02 21:00:00,976.25,26.7,63
2024-10-02 22:00:00,1002.57,25.7,66
2024-10-02 23:00:00,1007.37,25.7,60
2024-10-03 00:00:00,990.39,25.3,78
2024-10-03 01:00:00,934.01,23.5,89
2024-10-03 02:00:00,999.87,22.2,61
2024-10-03 03:00:00,1017.48,25.4,72
2024-10-03 04:00:00,937.63,23.2,87
2024-10-03 05:00:00,990.1,25.5,73
2024-10-03 06:00:00,968.44,25.8,62
2024-10-03 07:00:00,1120.12,27.2,75
2024-10-03 08:00:00,1194.57,30.0,84
2024-10-03 09:00:00,1293.44,32.7,62
2024-10-03 10:00:00,1393.25,28.0,93
2024-10-03 11:00:00,1474.99,32.0,62
2024-10-03 12:00:00,1526.75,31.3,88
2024-10-03 13:00:00,1442.85,33.1,78
2024-10-03 14:00:00,1405.98,33.1,79
2024-10-03 15:00:00,1318.71,33.6,80
2024-10-03 16:00:00,1169.92,31.8,79
2024-10-03 17:00:00,1167.06,29.8,87
2024-10-03 18:00:00,993.52,31.1,86
2024-10-03 19:00:00,951.34,29.2,84
2024-10-03 20:00:00,924.17,27.7,61
2024-10-03 21:00:00,1029.58,26.4,83
2024-10-03 22:00:00,1006.27,27.2,92
2024-10-03 23:00:00,973.09,27.1,78
2024-10-04 00:00:00,1049.15,23.1,85
2024-10-04 01:00:00,1009.91,24.9,62
2024-10-04 02:00:00,992.94,23.6,86
2024-10-04 03:00:00,951.62,22.4,73
2024-10-04 04:00:00,929.23,24.7,79
2024-10-04 05:00:00,983.66,24.2,94
2024-10-04 06:00:00,1001.39,24.1,82
2024-10-04 07:00:00,1164.84,26.0,84
2024-10-04 08:00:00,1161.06,26.8,63
2024-10-04 09:00:00,1371.03,28.3,61
2024-10-04 10:00:00,1413.1,28.4,61
2024-10-04 11:00:00,1496.37,30.4,84
2024-10-04 12:00:00,1539.66,30.6,82
2024-10-04 13:00:00,1463.86,32.3,80
2024-10-04 14:00:00,1447.27,32.7,84
2024-10-04 15:00:00,1222.53,32.2,86
2024-10-04 16:00:00,1180.33,31.2,70
2024-10-04 17:00:00,1068.97,30.5,73
2024-10-04 18:00:00,976.67,29.0,76
2024-10-04 19:00:00,964.39,28.1,74
2024-10-04 20:00:00,969.05,28.8,90
2024-10-04 21:00:00,988.37,24.9,93
2024-10-04 22:00:00,992.49,25.9,72
2024-10-04 23:00:00,979.71,24.8,77
2024-10-05 00:00:00,820.51,25.3,76
2024-10-05 01:00:00,804.39,22.4,87
2024-10-05 02:00:00,813.86,24.0,85
2024-10-05 03:00:00,788.02,24.5,73
2024-10-05 04:00:00,753.68,22.3,70
2024-10-05 05:00:00,737.59,23.9,91
2024-10-05 06:00:00,794.77,25.9,83
2024-10-05 07:00:00,879.17,27.6,90
2024-10-05 08:00:00,991.6,28.2,67
2024-10-05 09:00:00,1123.8,29.7,67
2024-10-05 10:00:00,1239.19,28.7,90
2024-10-05 11:00:00,1281.27,28.9,78
2024-10-05 12:00:00,1308.22,31.6,91
2024-10-05 13:00:00,1288.09,30.4,80
2024-10-05 14:00:00,1196.12,31.0,82
2024-10-05 15:00:00,1082.06,33.0,74
2024-10-05 16:00:00,941.24,31.7,61
2024-10-05 17:00:00,874.14,30.1,71
2024-10-05 18:00:00,834.25,29.2,65
2024-10-05 19:00:00,744.47,29.8,60
2024-10-05 20:00:00,744.38,28.3,85
2024-10-05 21:00:00,777.26,25.5,82
2024-10-05 22:00:00,799.43,23.7,60
2024-10-05 23:00:00,762.38,27.4,80
2024-10-06 00:00:00,839.66,23.1,78
2024-10-06 01:00:00,836.67,24.8,88
2024-10-06 02:00:00,738.72,25.8,85
2024-10-06 03:00:00,729.17,24.3,93
2024-10-06 04:00:00,791.47,23.8,76
2024-10-06 05:00:00,761.02,23.5,77
2024-10-06 06:00:00,737.1,24.3,91
2024-10-06 07:00:00,846.59,27.4,63
2024-10-06 08:00:00,991.08,29.7,89
2024-10-06 09:00:00,1070.88,28.6,90
2024-10-06 10:00:00,1196.85,29.3,77
2024-10-06 11:00:00,1281.36,31.7,64
2024-10-06 12:00:00,1356.01,30.6,91
2024-10-06 13:00:00,1270.07,32.2,88
2024-10-06 14:00:00,1248.89,32.1,71
2024-10-06 15:00:00,1161.63,31.4,74
2024-10-06 16:00:00,1050.05,31.4,74
2024-10-06 17:00:00,905.61,32.9,94
2024-10-06 18:00:00,746.15,30.7,94
2024-10-06 19:00:00,782.37,30.3,73
2024-10-06 20:00:00,786.57,26.9,77
2024-10-06 21:00:00,755.27,28.3,81
2024-10-06 22:00:00,839.44,26.8,70
2024-10-06 23:00:00,827.43,23.4,62
2024-10-07 00:00:00,1021.84,25.2,73
2024-10-07 01:00:00,1032.42,23.5,84
2024-10-07 02:00:00,987.12,22.1,73
2024-10-07 03:00:00,867.94,24.3,90
2024-10-07 04:00:00,929.5,25.2,84
2024-10-07 05:00:00,1005.25,25.4,78
2024-10-07 06:00:00,983.72,25.9,71
2024-10-07 07:00:00,1084.95,26.6,66
2024-10-07 08:00:00,1160.42,31.0,73
2024-10-07 09:00:00,1371.21,27.6,88
2024-10-07 10:00:00,1467.36,31.0,73
2024-10-07 11:00:00,1446.48,30.8,82
2024-10-07 12:00:00,1507.17,30.4,73
2024-10-07 13:00:00,1453.61,31.8,82
2024-10-07 14:00:00,1430.06,30.3,67
2024-10-07 15:00:00,1326.65,31.1,72
2024-10-07 16:00:00,1225.45,31.4,60
2024-10-07 17:00:00,1104.44,29.0,85
2024-10-07 18:00:00,1114.79,30.6,63
2024-10-07 19:00:00,927.45,27.9,75
2024-10-07 20:00:00,887.19,26.3,84
2024-10-07 21:00:00,941.53,25.7,78
2024-10-07 22:00:00,920.69,28.6,79
2024-10-07 23:00:00,942.28,22.8,85
2024-10-08 00:00:00,964.1,25.1,91
2024-10-08 01:00:00,959.32,23.2,62
2024-10-08 02:00:00,939.24,23.6,66
2024-10-08 03:00:00,970.53,24.9,91
2024-10-08 04:00:00,926.46,25.2,64
2024-10-08 05:00:00,954.27,24.4,80
2024-10-08 06:00:00,1040.48,24.4,89
2024-10-08 07:00:00,1063.15,27.7,79
2024-10-08 08:00:00,1184.94,28.7,88
2024-10-08 09:00:00,1318.78,28.7,83
2024-10-08 10:00:00,1337.76,30.5,60
2024-10-08 11:00:00,1391.14,30.3,84
2024-10-08 12:00:00,1511.33,30.5,86
2024-10-08 13:00:00,1491.85,31.9,84
2024-10-08 14:00:00,1477.98,32.6,80
2024-10-08 15:00:00,1311.54,32.2,76
2024-10-08 16:00:00,1222.93,32.1,87
2024-10-08 17:00:00,1083.19,29.9,91
2024-10-08 18:00:00,1019.65,31.9,93
2024-10-08 19:00:00,1018.98,28.6,81
2024-10-08 20:00:00,869.92,27.9,78
2024-10-08 21:00:00,966.97,25.4,67
2024-10-08 22:00:00,1047.51,25.8,61
2024-10-08 23:00:00,1001.59,25.8,64
2024-10-09 00:00:00,1054.14,25.5,87
2024-10-09 01:00:00,966.79,26.0,63
2024-10-09 02:00:00,968.75,24.6,60
2024-10-09 03:00:00,950.78,24.5,74
2024-10-09 04:00:00,863.78,24.0,72
2024-10-09 05:00:00,916.88,24.4,90
2024-10-09 06:00:00,968.01,27.2,76
2024-10-09 07:00:00,1115.96,28.1,65
2024-10-09 08:00:00,1221.94,26.7,83
2024-10-09 09:00:00,1314.54,29.9,72
2024-10-09 10:00:00,1431.78,30.8,80
2024-10-09 11:00:00,1466.09,29.5,83
2024-10-09 12:00:00,1538.51,32.1,81
2024-10-09 13:00:00,1472.16,30.6,88
2024-10-09 14:00:00,1404.98,29.1,83
2024-10-09 15:00:00,1293.94,31.7,71
2024-10-09 16:00:00,1215.42,31.8,79
2024-10-09 17:00:00,1072.51,30.7,93
2024-10-09 18:00:00,1040.65,33.4,74
2024-10-09 19:00:00,918.22,29.5,63
2024-10-09 20:00:00,903.02,28.2,73
2024-10-09 21:00:00,973.77,27.5,60
2024-10-09 22:00:00,966.89,25.5,92
2024-10-09 23:00:00,973.06,26.3,88
2024-10-10 00:00:00,1024.76,25.0,69
2024-10-10 01:00:00,964.8,24.5,73
2024-10-10 02:00:00,960.11,23.3,81
2024-10-10 03:00:00,995.82,22.3,92
2024-10-10 04:00:00,992.5,23.9,87
2024-10-10 05:00:00,1010.04,25.5,66
2024-10-10 06:00:00,993.77,25.5,93
2024-10-10 07:00:00,1127.5,27.3,65
2024-10-10 08:00:00,1155.44,27.7,94
2024-10-10 09:00:00,1268.69,29.6,86
2024-10-10 10:00:00,1317.91,28.8,89
2024-10-10 11:00:00,1527.63,31.1,91
2024-10-10 12:00:00,1463.44,30.7,78
2024-10-10 13:00:00,1464.66,30.0,81
2024-10-10 14:00:00,1368.33,31.8,80
2024-10-10 15:00:00,1324.8,33.7,64
2024-10-10 16:00:00,1175.55,29.7,80
2024-10-10 17:00:00,1038.82,31.0,79
2024-10-10 18:00:00,1019.17,31.0,90
2024-10-10 19:00:00,904.91,31.8,65
2024-10-10 20:00:00,909.41,27.4,90
2024-10-10 21:00:00,873.21,26.2,83
2024-10-10 22:00:00,917.39,24.6,77
2024-10-10 23:00:00,992.43,26.5,88
2024-10-11 00:00:00,922.11,23.5,71
2024-10-11 01:00:00,931.47,23.7,71
2024-10-11 02:00:00,964.29,21.8,88
2024-10-11 03:00:00,925.08,25.2,66
2024-10-11 04:00:00,1005.61,25.9,75
2024-10-11 05:00:00,1016.45,26.2,71
2024-10-11 06:00:00,970.52,24.1,80
2024-10-11 07:00:00,1101.19,27.7,63
2024-10-11 08:00:00,1212.14,26.0,76
2024-10-11 09:00:00,1276.78,29.1,87
2024-10-11 10:00:00,1345.09,30.2,90
2024-10-11 11:00:00,1465.9,31.2,67
2024-10-11 12:00:00,1484.88,32.1,85
2024-10-11 13:00:00,1451.09,31.9,90
2024-10-11 14:00:00,1412.93,29.6,78
2024-10-11 15:00:00,1271.45,32.5,66
2024-10-11 16:00:00,1145.64,31.6,64
2024-10-11 17:00:00,1085.56,29.7,72
2024-10-11 18:00:00,1014.48,28.1,77
2024-10-11 19:00:00,911.16,30.9,77
2024-10-11 20:00:00,968.46,29.5,79
2024-10-11 21:00:00,882.24,27.8,82
2024-10-11 22:00:00,944.25,25.2,92
2024-10-11 23:00:00,974.41,22.2,66
2024-10-12 00:00:00,765.88,25.5,64
2024-10-12 01:00:00,760.81,24.6,91
2024-10-12 02:00:00,827.14,23.6,68
2024-10-12 03:00:00,711.6,25.5,89
2024-10-12 04:00:00,818.61,25.6,91
2024-10-12 05:00:00,764.84,25.4,63
2024-10-12 06:00:00,801.4,26.0,84
2024-10-12 07:00:00,895.63,27.0,81
2024-10-12 08:00:00,1071.74,28.8,67
2024-10-12 09:00:00,1060.2,28.0,61
2024-10-12 10:00:00,1155.49,30.5,94
2024-10-12 11:00:00,1237.19,29.7,81
2024-10-12 12:00:00,1289.34,33.1,60
2024-10-12 13:00:00,1203.22,32.5,92
2024-10-12 14:00:00,1195.51,31.2,63
2024-10-12 15:00:00,1154.28,32.0,68
2024-10-12 16:00:00,988.53,30.4,67
2024-10-12 17:00:00,868.78,32.6,81
2024-10-12 18:00:00,776.61,31.9,80
2024-10-12 19:00:00,781.07,29.9,87
2024-10-12 20:00:00,704.35,29.9,61
2024-10-12 21:00:00,806.11,27.1,76
2024-10-12 22:00:00,829.43,26.9,90
2024-10-12 23:00:00,789.7,26.6,72
2024-10-13 00:00:00,785.04,24.5,77
2024-10-13 01:00:00,813.96,24.2,83
2024-10-13 02:00:00,797.27,25.1,90
2024-10-13 03:00:00,710.47,24.9,92
2024-10-13 04:00:00,712.04,23.6,90
2024-10-13 05:00:00,700.56,22.5,86
2024-10-13 06:00:00,809.79,25.8,80
2024-10-13 07:00:00,899.6,24.4,64
2024-10-13 08:00:00,933.24,26.8,70
2024-10-13 09:00:00,1076.34,28.0,93
2024-10-13 10:00:00,1144.85,29.3,93
2024-10-13 11:00:00,1229.45,31.8,62
2024-10-13 12:00:00,1304.8,32.7,65
2024-10-13 13:00:00,1235.25,32.5,79
2024-10-13 14:00:00,1181.5,32.8,63
2024-10-13 15:00:00,1035.35,32.7,66
2024-10-13 16:00:00,987.08,28.5,76
2024-10-13 17:00:00,874.77,30.8,93
2024-10-13 18:00:00,770.03,27.8,65
2024-10-13 19:00:00,740.31,29.6,61
2024-10-13 20:00:00,736.87,25.5,77
2024-10-13 21:00:00,710.27,26.7,86
2024-10-13 22:00:00,707.39,26.7,78
2024-10-13 23:00:00,841.21,23.8,91
2024-10-14 00:00:00,960.6,25.7,83
2024-10-14 01:00:00,971.82,24.7,93
2024-10-14 02:00:00,991.65,24.5,84
2024-10-14 03:00:00,1059.52,25.0,83
2024-10-14 04:00:00,884.23,24.1,84
2024-10-14 05:00:00,959.91,25.4,71
2024-10-14 06:00:00,968.03,26.0,89
2024-10-14 07:00:00,1054.73,26.9,65
2024-10-14 08:00:00,1152.6,27.2,89
2024-10-14 09:00:00,1250.19,27.5,92
2024-10-14 10:00:00,1387.88,29.6,74
2024-10-14 11:00:00,1406.62,30.4,88
2024-10-14 12:00:00,1515.97,30.6,73
2024-10-14 13:00:00,1460.17,32.9,84
2024-10-14 14:00:00,1404.13,30.6,64
2024-10-14 15:00:00,1273.31,31.7,61
2024-10-14 16:00:00,1165.0,32.9,75
2024-10-14 17:00:00,1083.71,31.9,76
2024-10-14 18:00:00,952.12,31.5,90
2024-10-14 19:00:00,931.71,28.3,60
2024-10-14 20:00:00,897.79,28.9,65
2024-10-14 21:00:00,904.94,25.7,90
2024-10-14 22:00:00,882.54,25.7,65
2024-10-14 23:00:00,1022.21,25.0,67
2024-10-15 00:00:00,956.08,23.8,88
2024-10-15 01:00:00,1013.27,23.7,68
2024-10-15 02:00:00,991.02,23.4,81
2024-10-15 03:00:00,888.34,23.0,69
2024-10-15 04:00:00,887.04,25.6,83
2024-10-15 05:00:00,1031.13,25.0,61
2024-10-15 06:00:00,1051.42,26.2,79
2024-10-15 07:00:00,1069.83,27.2,76
2024-10-15 08:00:00,1184.16,28.1,92
2024-10-15 09:00:00,1264.86,29.1,73
2024-10-15 10:00:00,1401.8,29.6,91
2024-10-15 11:00:00,1430.47,32.5,83
2024-10-15 12:00:00,1409.04,32.4,79
2024-10-15 13:00:00,1409.33,31.9,65
2024-10-15 14:00:00,1387.43,31.5,92
2024-10-15 15:00:00,1247.38,31.7,87
2024-10-15 16:00:00,1172.84,32.0,70
2024-10-15 17:00:00,1033.37,32.6,79
2024-10-15 18:00:00,962.83,28.4,65
2024-10-15 19:00:00,971.45,29.8,67
2024-10-15 20:00:00,933.88,29.4,78
2024-10-15 21:00:00,933.11,25.2,74
2024-10-15 22:00:00,984.49,25.8,81
2024-10-15 23:00:00,989.5,23.9,61
2024-10-16 00:00:00,1028.1,25.1,87
2024-10-16 01:00:00,953.83,23.7,77
2024-10-16 02:00:00,935.94,23.8,71
2024-10-16 03:00:00,885.18,23.6,78
2024-10-16 04:00:00,907.48,25.4,85
2024-10-16 05:00:00,972.64,25.4,84
2024-10-16 06:00:00,1033.01,26.3,87
2024-10-16 07:00:00,1101.91,27.2,74
2024-10-16 08:00:00,1109.72,28.7,69
2024-10-16 09:00:00,1322.21,28.7,93
2024-10-16 10:00:00,1319.69,32.0,72
2024-10-16 11:00:00,1484.38,29.3,75
2024-10-16 12:00:00,1464.67,29.4,90
2024-10-16 13:00:00,1477.54,29.7,60
2024-10-16 14:00:00,1337.42,29.5,82
2024-10-16 15:00:00,1325.33,32.7,73
2024-10-16 16:00:00,1121.29,32.1,89
2024-10-16 17:00:00,1044.96,32.3,79
2024-10-16 18:00:00,952.64,28.7,84
2024-10-16 19:00:00,877.55,29.9,70
2024-10-16 20:00:00,925.9,28.1,85
2024-10-16 21:00:00,994.03,27.2,80
2024-10-16 22:00:00,1044.43,26.8,64
2024-10-16 23:00:00,973.45,24.3,66
2024-10-17 00:00:00,1013.95,27.6,71
2024-10-17 01:00:00,975.44,25.7,61
2024-10-17 02:00:00,965.83,23.4,80
2024-10-17 03:00:00,916.13,22.8,91
2024-10-17 04:00:00,926.72,24.4,64
2024-10-17 05:00:00,955.08,25.4,86
2024-10-17 06:00:00,964.65,27.3,90
2024-10-17 07:00:00,1062.97,25.6,71
2024-10-17 08:00:00,1167.87,28.3,80
2024-10-17 09:00:00,1310.62,27.2,78
2024-10-17 10:00:00,1344.12,30.5,62
2024-10-17 11:00:00,1448.53,30.7,76
2024-10-17 12:00:00,1541.85,33.8,89
2024-10-17 13:00:00,1491.09,30.0,68
2024-10-17 14:00:00,1428.67,33.6,93
2024-10-17 15:00:00,1282.58,29.8,88
2024-10-17 16:00:00,1181.19,29.9,69
2024-10-17 17:00:00,1100.82,28.8,68
2024-10-17 18:00:00,1039.58,30.3,70
2024-10-17 19:00:00,868.04,27.6,78
2024-10-17 20:00:00,873.94,26.4,81
2024-10-17 21:00:00,974.04,27.2,81
2024-10-17 22:00:00,938.79,26.5,75
2024-10-17 23:00:00,943.93,25.2,76
2024-10-18 00:00:00,928.39,24.3,66
2024-10-18 01:00:00,945.3,26.3,90
2024-10-18 02:00:00,896.7,24.2,63
2024-10-18 03:00:00,998.71,25.1,88
2024-10-18 04:00:00,916.52,24.7,66
2024-10-18 05:00:00,931.65,23.9,89
2024-10-18 06:00:00,1002.9,26.7,62
2024-10-18 07:00:00,1096.79,26.2,84
2024-10-18 08:00:00,1200.43,27.9,93
2024-10-18 09:00:00,1316.69,29.4,92
2024-10-18 10:00:00,1356.77,27.7,90
2024-10-18 11:00:00,1437.32,28.9,83
2024-10-18 12:00:00,1499.27,32.6,63
2024-10-18 13:00:00,1429.3,31.1,69
2024-10-18 14:00:00,1378.69,31.3,84
2024-10-18 15:00:00,1293.1,32.1,60
2024-10-18 16:00:00,1194.85,31.0,76
2024-10-18 17:00:00,1000.94,31.3,66
2024-10-18 18:00:00,1007.4,29.9,73
2024-10-18 19:00:00,925.58,29.3,60
2024-10-18 20:00:00,942.16,27.2,65
2024-10-18 21:00:00,952.82,27.2,69
2024-10-18 22:00:00,1002.18,27.3,80
2024-10-18 23:00:00,1012.23,24.5,62
2024-10-19 00:00:00,816.85,25.6,78
2024-10-19 01:00:00,812.7,24.1,87
2024-10-19 02:00:00,753.43,24.9,61
2024-10-19 03:00:00,724.09,24.3,86
2024-10-19 04:00:00,745.3,24.5,91
2024-10-19 05:00:00,756.75,25.6,71
2024-10-19 06:00:00,768.94,27.5,60
2024-10-19 07:00:00,874.71,27.2,88
2024-10-19 08:00:00,963.54,28.6,68
2024-10-19 09:00:00,1046.66,28.6,77
2024-10-19 10:00:00,1221.45,31.9,75
2024-10-19 11:00:00,1247.12,31.6,94
2024-10-19 12:00:00,1341.5,31.6,63
2024-10-19 13:00:00,1188.31,31.7,94
2024-10-19 14:00:00,1156.82,33.2,78
2024-10-19 15:00:00,1077.73,31.1,65
2024-10-19 16:00:00,1004.62,29.3,90
2024-10-19 17:00:00,874.58,30.9,86
2024-10-19 18:00:00,790.69,31.4,62
2024-10-19 19:00:00,691.75,30.9,61
2024-10-19 20:00:00,674.35,27.9,74
2024-10-19 21:00:00,734.35,27.0,82
2024-10-19 22:00:00,695.6,26.6,65
2024-10-19 23:00:00,743.68,24.9,92
2024-10-20 00:00:00,784.73,25.2,64
2024-10-20 01:00:00,725.26,24.0,80
2024-10-20 02:00:00,796.89,25.2,87
2024-10-20 03:00:00,763.27,25.0,80
2024-10-20 04:00:00,657.22,25.5,83
2024-10-20 05:00:00,695.96,24.9,87
2024-10-20 06:00:00,697.23,28.3,70
2024-10-20 07:00:00,830.62,27.5,81
2024-10-20 08:00:00,989.06,28.3,93
2024-10-20 09:00:00,1059.53,28.1,76
2024-10-20 10:00:00,1189.88,29.9,74
2024-10-20 11:00:00,1189.38,31.0,88
2024-10-20 12:00:00,1295.19,30.5,93
2024-10-20 13:00:00,1223.24,31.5,81
2024-10-20 14:00:00,1174.21,31.8,86
2024-10-20 15:00:00,1070.8,31.9,74
2024-10-20 16:00:00,917.78,29.3,80
2024-10-20 17:00:00,817.71,30.7,63
2024-10-20 18:00:00,811.17,29.5,77
2024-10-20 19:00:00,742.64,29.0,66
2024-10-20 20:00:00,749.06,29.2,75
2024-10-20 21:00:00,731.9,29.4,94
2024-10-20 22:00:00,745.82,26.8,71
2024-10-20 23:00:00,699.36,23.7,66
2024-10-21 00:00:00,955.23,24.1,69
2024-10-21 01:00:00,956.18,24.9,60
2024-10-21 02:00:00,1006.55,24.6,71
2024-10-21 03:00:00,941.97,25.3,86
2024-10-21 04:00:00,963.47,24.4,87
2024-10-21 05:00:00,947.0,24.7,77
2024-10-21 06:00:00,949.83,28.1,60
2024-10-21 07:00:00,1059.61,27.0,82
2024-10-21 08:00:00,1168.0,26.8,76
2024-10-21 09:00:00,1238.65,30.8,60
2024-10-21 10:00:00,1357.8,28.2,63
2024-10-21 11:00:00,1432.96,26.6,74
2024-10-21 12:00:00,1520.95,32.4,80
2024-10-21 13:00:00,1367.34,33.0,80
2024-10-21 14:00:00,1413.48,32.5,81
2024-10-21 15:00:00,1238.76,30.3,73
2024-10-21 16:00:00,1111.76,31.4,94
2024-10-21 17:00:00,1096.87,30.5,63
2024-10-21 18:00:00,1000.41,29.4,94
2024-10-21 19:00:00,970.08,30.7,91
2024-10-21 20:00:00,937.83,26.7,87
2024-10-21 21:00:00,990.13,27.3,71
2024-10-21 22:00:00,957.86,27.4,89
2024-10-21 23:00:00,951.79,25.6,68
2024-10-22 00:00:00,974.22,26.0,78
2024-10-22 01:00:00,998.18,24.8,75
2024-10-22 02:00:00,908.44,24.5,89
2024-10-22 03:00:00,892.64,24.6,60
2024-10-22 04:00:00,896.42,25.3,82
2024-10-22 05:00:00,849.95,24.7,71
2024-10-22 06:00:00,977.08,24.4,64
2024-10-22 07:00:00,987.02,28.1,79
2024-10-22 08:00:00,1159.12,29.4,62
2024-10-22 09:00:00,1299.33,29.3,61
2024-10-22 10:00:00,1352.09,29.3,79
2024-10-22 11:00:00,1496.38,29.0,61
2024-10-22 12:00:00,1411.17,31.6,94
2024-10-22 13:00:00,1479.39,30.2,63
2024-10-22 14:00:00,1392.43,30.2,65
2024-10-22 15:00:00,1209.02,31.8,73
2024-10-22 16:00:00,1252.18,30.5,74
2024-10-22 17:00:00,1050.86,31.2,92
2024-10-22 18:00:00,941.61,29.8,78
2024-10-22 19:00:00,874.45,28.3,71
2024-10-22 20:00:00,899.63,26.0,68
2024-10-22 21:00:00,911.1,25.9,78
2024-10-22 22:00:00,939.43,25.0,91
2024-10-22 23:00:00,944.36,23.7,87
2024-10-23 00:00:00,981.93,24.1,87
2024-10-23 01:00:00,938.65,22.8,90
2024-10-23 02:00:00,865.55,23.8,72
2024-10-23 03:00:00,907.78,24.4,92
2024-10-23 04:00:00,821.93,23.5,77
2024-10-23 05:00:00,933.55,25.7,88
2024-10-23 06:00:00,935.53,24.4,67
2024-10-23 07:00:00,1056.31,25.6,81
2024-10-23 08:00:00,1200.81,27.9,60
2024-10-23 09:00:00,1233.39,29.9,90
2024-10-23 10:00:00,1403.48,31.0,79
2024-10-23 11:00:00,1420.07,32.8,82
2024-10-23 12:00:00,1521.2,31.0,76
2024-10-23 13:00:00,1422.47,31.7,69
2024-10-23 14:00:00,1336.94,30.8,68
2024-10-23 15:00:00,1290.68,30.4,76
2024-10-23 16:00:00,1139.61,31.7,62
2024-10-23 17:00:00,1021.2,29.9,92
2024-10-23 18:00:00,953.15,31.5,60
2024-10-23 19:00:00,919.69,27.3,79
2024-10-23 20:00:00,951.86,28.6,61
2024-10-23 21:00:00,845.42,25.8,75
2024-10-23 22:00:00,934.2,25.0,68
2024-10-23 23:00:00,974.21,25.8,73
2024-10-24 00:00:00,964.12,23.7,60
2024-10-24 01:00:00,995.65,23.5,94
2024-10-24 02:00:00,928.26,23.0,77
2024-10-24 03:00:00,904.13,26.3,60
2024-10-24 04:00:00,923.11,23.8,64
2024-10-24 05:00:00,922.23,25.2,70
2024-10-24 06:00:00,953.72,25.8,83
2024-10-24 07:00:00,1066.24,27.2,91
2024-10-24 08:00:00,1129.56,27.3,75
2024-10-24 09:00:00,1242.79,28.8,62
2024-10-24 10:00:00,1345.44,30.5,67
2024-10-24 11:00:00,1480.18,29.8,91
2024-10-24 12:00:00,1344.69,32.8,81
2024-10-24 13:00:00,1446.68,33.3,76
2024-10-24 14:00:00,1365.14,32.7,86
2024-10-24 15:00:00,1205.38,31.9,62
2024-10-24 16:00:00,1163.28,27.9,85
2024-10-24 17:00:00,1064.88,31.3,94
2024-10-24 18:00:00,988.09,29.5,72
2024-10-24 19:00:00,826.02,28.7,76
2024-10-24 20:00:00,950.29,25.7,89
2024-10-24 21:00:00,884.87,27.6,88
2024-10-24 22:00:00,955.0,24.3,73
2024-10-24 23:00:00,975.86,25.3,89
2024-10-25 00:00:00,924.28,25.6,68
2024-10-25 01:00:00,970.53,23.6,91
2024-10-25 02:00:00,914.98,25.5,63
2024-10-25 03:00:00,835.71,23.2,65
2024-10-25 04:00:00,940.86,25.3,60
2024-10-25 05:00:00,889.24,23.6,84
2024-10-25 06:00:00,935.09,27.2,62
2024-10-25 07:00:00,1031.68,28.0,80
2024-10-25 08:00:00,1159.54,28.6,73
2024-10-25 09:00:00,1259.79,28.6,89
2024-10-25 10:00:00,1380.71,28.3,61
2024-10-25 11:00:00,1383.55,30.4,81
2024-10-25 12:00:00,1429.05,32.8,72
2024-10-25 13:00:00,1426.39,32.0,84
2024-10-25 14:00:00,1427.98,30.1,70
2024-10-25 15:00:00,1257.85,30.5,69
2024-10-25 16:00:00,1188.04,33.0,84
2024-10-25 17:00:00,1047.2,31.4,94
2024-10-25 18:00:00,948.14,28.5,78
2024-10-25 19:00:00,907.81,26.9,87
2024-10-25 20:00:00,894.19,27.2,69
2024-10-25 21:00:00,929.44,24.7,74
2024-10-25 22:00:00,976.7,25.8,91
2024-10-25 23:00:00,960.13,28.1,62
2024-10-26 00:00:00,794.16,22.6,83
2024-10-26 01:00:00,711.29,23.9,69
2024-10-26 02:00:00,711.61,25.6,89
2024-10-26 03:00:00,680.5,25.0,92
2024-10-26 04:00:00,708.64,24.4,84
2024-10-26 05:00:00,701.45,25.0,84
2024-10-26 06:00:00,788.19,24.6,71
2024-10-26 07:00:00,810.85,26.6,63
2024-10-26 08:00:00,949.16,28.3,87
2024-10-26 09:00:00,1083.48,30.4,79
2024-10-26 10:00:00,1086.89,29.3,69
2024-10-26 11:00:00,1302.34,30.6,90
2024-10-26 12:00:00,1242.77,30.3,78
2024-10-26 13:00:00,1157.22,32.1,61
2024-10-26 14:00:00,1164.73,32.9,63
2024-10-26 15:00:00,1060.65,32.6,74
2024-10-26 16:00:00,944.84,30.1,92
2024-10-26 17:00:00,878.18,31.0,77
2024-10-26 18:00:00,788.88,29.2,91
2024-10-26 19:00:00,724.52,30.2,91
2024-10-26 20:00:00,713.48,27.8,72
2024-10-26 21:00:00,702.3,25.1,75
2024-10-26 22:00:00,788.37,25.7,92
2024-10-26 23:00:00,693.41,25.7,93
2024-10-27 00:00:00,755.18,24.8,73
2024-10-27 01:00:00,745.01,23.5,61
2024-10-27 02:00:00,752.26,23.3,72
2024-10-27 03:00:00,674.0,23.0,88
2024-10-27 04:00:00,634.29,24.1,93
2024-10-27 05:00:00,717.18,24.1,76
2024-10-27 06:00:00,770.17,27.2,62
2024-10-27 07:00:00,893.25,25.9,89
2024-10-27 08:00:00,900.87,28.1,63
2024-10-27 09:00:00,1097.53,29.1,90
2024-10-27 10:00:00,1239.71,31.1,64
2024-10-27 11:00:00,1212.54,32.1,61
2024-10-27 12:00:00,1205.18,32.3,63
2024-10-27 13:00:00,1211.53,32.3,86
2024-10-27 14:00:00,1157.37,30.7,86
2024-10-27 15:00:00,1076.89,30.6,74
2024-10-27 16:00:00,924.68,30.4,73
2024-10-27 17:00:00,895.6,31.7,77
2024-10-27 18:00:00,721.38,30.1,88
2024-10-27 19:00:00,650.9,30.1,66
2024-10-27 20:00:00,734.14,29.2,83
2024-10-27 21:00:00,624.02,26.1,65
2024-10-27 22:00:00,716.77,26.0,79
2024-10-27 23:00:00,851.98,25.2,69
2024-10-28 00:00:00,947.58,24.1,81
2024-10-28 01:00:00,901.22,23.5,92
2024-10-28 02:00:00,919.5,25.4,82
2024-10-28 03:00:00,899.46,24.2,63
2024-10-28 04:00:00,898.65,24.6,80
2024-10-28 05:00:00,932.58,24.2,72
2024-10-28 06:00:00,921.67,26.8,72
2024-10-28 07:00:00,1097.89,25.8,71
2024-10-28 08:00:00,1151.63,28.5,83
2024-10-28 09:00:00,1280.27,29.6,94
2024-10-28 10:00:00,1332.58,29.5,78
2024-10-28 11:00:00,1468.49,31.2,68
2024-10-28 12:00:00,1439.07,31.7,72
2024-10-28 13:00:00,1433.19,31.8,81
2024-10-28 14:00:00,1321.93,32.0,87
2024-10-28 15:00:00,1219.97,31.9,66
2024-10-28 16:00:00,1167.18,31.6,89
2024-10-28 17:00:00,1023.35,30.9,90
2024-10-28 18:00:00,928.22,28.7,70
2024-10-28 19:00:00,886.97,28.9,89
2024-10-28 20:00:00,917.58,28.3,74
2024-10-28 21:00:00,879.33,27.1,72
2024-10-28 22:00:00,917.5,27.1,94
2024-10-28 23:00:00,941.1,25.9,94
2024-10-29 00:00:00,878.64,23.5,79
2024-10-29 01:00:00,886.7,23.9,82
2024-10-29 02:00:00,931.02,23.6,79
2024-10-29 03:00:00,873.19,24.1,78
2024-10-29 04:00:00,927.75,24.5,77
2024-10-29 05:00:00,940.98,25.9,63
2024-10-29 06:00:00,980.95,26.2,67
2024-10-29 07:00:00,1100.26,28.4,89
2024-10-29 08:00:00,1137.88,28.3,79
2024-10-29 09:00:00,1275.28,28.0,67
2024-10-29 10:00:00,1331.86,29.4,64
2024-10-29 11:00:00,1507.05,31.6,93
2024-10-29 12:00:00,1515.24,29.5,66
2024-10-29 13:00:00,1421.64,30.2,81
2024-10-29 14:00:00,1365.86,32.0,68
2024-10-29 15:00:00,1300.18,33.0,70
2024-10-29 16:00:00,1135.69,33.0,71
2024-10-29 17:00:00,1013.64,30.6,67
2024-10-29 18:00:00,986.44,31.3,91
2024-10-29 19:00:00,909.97,29.1,76
2024-10-29 20:00:00,897.26,26.2,85
2024-10-29 21:00:00,869.89,27.0,92
2024-10-29 22:00:00,859.25,25.3,85
2024-10-29 23:00:00,946.58,26.3,81
2024-10-30 00:00:00,975.2,24.5,62
2024-10-30 01:00:00,928.07,22.6,90
2024-10-30 02:00:00,967.3,22.2,73
2024-10-30 03:00:00,872.13,24.1,77
2024-10-30 04:00:00,851.63,21.6,93
2024-10-30 05:00:00,902.57,24.5,76
2024-10-30 06:00:00,950.67,26.3,71
2024-10-30 07:00:00,1061.29,25.7,92
2024-10-30 08:00:00,1111.45,29.2,91
2024-10-30 09:00:00,1298.24,30.5,80
2024-10-30 10:00:00,1418.93,28.8,73
2024-10-30 11:00:00,1417.62,30.5,61
2024-10-30 12:00:00,1487.33,32.7,66
2024-10-30 13:00:00,1382.03,31.9,74
2024-10-30 14:00:00,1387.74,30.3,90
2024-10-30 15:00:00,1287.04,31.7,87
2024-10-30 16:00:00,1168.84,30.4,67
2024-10-30 17:00:00,1033.86,32.2,66
2024-10-30 18:00:00,850.23,30.7,69
2024-10-30 19:00:00,882.54,28.7,89
2024-10-30 20:00:00,866.73,28.2,64
2024-10-30 21:00:00,862.63,25.4,80
2024-10-30 22:00:00,921.42,25.1,65
2024-10-30 23:00:00,921.43,27.0,75
2024-10-31 00:00:00,912.48,24.6,75
2024-10-31 01:00:00,896.73,25.3,83
2024-10-31 02:00:00,889.8,24.3,78
2024-10-31 03:00:00,933.83,25.7,78
2024-10-31 04:00:00,863.22,22.1,92
2024-10-31 05:00:00,884.72,24.9,64
2024-10-31 06:00:00,935.39,28.0,68
2024-10-31 07:00:00,1044.02,28.1,80
2024-10-31 08:00:00,1152.35,29.6,66
2024-10-31 09:00:00,1141.6,29.0,84
2024-10-31 10:00:00,1383.66,29.4,80
2024-10-31 11:00:00,1467.08,29.6,72
2024-10-31 12:00:00,1404.65,30.1,80
2024-10-31 13:00:00,1382.79,32.8,69
2024-10-31 14:00:00,1332.17,32.6,83
2024-10-31 15:00:00,1221.74,31.8,86
2024-10-31 16:00:00,1144.27,32.1,92
2024-10-31 17:00:00,964.09,31.0,85
2024-10-31 18:00:00,912.31,31.2,76
2024-10-31 19:00:00,956.69,30.2,80
2024-10-31 20:00:00,853.96,26.7,61
2024-10-31 21:00:00,938.2,27.3,74
2024-10-31 22:00:00,927.39,24.0,61
2024-10-31 23:00:00,870.59,25.3,66
2024-11-01 00:00:00,961.42,25.3,91
2024-11-01 01:00:00,927.52,22.6,62
2024-11-01 02:00:00,896.75,23.5,62
2024-11-01 03:00:00,901.0,24.1,92
2024-11-01 04:00:00,900.82,24.8,84
2024-11-01 05:00:00,925.35,24.8,94
2024-11-01 06:00:00,990.46,24.6,78
2024-11-01 07:00:00,1044.29,26.9,78
2024-11-01 08:00:00,1086.09,26.0,92
2024-11-01 09:00:00,1229.44,28.8,77
2024-11-01 10:00:00,1448.76,29.5,86
2024-11-01 11:00:00,1440.01,30.7,89
2024-11-01 12:00:00,1522.18,30.8,90
2024-11-01 13:00:00,1463.51,30.1,62
2024-11-01 14:00:00,1354.24,31.6,81
2024-11-01 15:00:00,1256.6,33.0,69
2024-11-01 16:00:00,1133.0,33.0,67
2024-11-01 17:00:00,969.24,33.8,93
2024-11-01 18:00:00,949.92,32.0,77
2024-11-01 19:00:00,943.04,27.6,71
2024-11-01 20:00:00,863.31,27.5,91
2024-11-01 21:00:00,906.95,26.9,61
2024-11-01 22:00:00,942.61,25.9,76
2024-11-01 23:00:00,899.92,25.3,71
2024-11-02 00:00:00,721.28,27.4,66
2024-11-02 01:00:00,693.89,22.8,74
2024-11-02 02:00:00,681.8,23.1,61
2024-11-02 03:00:00,645.25,26.1,86
2024-11-02 04:00:00,650.58,23.8,85
2024-11-02 05:00:00,748.15,25.6,84
2024-11-02 06:00:00,715.06,27.2,71
2024-11-02 07:00:00,832.32,27.5,76
2024-11-02 08:00:00,914.52,28.2,60
2024-11-02 09:00:00,1085.16,30.2,90
2024-11-02 10:00:00,1189.53,28.9,64
2024-11-02 11:00:00,1242.78,30.2,87
2024-11-02 12:00:00,1247.86,32.1,87
2024-11-02 13:00:00,1204.46,29.4,67
2024-11-02 14:00:00,1101.94,33.7,73
2024-11-02 15:00:00,1111.96,32.2,65
2024-11-02 16:00:00,905.57,31.6,77
2024-11-02 17:00:00,851.18,28.9,69
2024-11-02 18:00:00,784.26,28.5,94
2024-11-02 19:00:00,679.12,28.6,94
2024-11-02 20:00:00,718.52,29.0,76
2024-11-02 21:00:00,717.16,24.5,86
2024-11-02 22:00:00,771.17,26.9,83
2024-11-02 23:00:00,713.22,24.7,69
2024-11-03 00:00:00,689.99,24.3,76
2024-11-03 01:00:00,709.75,24.4,92
2024-11-03 02:00:00,715.81,24.3,92
2024-11-03 03:00:00,690.27,23.3,76
2024-11-03 04:00:00,666.25,25.3,77
2024-11-03 05:00:00,629.57,22.4,66
2024-11-03 06:00:00,761.5,25.5,85
2024-11-03 07:00:00,894.85,27.1,60
2024-11-03 08:00:00,946.29,27.6,70
2024-11-03 09:00:00,1063.14,26.8,69
2024-11-03 10:00:00,1161.59,30.9,90
2024-11-03 11:00:00,1224.36,29.3,84
2024-11-03 12:00:00,1267.67,31.4,60
2024-11-03 13:00:00,1224.31,32.0,62
2024-11-03 14:00:00,1130.64,32.0,60
2024-11-03 15:00:00,1014.0,33.3,66
2024-11-03 16:00:00,921.37,31.4,73
2024-11-03 17:00:00,836.87,31.3,82
2024-11-03 18:00:00,734.03,29.9,76
2024-11-03 19:00:00,707.48,29.8,73
2024-11-03 20:00:00,695.48,29.7,68
2024-11-03 21:00:00,717.5,27.1,80
2024-11-03 22:00:00,753.51,26.9,61
2024-11-03 23:00:00,730.3,26.9,91
2024-11-04 00:00:00,887.18,26.2,67
2024-11-04 01:00:00,913.32,23.7,85
2024-11-04 02:00:00,908.0,25.2,74
2024-11-04 03:00:00,821.94,24.4,93
2024-11-04 04:00:00,926.58,25.9,80
2024-11-04 05:00:00,899.34,25.9,82
2024-11-04 06:00:00,956.34,26.3,68
2024-11-04 07:00:00,1071.57,27.5,85
2024-11-04 08:00:00,1105.95,28.3,81
2024-11-04 09:00:00,1259.87,29.4,72
2024-11-04 10:00:00,1335.67,29.8,84
2024-11-04 11:00:00,1401.98,30.5,66
2024-11-04 12:00:00,1406.0,33.6,86
2024-11-04 13:00:00,1466.73,32.4,74
2024-11-04 14:00:00,1326.4,31.3,71
2024-11-04 15:00:00,1264.3,31.5,92
2024-11-04 16:00:00,1062.42,32.7,80
2024-11-04 17:00:00,1065.13,29.9,84
2024-11-04 18:00:00,979.88,28.2,81
2024-11-04 19:00:00,897.85,27.3,73
2024-11-04 20:00:00,870.13,25.9,67
2024-11-04 21:00:00,900.3,25.4,83
2024-11-04 22:00:00,986.68,24.6,62
2024-11-04 23:00:00,863.81,26.8,71
2024-11-05 00:00:00,958.32,24.5,81
2024-11-05 01:00:00,891.49,23.7,75
2024-11-05 02:00:00,903.76,22.3,66
2024-11-05 03:00:00,875.52,24.0,77
2024-11-05 04:00:00,860.98,22.5,82
2024-11-05 05:00:00,891.99,24.7,85
2024-11-05 06:00:00,901.29,28.5,61
2024-11-05 07:00:00,1057.8,27.8,61
2024-11-05 08:00:00,1063.2,27.7,81
2024-11-05 09:00:00,1256.67,29.9,87
2024-11-05 10:00:00,1326.09,29.4,76
2024-11-05 11:00:00,1365.44,29.9,77
2024-11-05 12:00:00,1438.1,33.5,61
2024-11-05 13:00:00,1351.94,30.5,94
2024-11-05 14:00:00,1338.93,31.6,74
2024-11-05 15:00:00,1188.01,32.2,74
2024-11-05 16:00:00,1142.19,30.3,93
2024-11-05 17:00:00,989.48,31.6,74
2024-11-05 18:00:00,925.27,29.6,77
2024-11-05 19:00:00,902.72,29.8,72
2024-11-05 20:00:00,849.03,28.7,67
2024-11-05 21:00:00,882.27,26.7,75
2024-11-05 22:00:00,851.59,28.1,79
2024-11-05 23:00:00,945.61,24.4,85
2024-11-06 00:00:00,990.76,26.2,94
2024-11-06 01:00:00,1019.16,25.5,76
2024-11-06 02:00:00,905.69,26.1,85
2024-11-06 03:00:00,909.82,24.3,77
2024-11-06 04:00:00,811.69,23.6,66
2024-11-06 05:00:00,942.99,27.7,94
2024-11-06 06:00:00,966.19,25.6,71
2024-11-06 07:00:00,1002.87,26.0,60
2024-11-06 08:00:00,1167.34,27.8,84
2024-11-06 09:00:00,1226.91,27.9,75
2024-11-06 10:00:00,1319.52,30.6,74
2024-11-06 11:00:00,1421.09,30.1,70
2024-11-06 12:00:00,1391.84,31.1,62
2024-11-06 13:00:00,1440.23,33.0,79
2024-11-06 14:00:00,1298.62,32.7,82
2024-11-06 15:00:00,1199.1,31.9,74
2024-11-06 16:00:00,1092.24,31.7,77
2024-11-06 17:00:00,1046.45,30.8,94
2024-11-06 18:00:00,917.51,29.5,88
2024-11-06 19:00:00,843.29,29.0,79
2024-11-06 20:00:00,852.91,28.6,74
2024-11-06 21:00:00,881.21,26.8,91
2024-11-06 22:00:00,861.28,26.5,71
2024-11-06 23:00:00,881.25,24.2,71
2024-11-07 00:00:00,1000.96,23.8,84
2024-11-07 01:00:00,889.39,23.3,93
2024-11-07 02:00:00,889.27,23.3,67
2024-11-07 03:00:00,867.45,25.7,83
2024-11-07 04:00:00,857.34,25.4,60
2024-11-07 05:00:00,910.21,23.9,84
2024-11-07 06:00:00,970.29,26.5,93
2024-11-07 07:00:00,1007.18,26.5,73
2024-11-07 08:00:00,1078.84,27.2,65
2024-11-07 09:00:00,1278.5,27.3,68
2024-11-07 10:00:00,1330.29,31.2,60
2024-11-07 11:00:00,1463.1,29.2,68
2024-11-07 12:00:00,1348.54,31.4,83
2024-11-07 13:00:00,1409.38,30.7,77
2024-11-07 14:00:00,1400.8,32.9,77
2024-11-07 15:00:00,1221.56,31.5,87
2024-11-07 16:00:00,1114.27,31.3,61
2024-11-07 17:00:00,1028.29,30.7,83
2024-11-07 18:00:00,917.61,30.4,94
2024-11-07 19:00:00,877.62,29.1,65
2024-11-07 20:00:00,860.36,27.9,76
2024-11-07 21:00:00,858.45,26.3,89
2024-11-07 22:00:00,943.7,24.1,67
2024-11-07 23:00:00,935.78,23.8,69
2024-11-08 00:00:00,933.96,25.4,75
2024-11-08 01:00:00,945.93,23.8,85
2024-11-08 02:00:00,889.44,23.2,90
2024-11-08 03:00:00,851.33,22.4,67
2024-11-08 04:00:00,849.11,22.5,94
2024-11-08 05:00:00,886.65,24.3,93
2024-11-08 06:00:00,898.15,27.1,69
2024-11-08 07:00:00,998.5,26.3,71
2024-11-08 08:00:00,1102.17,28.5,86
2024-11-08 09:00:00,1306.37,28.3,78
2024-11-08 10:00:00,1234.66,30.8,85
2024-11-08 11:00:00,1394.36,30.4,74
2024-11-08 12:00:00,1485.65,30.0,90
2024-11-08 13:00:00,1404.93,31.5,77
2024-11-08 14:00:00,1358.14,34.2,88
2024-11-08 15:00:00,1235.54,34.0,86
2024-11-08 16:00:00,1096.92,32.0,79
2024-11-08 17:00:00,937.6,30.7,80
2024-11-08 18:00:00,942.48,30.4,88
2024-11-08 19:00:00,859.52,29.4,74
2024-11-08 20:00:00,842.29,28.0,81
2024-11-08 21:00:00,861.06,27.5,82
2024-11-08 22:00:00,959.87,26.2,63
2024-11-08 23:00:00,1001.93,24.8,83
2024-11-09 00:00:00,730.94,23.1,73
2024-11-09 01:00:00,699.52,23.6,80
2024-11-09 02:00:00,655.64,25.0,72
2024-11-09 03:00:00,692.98,24.1,78
2024-11-09 04:00:00,730.77,24.9,85
2024-11-09 05:00:00,676.09,24.8,92
2024-11-09 06:00:00,650.11,24.7,75
2024-11-09 07:00:00,837.61,26.7,78
2024-11-09 08:00:00,952.88,26.8,73
2024-11-09 09:00:00,974.66,27.7,89
2024-11-09 10:00:00,1136.08,31.4,90
2024-11-09 11:00:00,1214.6,30.3,79
2024-11-09 12:00:00,1220.85,30.6,66
2024-11-09 13:00:00,1171.14,33.8,61
2024-11-09 14:00:00,1165.49,33.0,81
2024-11-09 15:00:00,1016.09,31.4,72
2024-11-09 16:00:00,866.45,32.0,90
2024-11-09 17:00:00,742.49,30.5,60
2024-11-09 18:00:00,777.57,29.2,72
2024-11-09 19:00:00,706.41,29.6,76
2024-11-09 20:00:00,671.53,27.6,63
2024-11-09 21:00:00,661.27,27.1,90
2024-11-09 22:00:00,678.45,27.2,92
2024-11-09 23:00:00,678.26,26.3,73
2024-11-10 00:00:00,706.44,23.9,80
2024-11-10 01:00:00,639.78,24.7,81
2024-11-10 02:00:00,669.28,22.6,64
2024-11-10 03:00:00,663.9,24.7,91
2024-11-10 04:00:00,687.91,24.7,62
2024-11-10 05:00:00,681.54,25.6,72
2024-11-10 06:00:00,759.4,25.6,70
2024-11-10 07:00:00,859.58,29.5,83
2024-11-10 08:00:00,953.62,26.9,68
2024-11-10 09:00:00,1044.84,30.2,72
2024-11-10 10:00:00,1128.52,28.8,81
2024-11-10 11:00:00,1162.68,31.4,77
2024-11-10 12:00:00,1247.51,32.2,69
2024-11-10 13:00:00,1255.81,31.9,71
2024-11-10 14:00:00,1140.1,31.4,89
2024-11-10 15:00:00,1095.51,32.0,78
2024-11-10 16:00:00,863.24,31.8,78
2024-11-10 17:00:00,772.02,33.0,69
2024-11-10 18:00:00,761.57,29.0,60
2024-11-10 19:00:00,692.27,28.4,66
2024-11-10 20:00:00,712.64,28.3,70
2024-11-10 21:00:00,674.34,26.7,63
2024-11-10 22:00:00,664.78,25.9,80
2024-11-10 23:00:00,706.64,26.5,81
2024-11-11 00:00:00,866.14,21.2,69
2024-11-11 01:00:00,872.73,23.4,82
2024-11-11 02:00:00,927.32,21.9,64
2024-11-11 03:00:00,903.57,22.7,71
2024-11-11 04:00:00,877.51,27.4,89
2024-11-11 05:00:00,820.94,25.9,92
2024-11-11 06:00:00,917.27,27.1,77
2024-11-11 07:00:00,967.73,26.9,63
2024-11-11 08:00:00,1156.01,28.9,86
2024-11-11 09:00:00,1206.18,26.9,82
2024-11-11 10:00:00,1288.34,31.2,65
2024-11-11 11:00:00,1396.29,29.8,66
2024-11-11 12:00:00,1397.44,30.8,78
2024-11-11 13:00:00,1447.19,32.5,74
2024-11-11 14:00:00,1300.65,32.4,81
2024-11-11 15:00:00,1177.67,32.0,91
2024-11-11 16:00:00,1039.52,29.8,74
2024-11-11 17:00:00,1009.58,30.9,65
2024-11-11 18:00:00,910.22,31.2,65
2024-11-11 19:00:00,831.25,28.4,65
2024-11-11 20:00:00,906.52,29.6,71
2024-11-11 21:00:00,896.48,25.9,61
2024-11-11 22:00:00,892.41,26.0,84
2024-11-11 23:00:00,960.11,27.0,63
2024-11-12 00:00:00,941.25,23.7,65
2024-11-12 01:00:00,881.71,25.4,73
2024-11-12 02:00:00,855.2,26.4,78
2024-11-12 03:00:00,899.93,24.3,66
2024-11-12 04:00:00,876.96,23.9,77
2024-11-12 05:00:00,885.41,24.2,67
2024-11-12 06:00:00,898.47,27.6,87
2024-11-12 07:00:00,1030.16,28.5,80
2024-11-12 08:00:00,1086.67,29.7,94
2024-11-12 09:00:00,1221.32,29.0,69
2024-11-12 10:00:00,1375.27,31.2,87
2024-11-12 11:00:00,1370.4,30.8,78
2024-11-12 12:00:00,1363.08,30.4,94
2024-11-12 13:00:00,1356.7,33.2,87
2024-11-12 14:00:00,1359.45,34.0,62
2024-11-12 15:00:00,1233.84,30.6,86
2024-11-12 16:00:00,1108.65,30.2,76
2024-11-12 17:00:00,991.12,30.9,74
2024-11-12 18:00:00,945.15,31.1,81
2024-11-12 19:00:00,849.83,27.7,79
2024-11-12 20:00:00,873.88,28.3,86
2024-11-12 21:00:00,845.81,26.3,94
2024-11-12 22:00:00,860.27,26.8,64
2024-11-12 23:00:00,888.33,24.2,61
2024-11-13 00:00:00,903.25,25.5,79
2024-11-13 01:00:00,907.13,23.9,66
2024-11-13 02:00:00,898.14,22.9,67
2024-11-13 03:00:00,740.54,24.2,86
2024-11-13 04:00:00,833.15,22.2,65
2024-11-13 05:00:00,864.09,24.5,83
2024-11-13 06:00:00,979.1,26.4,64
2024-11-13 07:00:00,969.41,24.8,79
2024-11-13 08:00:00,1117.13,24.9,79
2024-11-13 09:00:00,1275.54,26.2,93
2024-11-13 10:00:00,1277.0,31.6,69
2024-11-13 11:00:00,1405.65,30.7,62
2024-11-13 12:00:00,1388.38,30.8,93
2024-11-13 13:00:00,1374.21,33.0,94
2024-11-13 14:00:00,1294.87,31.5,82
2024-11-13 15:00:00,1197.64,32.2,80
2024-11-13 16:00:00,1206.75,31.5,86
2024-11-13 17:00:00,1036.83,30.3,60
2024-11-13 18:00:00,965.05,30.4,68
2024-11-13 19:00:00,895.09,30.0,62
2024-11-13 20:00:00,805.29,27.8,93
2024-11-13 21:00:00,883.56,26.4,89
2024-11-13 22:00:00,927.56,25.6,90
2024-11-13 23:00:00,879.09,22.4,89
2024-11-14 00:00:00,948.55,24.9,75
2024-11-14 01:00:00,931.86,22.7,88
2024-11-14 02:00:00,953.09,24.8,65
2024-11-14 03:00:00,853.38,24.0,73
2024-11-14 04:00:00,821.37,24.7,69
2024-11-14 05:00:00,863.5,26.0,83
2024-11-14 06:00:00,975.04,24.9,83
2024-11-14 07:00:00,941.59,27.4,66
2024-11-14 08:00:00,1037.41,28.3,84
2024-11-14 09:00:00,1224.72,28.8,93
2024-11-14 10:00:00,1305.83,28.9,60
2024-11-14 11:00:00,1390.5,31.5,87
2024-11-14 12:00:00,1447.92,32.3,88
2024-11-14 13:00:00,1370.9,32.0,91
2024-11-14 14:00:00,1255.79,30.7,64
2024-11-14 15:00:00,1293.18,31.2,93
2024-11-14 16:00:00,1074.95,31.4,85
2024-11-14 17:00:00,968.57,31.7,72
2024-11-14 18:00:00,963.49,28.1,71
2024-11-14 19:00:00,862.78,28.4,81
2024-11-14 20:00:00,857.66,27.5,68
2024-11-14 21:00:00,885.0,26.9,65
2024-11-14 22:00:00,926.31,24.4,69
2024-11-14 23:00:00,895.66,24.9,91
2024-11-15 00:00:00,966.37,24.2,63
2024-11-15 01:00:00,830.87,22.9,63
2024-11-15 02:00:00,913.27,23.9,72
2024-11-15 03:00:00,837.03,23.5,75
2024-11-15 04:00:00,906.23,25.1,85
2024-11-15 05:00:00,879.55,24.1,92
2024-11-15 06:00:00,899.66,26.1,63
2024-11-15 07:00:00,1027.2,26.0,85
2024-11-15 08:00:00,1139.48,27.3,68
2024-11-15 09:00:00,1242.47,29.4,70
2024-11-15 10:00:00,1283.7,30.3,64
2024-11-15 11:00:00,1371.7,30.3,91
2024-11-15 12:00:00,1413.1,31.1,88
2024-11-15 13:00:00,1387.21,30.1,87
2024-11-15 14:00:00,1346.0,33.7,83
2024-11-15 15:00:00,1149.52,32.7,78
2024-11-15 16:00:00,1119.97,32.2,60
2024-11-15 17:00:00,993.9,28.9,64
2024-11-15 18:00:00,893.93,29.3,82
2024-11-15 19:00:00,848.67,28.6,78
2024-11-15 20:00:00,850.78,25.7,61
2024-11-15 21:00:00,740.48,28.0,61
2024-11-15 22:00:00,862.25,27.7,68
2024-11-15 23:00:00,875.09,27.6,77
2024-11-16 00:00:00,730.28,23.3,75
2024-11-16 01:00:00,675.89,24.3,68
2024-11-16 02:00:00,677.61,25.6,82
2024-11-16 03:00:00,718.85,23.8,92
2024-11-16 04:00:00,691.46,23.9,93
2024-11-16 05:00:00,704.61,22.9,85
2024-11-16 06:00:00,704.17,27.4,76
2024-11-16 07:00:00,821.46,26.9,73
2024-11-16 08:00:00,898.49,27.1,72
2024-11-16 09:00:00,1011.6,29.4,81
2024-11-16 10:00:00,1132.54,30.2,77
2024-11-16 11:00:00,1166.21,31.0,79
2024-11-16 12:00:00,1263.96,31.2,89
2024-11-16 13:00:00,1181.51,33.8,94
2024-11-16 14:00:00,1139.86,31.8,92
2024-11-16 15:00:00,1069.44,33.8,76
2024-11-16 16:00:00,942.83,32.1,94
2024-11-16 17:00:00,753.2,31.2,71
2024-11-16 18:00:00,737.31,29.9,61
2024-11-16 19:00:00,702.89,30.2,93
2024-11-16 20:00:00,687.96,28.1,71
2024-11-16 21:00:00,626.01,25.8,85
2024-11-16 22:00:00,662.26,24.8,91
2024-11-16 23:00:00,739.02,25.7,80
2024-11-17 00:00:00,683.48,23.4,64
2024-11-17 01:00:00,692.09,24.1,87
2024-11-17 02:00:00,738.8,25.3,82
2024-11-17 03:00:00,661.7,24.5,91
2024-11-17 04:00:00,629.72,23.7,64
2024-11-17 05:00:00,640.82,26.9,94
2024-11-17 06:00:00,731.82,26.7,65
2024-11-17 07:00:00,754.3,28.2,78
2024-11-17 08:00:00,896.53,25.3,65
2024-11-17 09:00:00,1028.63,29.4,73
2024-11-17 10:00:00,1162.17,31.0,62
2024-11-17 11:00:00,1208.97,32.9,70
2024-11-17 12:00:00,1185.21,29.7,83
2024-11-17 13:00:00,1226.86,33.3,77
2024-11-17 14:00:00,1106.24,34.0,90
2024-11-17 15:00:00,973.75,29.4,69
2024-11-17 16:00:00,899.21,32.0,85
2024-11-17 17:00:00,851.35,31.6,88
2024-11-17 18:00:00,726.02,29.6,61
2024-11-17 19:00:00,672.06,28.4,89
2024-11-17 20:00:00,712.55,28.8,69
2024-11-17 21:00:00,613.38,26.2,71
2024-11-17 22:00:00,638.76,25.7,79
2024-11-17 23:00:00,646.16,26.1,78
2024-11-18 00:00:00,921.73,26.6,65
2024-11-18 01:00:00,906.96,24.8,82
2024-11-18 02:00:00,936.19,24.2,78
2024-11-18 03:00:00,870.45,23.5,90
2024-11-18 04:00:00,839.56,23.3,92
2024-11-18 05:00:00,870.15,26.5,61
2024-11-18 06:00:00,922.84,25.8,74
2024-11-18 07:00:00,941.0,28.3,70
2024-11-18 08:00:00,1198.59,27.6,85
2024-11-18 09:00:00,1233.71,28.3,77
2024-11-18 10:00:00,1322.6,30.5,60
2024-11-18 11:00:00,1405.68,30.7,91
2024-11-18 12:00:00,1433.58,30.0,63
2024-11-18 13:00:00,1379.25,34.0,81
2024-11-18 14:00:00,1293.18,31.2,88
2024-11-18 15:00:00,1236.53,33.0,92
2024-11-18 16:00:00,1117.28,32.5,73
2024-11-18 17:00:00,971.22,29.3,64
2024-11-18 18:00:00,968.46,28.8,81
2024-11-18 19:00:00,880.43,28.7,64
2024-11-18 20:00:00,879.34,27.0,93
2024-11-18 21:00:00,910.75,29.0,74
2024-11-18 22:00:00,883.07,25.8,86
2024-11-18 23:00:00,912.35,26.2,60
2024-11-19 00:00:00,935.63,25.2,88
2024-11-19 01:00:00,874.36,24.5,67
2024-11-19 02:00:00,882.68,24.0,92
2024-11-19 03:00:00,864.92,25.6,66
2024-11-19 04:00:00,818.84,23.5,88
2024-11-19 05:00:00,949.8,27.2,90
2024-11-19 06:00:00,868.06,24.5,67
2024-11-19 07:00:00,952.67,27.9,90
2024-11-19 08:00:00,1148.32,26.3,74
2024-11-19 09:00:00,1239.07,28.7,91
2024-11-19 10:00:00,1277.94,30.1,85
2024-11-19 11:00:00,1404.0,30.2,70
2024-11-19 12:00:00,1458.72,31.2,82
2024-11-19 13:00:00,1381.7,30.2,93
2024-11-19 14:00:00,1404.83,30.8,92
2024-11-19 15:00:00,1153.8,32.5,76
2024-11-19 16:00:00,1126.66,31.5,92
2024-11-19 17:00:00,1038.99,30.0,61
2024-11-19 18:00:00,948.58,31.6,63
2024-11-19 19:00:00,861.61,27.6,71
2024-11-19 20:00:00,842.23,27.6,88
2024-11-19 21:00:00,876.17,26.4,78
2024-11-19 22:00:00,909.45,26.7,61
2024-11-19 23:00:00,920.94,25.2,66
2024-11-20 00:00:00,942.33,24.4,81
2024-11-20 01:00:00,862.71,21.9,70
2024-11-20 02:00:00,871.46,25.0,92
2024-11-20 03:00:00,826.26,23.9,79
2024-11-20 04:00:00,837.43,24.7,64
2024-11-20 05:00:00,902.86,24.3,63
2024-11-20 06:00:00,919.74,24.9,73
2024-11-20 07:00:00,1087.98,28.8,62
2024-11-20 08:00:00,1107.74,25.9,77
2024-11-20 09:00:00,1214.84,27.8,86
2024-11-20 10:00:00,1316.2,31.8,63
2024-11-20 11:00:00,1359.07,31.6,62
2024-11-20 12:00:00,1403.97,31.1,86
2024-11-20 13:00:00,1420.87,33.4,87
2024-11-20 14:00:00,1316.5,32.5,81
2024-11-20 15:00:00,1185.01,32.1,88
2024-11-20 16:00:00,1068.64,31.7,75
2024-11-20 17:00:00,981.04,31.4,94
2024-11-20 18:00:00,918.61,30.6,78
2024-11-20 19:00:00,909.18,31.7,89
2024-11-20 20:00:00,804.12,27.8,74
2024-11-20 21:00:00,848.07,26.8,64
2024-11-20 22:00:00,884.59,24.5,90
2024-11-20 23:00:00,834.32,25.1,90
2024-11-21 00:00:00,875.44,26.8,68
2024-11-21 01:00:00,873.26,25.3,72
2024-11-21 02:00:00,850.26,23.3,80
2024-11-21 03:00:00,864.57,24.2,90
2024-11-21 04:00:00,844.02,23.0,60
2024-11-21 05:00:00,846.58,24.0,72
2024-11-21 06:00:00,929.62,26.2,93
2024-11-21 07:00:00,1055.74,26.4,75
2024-11-21 08:00:00,1157.03,26.7,69
2024-11-21 09:00:00,1144.14,29.6,93
2024-11-21 10:00:00,1331.37,29.9,84
2024-11-21 11:00:00,1373.85,28.9,60
2024-11-21 12:00:00,1410.11,29.0,71
2024-11-21 13:00:00,1366.15,31.2,81
2024-11-21 14:00:00,1315.31,30.1,81
2024-11-21 15:00:00,1216.77,29.6,61
2024-11-21 16:00:00,1079.44,32.8,67
2024-11-21 17:00:00,964.12,30.7,92
2024-11-21 18:00:00,899.01,29.7,64
2024-11-21 19:00:00,874.29,28.8,69
2024-11-21 20:00:00,870.69,26.6,62
2024-11-21 21:00:00,887.82,27.5,70
2024-11-21 22:00:00,860.93,25.8,89
2024-11-21 23:00:00,907.12,24.3,87
2024-11-22 00:00:00,937.04,23.8,64
2024-11-22 01:00:00,936.59,22.7,71
2024-11-22 02:00:00,874.79,23.5,88
2024-11-22 03:00:00,848.86,23.8,85
2024-11-22 04:00:00,855.06,24.0,88
2024-11-22 05:00:00,824.51,25.2,88
2024-11-22 06:00:00,906.61,25.9,73
2024-11-22 07:00:00,1020.23,27.2,94
2024-11-22 08:00:00,1120.86,29.1,67
2024-11-22 09:00:00,1200.72,29.7,75
2024-11-22 10:00:00,1317.53,31.1,64
2024-11-22 11:00:00,1349.95,29.8,75
2024-11-22 12:00:00,1428.04,30.9,72
2024-11-22 13:00:00,1376.1,32.6,67
2024-11-22 14:00:00,1300.28,32.8,85
2024-11-22 15:00:00,1197.55,31.0,64
2024-11-22 16:00:00,1096.24,32.2,68
2024-11-22 17:00:00,978.55,29.7,61
2024-11-22 18:00:00,936.49,30.6,66
2024-11-22 19:00:00,850.99,29.0,89
2024-11-22 20:00:00,904.22,26.3,76
2024-11-22 21:00:00,907.97,26.4,90
2024-11-22 22:00:00,845.76,28.6,60
2024-11-22 23:00:00,898.36,25.4,87
2024-11-23 00:00:00,679.36,27.3,89
2024-11-23 01:00:00,683.15,22.4,90
2024-11-23 02:00:00,745.72,24.9,83
2024-11-23 03:00:00,644.61,21.1,90
2024-11-23 04:00:00,659.76,24.5,70
2024-11-23 05:00:00,682.48,25.9,75
2024-11-23 06:00:00,677.14,27.0,68
2024-11-23 07:00:00,763.03,26.0,89
2024-11-23 08:00:00,854.97,29.2,71
2024-11-23 09:00:00,977.95,28.4,75
2024-11-23 10:00:00,1008.94,29.8,92
2024-11-23 11:00:00,1196.66,30.3,65
2024-11-23 12:00:00,1274.1,30.1,60
2024-11-23 13:00:00,1182.78,33.7,72
2024-11-23 14:00:00,1059.15,32.1,94
2024-11-23 15:00:00,986.5,33.2,85
2024-11-23 16:00:00,881.16,32.7,68
2024-11-23 17:00:00,757.39,29.7,76
2024-11-23 18:00:00,742.34,31.5,94
2024-11-23 19:00:00,691.97,29.6,84
2024-11-23 20:00:00,606.8,26.8,66
2024-11-23 21:00:00,680.85,27.5,90
2024-11-23 22:00:00,729.19,24.8,91
2024-11-23 23:00:00,761.29,27.1,78
2024-11-24 00:00:00,801.25,25.5,76
2024-11-24 01:00:00,661.84,24.1,65
2024-11-24 02:00:00,773.32,25.5,84
2024-11-24 03:00:00,641.81,22.2,92
2024-11-24 04:00:00,625.25,23.6,78
2024-11-24 05:00:00,673.81,24.9,74
2024-11-24 06:00:00,690.63,28.7,94
2024-11-24 07:00:00,805.75,25.7,91
2024-11-24 08:00:00,849.81,26.0,91
2024-11-24 09:00:00,999.44,27.3,91
2024-11-24 10:00:00,1152.52,31.1,93
2024-11-24 11:00:00,1174.43,30.1,69
2024-11-24 12:00:00,1205.99,31.3,92
2024-11-24 13:00:00,1193.08,32.8,69
2024-11-24 14:00:00,1148.52,31.8,94
2024-11-24 15:00:00,949.89,32.1,81
2024-11-24 16:00:00,916.51,32.1,82
2024-11-24 17:00:00,782.46,30.3,66
2024-11-24 18:00:00,716.9,29.8,80
2024-11-24 19:00:00,699.54,29.3,60
2024-11-24 20:00:00,604.28,29.0,72
2024-11-24 21:00:00,618.86,26.0,68
2024-11-24 22:00:00,606.84,22.4,79
2024-11-24 23:00:00,674.32,26.0,69
2024-11-25 00:00:00,946.41,25.6,85
2024-11-25 01:00:00,888.07,24.4,60
2024-11-25 02:00:00,826.45,24.3,76
2024-11-25 03:00:00,836.09,23.5,76
2024-11-25 04:00:00,792.79,25.1,71
2024-11-25 05:00:00,821.86,26.2,74
2024-11-25 06:00:00,923.49,26.1,60
2024-11-25 07:00:00,949.58,30.0,91
2024-11-25 08:00:00,1133.83,26.1,70
2024-11-25 09:00:00,1204.18,29.2,64
2024-11-25 10:00:00,1309.4,28.6,77
2024-11-25 11:00:00,1365.57,31.9,77
2024-11-25 12:00:00,1426.96,29.6,82
2024-11-25 13:00:00,1402.73,30.3,66
2024-11-25 14:00:00,1318.16,31.2,85
2024-11-25 15:00:00,1226.47,32.2,60
2024-11-25 16:00:00,1087.51,30.7,87
2024-11-25 17:00:00,1009.7,30.1,79
2024-11-25 18:00:00,898.12,29.8,82
2024-11-25 19:00:00,861.4,28.7,91
2024-11-25 20:00:00,835.35,29.8,77
2024-11-25 21:00:00,837.18,27.8,92
2024-11-25 22:00:00,849.34,25.6,84
2024-11-25 23:00:00,908.79,27.7,91
2024-11-26 00:00:00,944.65,25.1,87
2024-11-26 01:00:00,932.21,23.0,72
2024-11-26 02:00:00,828.3,24.3,78
2024-11-26 03:00:00,897.14,24.8,62
2024-11-26 04:00:00,832.66,23.7,86
2024-11-26 05:00:00,881.2,23.9,76
2024-11-26 06:00:00,877.09,26.1,88
2024-11-26 07:00:00,994.56,26.5,92
2024-11-26 08:00:00,1104.8,29.8,87
2024-11-26 09:00:00,1153.64,29.9,79
2024-11-26 10:00:00,1326.63,29.2,93
2024-11-26 11:00:00,1421.35,31.3,75
2024-11-26 12:00:00,1392.73,33.0,61
2024-11-26 13:00:00,1421.86,30.2,87
2024-11-26 14:00:00,1298.72,30.8,76
2024-11-26 15:00:00,1235.37,31.9,79
2024-11-26 16:00:00,1016.22,31.5,77
2024-11-26 17:00:00,1074.31,30.8,87
2024-11-26 18:00:00,961.22,29.6,87
2024-11-26 19:00:00,850.29,28.6,75
2024-11-26 20:00:00,774.86,28.5,92
2024-11-26 21:00:00,862.2,28.3,80
2024-11-26 22:00:00,821.86,25.4,64
2024-11-26 23:00:00,906.92,28.1,77
2024-11-27 00:00:00,912.16,26.9,64
2024-11-27 01:00:00,857.25,25.7,70
2024-11-27 02:00:00,910.49,24.7,81
2024-11-27 03:00:00,879.19,26.5,82
2024-11-27 04:00:00,876.93,24.2,85
2024-11-27 05:00:00,859.46,24.2,86
2024-11-27 06:00:00,858.24,25.4,62
2024-11-27 07:00:00,1022.8,25.8,61
2024-11-27 08:00:00,1083.34,28.1,76
2024-11-27 09:00:00,1155.94,29.4,62
2024-11-27 10:00:00,1351.64,30.2,62
2024-11-27 11:00:00,1446.7,30.8,75
2024-11-27 12:00:00,1396.38,31.6,71
2024-11-27 13:00:00,1448.8,33.9,60
2024-11-27 14:00:00,1307.53,32.7,63
2024-11-27 15:00:00,1191.3,33.0,76
2024-11-27 16:00:00,1070.78,31.7,78
2024-11-27 17:00:00,1045.93,28.9,63
2024-11-27 18:00:00,880.55,27.8,79
2024-11-27 19:00:00,884.97,31.5,63
2024-11-27 20:00:00,823.3,27.4,76
2024-11-27 21:00:00,834.98,26.2,74
2024-11-27 22:00:00,907.43,26.3,87
2024-11-27 23:00:00,877.02,25.8,75
2024-11-28 00:00:00,882.61,25.3,65
2024-11-28 01:00:00,928.88,26.3,87
2024-11-28 02:00:00,926.2,25.8,91
2024-11-28 03:00:00,872.59,23.2,76
2024-11-28 04:00:00,818.89,25.7,84
2024-11-28 05:00:00,840.31,24.7,76
2024-11-28 06:00:00,909.61,25.8,74
2024-11-28 07:00:00,998.84,25.7,77
2024-11-28 08:00:00,1057.25,26.0,79
2024-11-28 09:00:00,1228.92,29.0,82
2024-11-28 10:00:00,1306.34,28.9,64
2024-11-28 11:00:00,1312.2,31.9,71
2024-11-28 12:00:00,1364.34,31.1,76
2024-11-28 13:00:00,1354.62,32.2,89
2024-11-28 14:00:00,1300.82,33.6,78
2024-11-28 15:00:00,1269.77,30.1,91
2024-11-28 16:00:00,1100.21,30.6,75
2024-11-28 17:00:00,958.23,31.0,61
2024-11-28 18:00:00,914.61,30.4,71
2024-11-28 19:00:00,845.94,30.4,62
2024-11-28 20:00:00,853.26,29.0,67
2024-11-28 21:00:00,870.44,27.1,83
2024-11-28 22:00:00,912.72,26.4,84
2024-11-28 23:00:00,888.5,25.6,84
2024-11-29 00:00:00,953.22,22.8,73
2024-11-29 01:00:00,920.09,23.9,74
2024-11-29 02:00:00,844.6,24.3,91
2024-11-29 03:00:00,926.44,24.7,61
2024-11-29 04:00:00,852.33,23.4,80
2024-11-29 05:00:00,828.03,23.6,63
2024-11-29 06:00:00,963.75,25.7,88
2024-11-29 07:00:00,1059.4,29.3,88
2024-11-29 08:00:00,1089.75,27.0,82
2024-11-29 09:00:00,1185.06,30.4,62
2024-11-29 10:00:00,1296.39,31.9,80
2024-11-29 11:00:00,1396.34,30.9,75
2024-11-29 12:00:00,1440.65,30.6,79
2024-11-29 13:00:00,1391.31,32.5,94
2024-11-29 14:00:00,1306.01,32.2,64
2024-11-29 15:00:00,1255.15,30.8,85
2024-11-29 16:00:00,1080.0,30.7,66
2024-11-29 17:00:00,1022.82,31.4,75
2024-11-29 18:00:00,895.88,31.1,76
2024-11-29 19:00:00,872.43,28.6,61
2024-11-29 20:00:00,837.0,27.9,71
2024-11-29 21:00:00,847.25,27.8,72
2024-11-29 22:00:00,856.27,25.8,64
2024-11-29 23:00:00,935.5,24.8,75
2024-11-30 00:00:00,669.34,23.6,87
2024-11-30 01:00:00,661.53,23.2,67
2024-11-30 02:00:00,742.73,27.2,87
2024-11-30 03:00:00,682.45,23.9,67
2024-11-30 04:00:00,600.0,26.2,88
2024-11-30 05:00:00,636.6,27.2,77
2024-11-30 06:00:00,641.6,25.8,75
2024-11-30 07:00:00,752.54,27.4,85
2024-11-30 08:00:00,780.19,28.1,81
2024-11-30 09:00:00,997.02,27.1,74
2024-11-30 10:00:00,1061.58,28.1,72
2024-11-30 11:00:00,1172.55,30.9,81
2024-11-30 12:00:00,1138.18,31.0,80
2024-11-30 13:00:00,1173.37,34.1,83
2024-11-30 14:00:00,1087.05,31.7,60
2024-11-30 15:00:00,1054.42,34.2,88
2024-11-30 16:00:00,939.48,30.9,60
2024-11-30 17:00:00,813.35,33.1,60
2024-11-30 18:00:00,693.66,30.6,68
2024-11-30 19:00:00,725.96,29.7,80
2024-11-30 20:00:00,600.0,27.4,73
2024-11-30 21:00:00,600.0,27.7,87
2024-11-30 22:00:00,665.68,28.0,77
2024-11-30 23:00:00,766.45,25.0,92
2024-12-01 00:00:00,687.09,24.1,61
2024-12-01 01:00:00,680.2,23.8,93
2024-12-01 02:00:00,617.21,25.9,83
2024-12-01 03:00:00,680.52,25.2,78
2024-12-01 04:00:00,672.55,26.3,61
2024-12-01 05:00:00,683.19,25.5,65
2024-12-01 06:00:00,682.18,26.0,74
2024-12-01 07:00:00,760.25,27.5,70
2024-12-01 08:00:00,843.95,29.3,75
2024-12-01 09:00:00,1003.93,28.7,80
2024-12-01 10:00:00,1062.92,31.6,86
2024-12-01 11:00:00,1128.43,31.3,81
2024-12-01 12:00:00,1179.41,28.6,62
2024-12-01 13:00:00,1152.53,32.9,62
2024-12-01 14:00:00,1081.92,30.5,80
2024-12-01 15:00:00,1017.36,32.9,65
2024-12-01 16:00:00,892.03,32.5,84
2024-12-01 17:00:00,774.96,31.2,89
2024-12-01 18:00:00,710.68,30.7,79
2024-12-01 19:00:00,620.94,30.4,60
2024-12-01 20:00:00,642.97,27.4,94
2024-12-01 21:00:00,652.78,27.9,85
2024-12-01 22:00:00,615.18,27.4,80
2024-12-01 23:00:00,721.59,27.3,69
2024-12-02 00:00:00,862.55,23.2,88
2024-12-02 01:00:00,889.01,24.6,62
2024-12-02 02:00:00,907.66,22.8,72
2024-12-02 03:00:00,879.04,22.9,68
2024-12-02 04:00:00,839.62,25.0,75
2024-12-02 05:00:00,842.11,25.3,87
2024-12-02 06:00:00,936.59,27.4,87
2024-12-02 07:00:00,1007.83,26.5,70
2024-12-02 08:00:00,1066.8,27.8,89
2024-12-02 09:00:00,1172.4,29.3,70
2024-12-02 10:00:00,1227.43,29.0,88
2024-12-02 11:00:00,1374.26,30.0,71
2024-12-02 12:00:00,1390.57,32.8,67
2024-12-02 13:00:00,1408.64,31.2,69
2024-12-02 14:00:00,1312.55,33.4,94
2024-12-02 15:00:00,1246.96,32.6,72
2024-12-02 16:00:00,1064.08,29.6,86
2024-12-02 17:00:00,1024.11,31.5,61
2024-12-02 18:00:00,884.99,30.6,87
2024-12-02 19:00:00,882.09,29.5,93
2024-12-02 20:00:00,787.46,27.8,80
2024-12-02 21:00:00,854.97,25.8,65
2024-12-02 22:00:00,797.55,27.6,85
2024-12-02 23:00:00,876.62,25.0,77
2024-12-03 00:00:00,908.09,23.5,64
2024-12-03 01:00:00,866.89,24.7,85
2024-12-03 02:00:00,829.42,23.1,70
2024-12-03 03:00:00,875.53,23.0,75
2024-12-03 04:00:00,834.08,24.1,78
2024-12-03 05:00:00,836.94,24.4,64
2024-12-03 06:00:00,904.18,24.9,66
2024-12-03 07:00:00,1075.78,27.9,62
2024-12-03 08:00:00,1128.1,27.9,84
2024-12-03 09:00:00,1240.2,30.5,69
2024-12-03 10:00:00,1314.49,29.0,64
2024-12-03 11:00:00,1373.97,28.8,91
2024-12-03 12:00:00,1308.88,31.6,91
2024-12-03 13:00:00,1344.39,34.1,64
2024-12-03 14:00:00,1282.45,32.6,78
2024-12-03 15:00:00,1133.92,35.7,71
2024-12-03 16:00:00,1047.26,31.9,90
2024-12-03 17:00:00,914.23,31.1,76
2024-12-03 18:00:00,901.44,27.4,81
2024-12-03 19:00:00,882.82,29.5,81
2024-12-03 20:00:00,876.53,28.2,85
2024-12-03 21:00:00,860.54,26.5,90
2024-12-03 22:00:00,832.58,25.8,65
2024-12-03 23:00:00,817.63,25.1,71
2024-12-04 00:00:00,830.52,24.3,86
2024-12-04 01:00:00,840.04,26.6,76
2024-12-04 02:00:00,834.41,23.6,69
2024-12-04 03:00:00,839.66,24.3,64
2024-12-04 04:00:00,801.54,24.1,63
2024-12-04 05:00:00,865.28,26.1,74
2024-12-04 06:00:00,893.92,26.2,61
2024-12-04 07:00:00,983.2,26.6,67
2024-12-04 08:00:00,1126.97,25.7,75
2024-12-04 09:00:00,1157.53,29.3,79
2024-12-04 10:00:00,1313.23,29.6,83
2024-12-04 11:00:00,1366.99,30.8,94
2024-12-04 12:00:00,1380.41,30.0,76
2024-12-04 13:00:00,1398.47,33.6,64
2024-12-04 14:00:00,1329.36,33.0,73
2024-12-04 15:00:00,1165.75,33.6,73
2024-12-04 16:00:00,1080.73,32.8,90
2024-12-04 17:00:00,992.73,31.5,79
2024-12-04 18:00:00,892.56,28.6,72
2024-12-04 19:00:00,873.97,31.2,68
2024-12-04 20:00:00,846.97,26.9,93
2024-12-04 21:00:00,909.49,26.6,71
2024-12-04 22:00:00,812.07,26.8,75
2024-12-04 23:00:00,880.3,26.1,60
2024-12-05 00:00:00,859.6,25.2,75
2024-12-05 01:00:00,904.99,23.7,65
2024-12-05 02:00:00,808.3,23.3,79
2024-12-05 03:00:00,856.76,27.2,65
2024-12-05 04:00:00,814.37,24.5,94
2024-12-05 05:00:00,827.1,25.0,62
2024-12-05 06:00:00,850.8,25.1,80
2024-12-05 07:00:00,965.94,27.3,66
2024-12-05 08:00:00,1124.4,28.2,73
2024-12-05 09:00:00,1197.34,29.0,89
2024-12-05 10:00:00,1319.93,30.5,81
2024-12-05 11:00:00,1425.13,32.9,73
2024-12-05 12:00:00,1400.7,30.8,84
2024-12-05 13:00:00,1347.32,31.9,62
2024-12-05 14:00:00,1314.34,31.2,64
2024-12-05 15:00:00,1179.21,32.2,64
2024-12-05 16:00:00,1068.83,30.8,68
2024-12-05 17:00:00,929.08,30.2,63
2024-12-05 18:00:00,933.92,28.2,79
2024-12-05 19:00:00,839.37,29.2,80
2024-12-05 20:00:00,842.88,28.5,83
2024-12-05 21:00:00,808.48,29.2,66
2024-12-05 22:00:00,880.27,26.6,67
2024-12-05 23:00:00,857.3,24.6,70
2024-12-06 00:00:00,885.87,22.9,68
2024-12-06 01:00:00,914.0,22.7,65
2024-12-06 02:00:00,892.01,22.4,76
2024-12-06 03:00:00,843.3,26.4,72
2024-12-06 04:00:00,773.97,24.9,76
2024-12-06 05:00:00,956.98,24.5,61
2024-12-06 06:00:00,961.97,24.8,89
2024-12-06 07:00:00,1006.95,25.9,91
2024-12-06 08:00:00,1059.52,27.3,66
2024-12-06 09:00:00,1193.68,30.6,75
2024-12-06 10:00:00,1278.38,30.0,78
2024-12-06 11:00:00,1410.53,29.1,74
2024-12-06 12:00:00,1400.09,34.2,73
2024-12-06 13:00:00,1338.87,30.5,66
2024-12-06 14:00:00,1280.94,31.3,92
2024-12-06 15:00:00,1236.94,33.4,93
2024-12-06 16:00:00,1141.93,32.0,83
2024-12-06 17:00:00,1035.2,30.3,94
2024-12-06 18:00:00,927.43,28.5,80
2024-12-06 19:00:00,843.47,27.9,83
2024-12-06 20:00:00,722.49,26.9,75
2024-12-06 21:00:00,854.58,27.0,76
2024-12-06 22:00:00,864.39,26.2,88
2024-12-06 23:00:00,888.3,25.0,77
2024-12-07 00:00:00,692.21,24.5,70
2024-12-07 01:00:00,636.35,22.9,62
2024-12-07 02:00:00,683.33,24.4,77
2024-12-07 03:00:00,665.69,25.7,75
2024-12-07 04:00:00,659.23,24.3,60
2024-12-07 05:00:00,684.85,25.0,86
2024-12-07 06:00:00,721.5,26.1,90
2024-12-07 07:00:00,766.79,28.3,87
2024-12-07 08:00:00,882.89,26.9,86
2024-12-07 09:00:00,1000.34,30.8,68
2024-12-07 10:00:00,1100.65,30.5,86
2024-12-07 11:00:00,1200.73,30.9,85
2024-12-07 12:00:00,1212.92,32.9,86
2024-12-07 13:00:00,1238.51,30.4,63
2024-12-07 14:00:00,1174.13,32.6,71
2024-12-07 15:00:00,999.97,32.4,74
2024-12-07 16:00:00,751.13,30.3,89
2024-12-07 17:00:00,824.49,31.4,73
2024-12-07 18:00:00,681.51,30.3,67
2024-12-07 19:00:00,623.75,28.8,87
2024-12-07 20:00:00,621.49,29.0,90
2024-12-07 21:00:00,628.03,26.3,61
2024-12-07 22:00:00,685.37,26.3,74
2024-12-07 23:00:00,628.31,25.0,67
2024-12-08 00:00:00,652.14,23.8,64
2024-12-08 01:00:00,694.32,24.7,63
2024-12-08 02:00:00,685.17,23.8,71
2024-12-08 03:00:00,665.56,22.4,69
2024-12-08 04:00:00,607.34,22.4,63
2024-12-08 05:00:00,617.02,26.1,69
2024-12-08 06:00:00,682.16,24.5,88
2024-12-08 07:00:00,789.08,27.3,87
2024-12-08 08:00:00,936.9,28.1,88
2024-12-08 09:00:00,925.03,28.6,78
2024-12-08 10:00:00,1088.7,32.3,72
2024-12-08 11:00:00,1118.68,31.0,93
2024-12-08 12:00:00,1132.1,32.4,79
2024-12-08 13:00:00,1199.18,32.2,77
2024-12-08 14:00:00,1115.51,31.7,60
2024-12-08 15:00:00,1012.45,31.8,85
2024-12-08 16:00:00,917.19,33.2,62
2024-12-08 17:00:00,763.95,32.1,62
2024-12-08 18:00:00,684.82,32.3,80
2024-12-08 19:00:00,727.84,29.3,77
2024-12-08 20:00:00,626.35,26.9,90
2024-12-08 21:00:00,668.93,26.4,90
2024-12-08 22:00:00,663.7,24.6,67
2024-12-08 23:00:00,617.74,26.1,84
2024-12-09 00:00:00,817.89,23.8,79
2024-12-09 01:00:00,861.64,20.5,70
2024-12-09 02:00:00,899.92,27.0,60
2024-12-09 03:00:00,870.28,23.5,80
2024-12-09 04:00:00,866.47,23.8,76
2024-12-09 05:00:00,816.31,27.2,87
2024-12-09 06:00:00,956.04,24.6,77
2024-12-09 07:00:00,946.5,28.3,88
2024-12-09 08:00:00,1091.95,27.3,69
2024-12-09 09:00:00,1195.92,27.4,68
2024-12-09 10:00:00,1289.93,32.0,93
2024-12-09 11:00:00,1411.77,31.9,79
2024-12-09 12:00:00,1364.84,32.6,90
2024-12-09 13:00:00,1317.7,32.3,62
2024-12-09 14:00:00,1296.74,32.7,60
2024-12-09 15:00:00,1182.32,30.4,92
2024-12-09 16:00:00,1202.75,31.6,67
2024-12-09 17:00:00,1004.01,29.7,77
2024-12-09 18:00:00,885.23,28.3,89
2024-12-09 19:00:00,813.97,29.5,92
2024-12-09 20:00:00,768.76,29.4,81
2024-12-09 21:00:00,806.91,26.5,76
2024-12-09 22:00:00,867.1,25.7,68
2024-12-09 23:00:00,931.98,23.8,81
2024-12-10 00:00:00,928.36,24.5,69
2024-12-10 01:00:00,889.57,25.0,92
2024-12-10 02:00:00,851.29,24.9,62
2024-12-10 03:00:00,851.75,24.8,76
2024-12-10 04:00:00,815.97,23.8,68
2024-12-10 05:00:00,910.64,24.4,78
2024-12-10 06:00:00,892.51,27.0,93
2024-12-10 07:00:00,976.9,27.9,61
2024-12-10 08:00:00,1006.59,27.8,86
2024-12-10 09:00:00,1189.09,28.5,78
2024-12-10 10:00:00,1324.94,31.4,92
2024-12-10 11:00:00,1327.2,30.4,85
2024-12-10 12:00:00,1362.89,32.4,93
2024-12-10 13:00:00,1392.32,31.7,87
2024-12-10 14:00:00,1244.0,30.7,75
2024-12-10 15:00:00,1232.98,33.8,81
2024-12-10 16:00:00,1065.57,31.6,87
2024-12-10 17:00:00,966.38,30.0,73
2024-12-10 18:00:00,859.87,28.3,65
2024-12-10 19:00:00,863.81,27.5,70
2024-12-10 20:00:00,920.31,27.6,79
2024-12-10 21:00:00,869.79,29.3,75
2024-12-10 22:00:00,832.47,25.3,65
2024-12-10 23:00:00,921.42,26.9,67
2024-12-11 00:00:00,877.71,24.4,63
2024-12-11 01:00:00,929.35,22.7,93
2024-12-11 02:00:00,890.54,23.4,79
2024-12-11 03:00:00,739.03,22.6,83
2024-12-11 04:00:00,798.68,23.5,62
2024-12-11 05:00:00,883.25,24.1,87
2024-12-11 06:00:00,904.14,23.7,89
2024-12-11 07:00:00,943.79,28.8,88
2024-12-11 08:00:00,1061.67,28.3,80
2024-12-11 09:00:00,1128.91,28.2,86
2024-12-11 10:00:00,1292.27,30.3,84
2024-12-11 11:00:00,1441.64,29.8,62
2024-12-11 12:00:00,1417.04,28.3,60
2024-12-11 13:00:00,1440.94,35.4,82
2024-12-11 14:00:00,1326.27,32.2,64
2024-12-11 15:00:00,1231.62,31.2,90
2024-12-11 16:00:00,1152.98,29.1,84
2024-12-11 17:00:00,992.88,29.0,94
2024-12-11 18:00:00,892.35,32.0,60
2024-12-11 19:00:00,886.42,30.8,74
2024-12-11 20:00:00,884.8,28.9,83
2024-12-11 21:00:00,825.34,25.6,93
2024-12-11 22:00:00,837.16,27.8,77
2024-12-11 23:00:00,886.23,25.7,84
2024-12-12 00:00:00,917.65,25.3,60
2024-12-12 01:00:00,908.93,24.7,68
2024-12-12 02:00:00,812.21,22.2,90
2024-12-12 03:00:00,908.7,22.7,81
2024-12-12 04:00:00,811.13,23.9,61
2024-12-12 05:00:00,840.67,25.9,79
2024-12-12 06:00:00,866.99,24.3,82
2024-12-12 07:00:00,1073.81,26.8,71
2024-12-12 08:00:00,1092.07,27.8,69
2024-12-12 09:00:00,1165.59,30.0,91
2024-12-12 10:00:00,1325.35,30.8,64
2024-12-12 11:00:00,1390.94,29.6,88
2024-12-12 12:00:00,1382.05,33.2,92
2024-12-12 13:00:00,1393.45,30.5,82
2024-12-12 14:00:00,1266.25,33.3,72
2024-12-12 15:00:00,1178.16,31.2,61
2024-12-12 16:00:00,1013.28,31.7,70
2024-12-12 17:00:00,933.09,31.1,87
2024-12-12 18:00:00,961.92,30.2,84
2024-12-12 19:00:00,907.48,29.8,77
2024-12-12 20:00:00,835.97,28.5,68
2024-12-12 21:00:00,900.09,27.9,61
2024-12-12 22:00:00,856.57,26.6,76
2024-12-12 23:00:00,872.6,23.7,92
2024-12-13 00:00:00,890.33,24.9,94
2024-12-13 01:00:00,876.43,23.5,92
2024-12-13 02:00:00,854.33,22.7,91
2024-12-13 03:00:00,881.61,23.8,79
2024-12-13 04:00:00,838.63,24.8,89
2024-12-13 05:00:00,874.69,25.5,81
2024-12-13 06:00:00,934.49,27.3,84
2024-12-13 07:00:00,992.76,28.5,70
2024-12-13 08:00:00,1049.44,28.4,93
2024-12-13 09:00:00,1147.83,29.7,87
2024-12-13 10:00:00,1300.12,30.1,94
2024-12-13 11:00:00,1357.83,31.7,63
2024-12-13 12:00:00,1391.48,32.0,68
2024-12-13 13:00:00,1363.27,31.8,81
2024-12-13 14:00:00,1385.36,34.6,84
2024-12-13 15:00:00,1148.66,31.2,80
2024-12-13 16:00:00,1013.8,33.2,84
2024-12-13 17:00:00,990.86,29.2,76
2024-12-13 18:00:00,885.28,31.0,74
2024-12-13 19:00:00,860.9,30.8,66
2024-12-13 20:00:00,853.9,25.7,91
2024-12-13 21:00:00,886.64,27.1,67
2024-12-13 22:00:00,809.22,26.9,62
2024-12-13 23:00:00,861.44,25.5,92
2024-12-14 00:00:00,703.22,25.0,76
2024-12-14 01:00:00,707.62,24.3,60
2024-12-14 02:00:00,738.49,22.7,76
2024-12-14 03:00:00,674.9,27.0,84
2024-12-14 04:00:00,631.25,23.9,84
2024-12-14 05:00:00,618.45,25.7,72
2024-12-14 06:00:00,678.49,25.2,72
2024-12-14 07:00:00,758.29,24.2,71
2024-12-14 08:00:00,906.19,26.9,91
2024-12-14 09:00:00,1004.03,27.3,94
2024-12-14 10:00:00,1048.45,31.3,87
2024-12-14 11:00:00,1148.42,30.1,79
2024-12-14 12:00:00,1218.99,30.8,87
2024-12-14 13:00:00,1176.0,30.6,90
2024-12-14 14:00:00,1114.7,32.1,83
2024-12-14 15:00:00,1008.47,31.0,70
2024-12-14 16:00:00,940.23,32.7,75
2024-12-14 17:00:00,787.35,31.2,76
2024-12-14 18:00:00,684.8,29.3,64
2024-12-14 19:00:00,617.64,30.1,79
2024-12-14 20:00:00,642.06,28.0,94
2024-12-14 21:00:00,600.0,27.0,73
2024-12-14 22:00:00,655.38,24.2,85
2024-12-14 23:00:00,673.58,25.1,83
2024-12-15 00:00:00,640.36,24.9,90
2024-12-15 01:00:00,648.08,25.7,77
2024-12-15 02:00:00,689.96,23.1,81
2024-12-15 03:00:00,649.44,26.9,80
2024-12-15 04:00:00,636.71,25.2,93
2024-12-15 05:00:00,660.24,23.3,84
2024-12-15 06:00:00,701.4,25.0,89
2024-12-15 07:00:00,822.44,28.7,65
2024-12-15 08:00:00,887.49,29.5,84
2024-12-15 09:00:00,943.91,29.1,64
2024-12-15 10:00:00,1151.74,30.2,88
2024-12-15 11:00:00,1176.55,29.4,81
2024-12-15 12:00:00,1167.56,33.0,62
2024-12-15 13:00:00,1119.73,30.7,89
2024-12-15 14:00:00,1108.56,33.0,83
2024-12-15 15:00:00,990.88,33.5,76
2024-12-15 16:00:00,938.31,31.5,79
2024-12-15 17:00:00,766.89,32.0,85
2024-12-15 18:00:00,668.91,32.2,64
2024-12-15 19:00:00,680.95,29.4,72
2024-12-15 20:00:00,665.62,27.8,63
2024-12-15 21:00:00,647.37,26.9,76
2024-12-15 22:00:00,685.41,25.1,94
2024-12-15 23:00:00,679.37,24.3,90
2024-12-16 00:00:00,896.27,25.1,75
2024-12-16 01:00:00,921.31,23.9,93
2024-12-16 02:00:00,883.48,24.4,91
2024-12-16 03:00:00,835.4,22.3,92
2024-12-16 04:00:00,880.44,24.4,67
2024-12-16 05:00:00,766.71,26.4,89
2024-12-16 06:00:00,969.94,24.7,62
2024-12-16 07:00:00,919.2,27.0,76
2024-12-16 08:00:00,1061.18,25.8,83
2024-12-16 09:00:00,1193.48,27.5,75
2024-12-16 10:00:00,1289.52,31.0,79
2024-12-16 11:00:00,1398.78,30.5,69
2024-12-16 12:00:00,1351.13,33.7,83
2024-12-16 13:00:00,1372.69,32.4,66
2024-12-16 14:00:00,1274.43,32.6,79
2024-12-16 15:00:00,1205.28,30.6,72
2024-12-16 16:00:00,1080.91,31.0,88
2024-12-16 17:00:00,982.22,29.9,69
2024-12-16 18:00:00,878.94,28.7,68
2024-12-16 19:00:00,831.71,29.8,66
2024-12-16 20:00:00,843.25,29.0,92
2024-12-16 21:00:00,874.46,27.4,83
2024-12-16 22:00:00,840.76,25.0,75
2024-12-16 23:00:00,850.25,25.6,91
2024-12-17 00:00:00,909.57,22.2,63
2024-12-17 01:00:00,879.41,25.7,73
2024-12-17 02:00:00,890.67,22.4,88
2024-12-17 03:00:00,809.64,22.8,81
2024-12-17 04:00:00,770.84,24.7,82
2024-12-17 05:00:00,830.85,25.4,85
2024-12-17 06:00:00,871.31,25.9,85
2024-12-17 07:00:00,976.16,25.6,81
2024-12-17 08:00:00,1060.86,29.4,62
2024-12-17 09:00:00,1220.86,27.0,76
2024-12-17 10:00:00,1284.58,28.2,73
2024-12-17 11:00:00,1368.83,30.7,89
2024-12-17 12:00:00,1393.69,29.9,72
2024-12-17 13:00:00,1370.4,33.3,85
2024-12-17 14:00:00,1293.84,30.6,91
2024-12-17 15:00:00,1212.83,33.7,93
2024-12-17 16:00:00,1055.34,32.7,82
2024-12-17 17:00:00,1027.96,32.3,93
2024-12-17 18:00:00,889.92,32.3,71
2024-12-17 19:00:00,803.68,29.1,82
2024-12-17 20:00:00,839.8,26.8,87
2024-12-17 21:00:00,811.65,26.8,78
2024-12-17 22:00:00,885.01,25.3,93
2024-12-17 23:00:00,958.01,24.3,67
2024-12-18 00:00:00,860.64,24.7,93
2024-12-18 01:00:00,892.25,23.8,75
2024-12-18 02:00:00,800.23,23.1,66
2024-12-18 03:00:00,857.3,23.8,86
2024-12-18 04:00:00,802.19,25.2,79
2024-12-18 05:00:00,827.7,26.3,94
2024-12-18 06:00:00,859.66,24.1,76
2024-12-18 07:00:00,1004.62,26.6,87
2024-12-18 08:00:00,1118.47,27.8,67
2024-12-18 09:00:00,1195.82,27.6,63
2024-12-18 10:00:00,1264.48,29.9,92
2024-12-18 11:00:00,1419.27,31.0,81
2024-12-18 12:00:00,1361.98,32.1,90
2024-12-18 13:00:00,1287.98,32.0,60
2024-12-18 14:00:00,1310.8,30.9,73
2024-12-18 15:00:00,1156.37,34.3,66
2024-12-18 16:00:00,1117.86,32.5,67
2024-12-18 17:00:00,965.71,31.5,67
2024-12-18 18:00:00,919.4,31.2,83
2024-12-18 19:00:00,898.7,29.3,60
2024-12-18 20:00:00,790.97,29.5,94
2024-12-18 21:00:00,821.71,27.0,67
2024-12-18 22:00:00,859.14,26.0,64
2024-12-18 23:00:00,934.56,25.9,91
2024-12-19 00:00:00,865.25,26.4,60
2024-12-19 01:00:00,859.93,26.0,61
2024-12-19 02:00:00,878.53,24.7,74
2024-12-19 03:00:00,821.33,24.8,68
2024-12-19 04:00:00,838.66,25.4,71
2024-12-19 05:00:00,795.39,26.4,69
2024-12-19 06:00:00,975.83,27.6,83
2024-12-19 07:00:00,931.95,26.7,78
2024-12-19 08:00:00,1072.08,29.6,76
2024-12-19 09:00:00,1193.99,29.4,61
2024-12-19 10:00:00,1361.8,30.8,69
2024-12-19 11:00:00,1317.39,32.5,64
2024-12-19 12:00:00,1457.79,32.4,65
2024-12-19 13:00:00,1390.27,33.0,61
2024-12-19 14:00:00,1309.48,31.5,67
2024-12-19 15:00:00,1160.69,33.7,63
2024-12-19 16:00:00,1103.38,32.3,90
2024-12-19 17:00:00,953.85,31.0,67
2024-12-19 18:00:00,942.73,31.3,90
2024-12-19 19:00:00,815.79,32.1,76
2024-12-19 20:00:00,829.45,26.6,73
2024-12-19 21:00:00,822.2,26.0,67
2024-12-19 22:00:00,827.35,29.2,84
2024-12-19 23:00:00,906.81,25.7,73
2024-12-20 00:00:00,907.21,24.8,82
2024-12-20 01:00:00,923.23,24.0,76
2024-12-20 02:00:00,799.68,25.5,71
2024-12-20 03:00:00,878.96,27.3,79
2024-12-20 04:00:00,921.18,23.7,93
2024-12-20 05:00:00,834.06,25.1,70
2024-12-20 06:00:00,964.84,25.6,86
2024-12-20 07:00:00,970.08,27.8,68
2024-12-20 08:00:00,1035.48,29.5,77
2024-12-20 09:00:00,1184.6,31.0,87
2024-12-20 10:00:00,1331.72,30.9,79
2024-12-20 11:00:00,1334.6,33.9,88
2024-12-20 12:00:00,1367.53,30.8,63
2024-12-20 13:00:00,1384.72,30.9,74
2024-12-20 14:00:00,1295.16,33.8,87
2024-12-20 15:00:00,1215.8,32.0,83
2024-12-20 16:00:00,1091.89,29.8,75
2024-12-20 17:00:00,996.14,30.4,81
2024-12-20 18:00:00,883.44,30.3,76
2024-12-20 19:00:00,858.06,28.3,60
2024-12-20 20:00:00,801.13,26.8,90
2024-12-20 21:00:00,886.91,26.7,84
2024-12-20 22:00:00,839.89,24.7,71
2024-12-20 23:00:00,920.55,25.9,79
2024-12-21 00:00:00,680.53,22.2,78
2024-12-21 01:00:00,688.22,24.2,64
2024-12-21 02:00:00,644.88,24.6,74
2024-12-21 03:00:00,606.38,24.0,84
2024-12-21 04:00:00,600.0,25.8,94
2024-12-21 05:00:00,613.17,23.5,62
2024-12-21 06:00:00,687.4,25.2,77
2024-12-21 07:00:00,786.94,26.6,81
2024-12-21 08:00:00,919.11,28.9,75
2024-12-21 09:00:00,979.93,29.3,74
2024-12-21 10:00:00,1064.4,32.6,64
2024-12-21 11:00:00,1113.67,29.9,72
2024-12-21 12:00:00,1205.57,29.8,87
2024-12-21 13:00:00,1212.59,34.0,69
2024-12-21 14:00:00,1139.61,30.3,75
2024-12-21 15:00:00,1020.41,32.7,61
2024-12-21 16:00:00,906.14,30.3,84
2024-12-21 17:00:00,839.0,28.3,64
2024-12-21 18:00:00,710.43,29.6,87
2024-12-21 19:00:00,672.8,30.1,76
2024-12-21 20:00:00,622.59,26.5,61
2024-12-21 21:00:00,600.0,27.7,74
2024-12-21 22:00:00,638.39,26.9,88
2024-12-21 23:00:00,680.95,23.6,82
2024-12-22 00:00:00,691.11,24.3,77
2024-12-22 01:00:00,748.85,26.0,73
2024-12-22 02:00:00,665.33,24.8,91
2024-12-22 03:00:00,683.48,23.8,65
2024-12-22 04:00:00,618.78,25.0,87
2024-12-22 05:00:00,639.48,24.3,77
2024-12-22 06:00:00,652.5,27.3,94
2024-12-22 07:00:00,753.82,28.3,63
2024-12-22 08:00:00,902.47,28.1,90
2024-12-22 09:00:00,996.08,29.3,70
2024-12-22 10:00:00,1128.55,28.8,70
2024-12-22 11:00:00,1170.8,29.2,88
2024-12-22 12:00:00,1176.72,31.0,78
2024-12-22 13:00:00,1239.65,31.8,76
2024-12-22 14:00:00,1092.28,33.3,63
2024-12-22 15:00:00,1036.55,33.0,63
2024-12-22 16:00:00,870.03,31.7,71
2024-12-22 17:00:00,804.7,32.3,66
2024-12-22 18:00:00,731.57,28.9,80
2024-12-22 19:00:00,657.76,30.3,92
2024-12-22 20:00:00,600.0,27.1,71
2024-12-22 21:00:00,642.97,28.5,66
2024-12-22 22:00:00,705.67,26.0,74
2024-12-22 23:00:00,700.02,22.8,68
2024-12-23 00:00:00,904.93,25.4,92
2024-12-23 01:00:00,821.49,25.1,75
2024-12-23 02:00:00,837.61,23.5,90
2024-12-23 03:00:00,856.96,23.7,74
2024-12-23 04:00:00,848.71,24.3,61
2024-12-23 05:00:00,893.24,22.9,72
2024-12-23 06:00:00,894.29,23.2,64
2024-12-23 07:00:00,994.35,28.5,92
2024-12-23 08:00:00,1084.94,27.0,91
2024-12-23 09:00:00,1161.61,31.3,80
2024-12-23 10:00:00,1216.93,31.6,61
2024-12-23 11:00:00,1379.87,32.7,92
2024-12-23 12:00:00,1395.48,30.7,70
2024-12-23 13:00:00,1343.16,29.9,82
2024-12-23 14:00:00,1239.24,30.7,92
2024-12-23 15:00:00,1218.22,31.3,67
2024-12-23 16:00:00,1075.11,28.6,92
2024-12-23 17:00:00,999.69,30.3,88
2024-12-23 18:00:00,964.67,29.8,90
2024-12-23 19:00:00,775.85,27.5,89
2024-12-23 20:00:00,809.95,26.8,67
2024-12-23 21:00:00,835.34,26.7,85
2024-12-23 22:00:00,913.86,26.4,82
2024-12-23 23:00:00,824.62,24.1,85
2024-12-24 00:00:00,957.47,24.9,61
2024-12-24 01:00:00,886.91,24.3,85
2024-12-24 02:00:00,859.86,24.1,77
2024-12-24 03:00:00,836.02,23.4,86
2024-12-24 04:00:00,819.46,22.9,76
2024-12-24 05:00:00,887.8,27.2,74
2024-12-24 06:00:00,862.35,26.8,66
2024-12-24 07:00:00,992.62,28.2,76
2024-12-24 08:00:00,1071.31,27.9,78
2024-12-24 09:00:00,1169.86,28.8,86
2024-12-24 10:00:00,1386.78,30.6,76
2024-12-24 11:00:00,1379.85,28.6,91
2024-12-24 12:00:00,1411.24,30.1,75
2024-12-24 13:00:00,1405.01,30.9,89
2024-12-24 14:00:00,1246.55,31.5,73
2024-12-24 15:00:00,1257.9,30.8,77
2024-12-24 16:00:00,996.99,31.9,81
2024-12-24 17:00:00,953.68,30.9,75
2024-12-24 18:00:00,883.75,31.7,75
2024-12-24 19:00:00,871.55,32.0,85
2024-12-24 20:00:00,842.48,26.5,65
2024-12-24 21:00:00,837.22,27.1,66
2024-12-24 22:00:00,862.91,26.2,68
2024-12-24 23:00:00,848.05,25.2,85
2024-12-25 00:00:00,837.75,23.2,61
2024-12-25 01:00:00,908.03,23.0,62
2024-12-25 02:00:00,887.94,24.3,80
2024-12-25 03:00:00,898.85,23.0,62
2024-12-25 04:00:00,807.53,24.7,68
2024-12-25 05:00:00,875.8,24.9,71
2024-12-25 06:00:00,890.26,26.2,67
2024-12-25 07:00:00,1022.64,25.8,80
2024-12-25 08:00:00,1120.97,28.2,62
2024-12-25 09:00:00,1204.37,28.0,80
2024-12-25 10:00:00,1284.83,30.2,85
2024-12-25 11:00:00,1399.25,32.4,83
2024-12-25 12:00:00,1412.86,31.8,93
2024-12-25 13:00:00,1341.68,32.2,91
2024-12-25 14:00:00,1250.27,33.0,86
2024-12-25 15:00:00,1186.92,30.2,89
2024-12-25 16:00:00,1138.29,33.5,63
2024-12-25 17:00:00,1021.16,29.6,61
2024-12-25 18:00:00,861.33,31.1,82
2024-12-25 19:00:00,810.76,29.9,63
2024-12-25 20:00:00,879.88,26.9,70
2024-12-25 21:00:00,803.75,28.2,74
2024-12-25 22:00:00,881.6,26.6,62
2024-12-25 23:00:00,861.16,27.4,89
2024-12-26 00:00:00,947.25,24.8,82
2024-12-26 01:00:00,856.13,24.0,92
2024-12-26 02:00:00,904.17,23.4,60
2024-12-26 03:00:00,850.36,22.0,60
2024-12-26 04:00:00,844.5,24.2,62
2024-12-26 05:00:00,783.09,24.8,68
2024-12-26 06:00:00,823.58,26.3,91
2024-12-26 07:00:00,973.75,25.3,72
2024-12-26 08:00:00,1094.34,27.7,90
2024-12-26 09:00:00,1158.1,29.7,80
2024-12-26 10:00:00,1259.11,30.8,82
2024-12-26 11:00:00,1385.77,28.6,72
2024-12-26 12:00:00,1410.42,32.3,85
2024-12-26 13:00:00,1361.31,31.6,84
2024-12-26 14:00:00,1324.54,31.8,67
2024-12-26 15:00:00,1156.42,29.0,89
2024-12-26 16:00:00,1073.28,33.3,64
2024-12-26 17:00:00,1039.2,31.0,83
2024-12-26 18:00:00,903.14,28.2,69
2024-12-26 19:00:00,856.55,29.5,78
2024-12-26 20:00:00,916.47,28.4,94
2024-12-26 21:00:00,795.02,28.4,81
2024-12-26 22:00:00,892.14,25.6,66
2024-12-26 23:00:00,941.46,25.2,79
2024-12-27 00:00:00,879.83,23.8,91
2024-12-27 01:00:00,913.73,24.9,61
2024-12-27 02:00:00,830.33,23.1,74
2024-12-27 03:00:00,820.4,23.1,69
2024-12-27 04:00:00,849.7,24.5,80
2024-12-27 05:00:00,880.55,23.7,74
2024-12-27 06:00:00,940.47,27.9,93
2024-12-27 07:00:00,1036.96,29.3,94
2024-12-27 08:00:00,1083.88,27.5,64
2024-12-27 09:00:00,1239.8,27.4,78
2024-12-27 10:00:00,1285.78,30.4,66
2024-12-27 11:00:00,1398.24,30.2,77
2024-12-27 12:00:00,1398.53,32.9,65
2024-12-27 13:00:00,1382.28,30.9,63
2024-12-27 14:00:00,1312.61,32.7,64
2024-12-27 15:00:00,1141.9,32.0,73
2024-12-27 16:00:00,1046.95,30.7,92
2024-12-27 17:00:00,985.67,31.1,80
2024-12-27 18:00:00,842.25,31.1,72
2024-12-27 19:00:00,881.77,29.1,61
2024-12-27 20:00:00,866.82,28.1,74
2024-12-27 21:00:00,855.99,25.9,75
2024-12-27 22:00:00,825.58,27.4,94
2024-12-27 23:00:00,932.08,26.4,79
2024-12-28 00:00:00,763.1,24.0,60
2024-12-28 01:00:00,689.4,24.0,62
2024-12-28 02:00:00,683.17,25.7,76
2024-12-28 03:00:00,652.1,22.8,76
2024-12-28 04:00:00,655.39,25.3,79
2024-12-28 05:00:00,649.02,24.5,79
2024-12-28 06:00:00,700.63,28.1,63
2024-12-28 07:00:00,814.32,27.0,70
2024-12-28 08:00:00,968.94,29.5,74
2024-12-28 09:00:00,949.63,28.1,86
2024-12-28 10:00:00,1094.73,28.5,83
2024-12-28 11:00:00,1125.95,30.5,79
2024-12-28 12:00:00,1247.59,31.8,74
2024-12-28 13:00:00,1146.71,31.3,65
2024-12-28 14:00:00,1047.88,32.9,77
2024-12-28 15:00:00,1021.0,31.6,81
2024-12-28 16:00:00,947.94,29.0,80
2024-12-28 17:00:00,805.91,31.5,83
2024-12-28 18:00:00,709.07,28.9,76
2024-12-28 19:00:00,667.6,28.6,70
2024-12-28 20:00:00,686.43,29.9,77
2024-12-28 21:00:00,614.55,29.1,94
2024-12-28 22:00:00,661.51,25.3,90
2024-12-28 23:00:00,668.53,25.9,87
2024-12-29 00:00:00,651.58,23.9,83
2024-12-29 01:00:00,673.41,23.8,83
2024-12-29 02:00:00,704.73,23.3,92
2024-12-29 03:00:00,665.53,22.1,89
2024-12-29 04:00:00,660.03,24.6,72
2024-12-29 05:00:00,658.98,25.5,75
2024-12-29 06:00:00,720.81,25.2,68
2024-12-29 07:00:00,755.26,28.3,72
2024-12-29 08:00:00,876.67,27.5,66
2024-12-29 09:00:00,1006.0,28.3,94
2024-12-29 10:00:00,1108.73,30.6,85
2024-12-29 11:00:00,1179.13,29.0,68
2024-12-29 12:00:00,1187.68,32.6,94
2024-12-29 13:00:00,1154.72,31.4,83
2024-12-29 14:00:00,1209.56,33.2,92
2024-12-29 15:00:00,1031.06,33.4,80
2024-12-29 16:00:00,902.01,32.2,81
2024-12-29 17:00:00,775.17,29.9,78
2024-12-29 18:00:00,686.77,28.5,91
2024-12-29 19:00:00,649.36,27.3,64
2024-12-29 20:00:00,647.82,29.3,71
2024-12-29 21:00:00,600.0,26.8,65
2024-12-29 22:00:00,611.15,25.3,77
2024-12-29 23:00:00,662.74,25.0,66
2024-12-30 00:00:00,900.41,25.8,78
2024-12-30 01:00:00,877.24,25.1,74
2024-12-30 02:00:00,918.4,24.5,68
2024-12-30 03:00:00,794.52,24.9,79
2024-12-30 04:00:00,811.89,24.8,79
2024-12-30 05:00:00,907.77,25.5,63
2024-12-30 06:00:00,907.79,26.3,69
2024-12-30 07:00:00,1014.95,27.0,60
2024-12-30 08:00:00,1160.0,28.9,94
2024-12-30 09:00:00,1175.71,29.5,83
2024-12-30 10:00:00,1296.25,28.9,66
2024-12-30 11:00:00,1359.09,31.5,81
2024-12-30 12:00:00,1324.82,31.8,82
2024-12-30 13:00:00,1357.78,32.6,60
2024-12-30 14:00:00,1330.59,31.9,83
2024-12-30 15:00:00,1218.95,32.8,79
2024-12-30 16:00:00,1109.92,31.4,91
2024-12-30 17:00:00,970.9,31.7,90
2024-12-30 18:00:00,880.3,29.5,92
2024-12-30 19:00:00,899.07,28.6,77
2024-12-30 20:00:00,820.87,28.7,92
2024-12-30 21:00:00,856.8,26.6,92
2024-12-30 22:00:00,872.5,28.6,64
2024-12-30 23:00:00,936.9,25.9,77
2024-12-31 00:00:00,927.92,24.6,68
2024-12-31 01:00:00,841.03,25.1,90
2024-12-31 02:00:00,825.86,23.4,66
2024-12-31 03:00:00,867.42,25.2,74
2024-12-31 04:00:00,836.69,25.6,63
2024-12-31 05:00:00,839.39,26.7,67
2024-12-31 06:00:00,939.5,25.5,83
2024-12-31 07:00:00,991.3,25.5,67
2024-12-31 08:00:00,1090.8,27.3,64
2024-12-31 09:00:00,1228.04,28.7,82
2024-12-31 10:00:00,1287.36,32.0,93
2024-12-31 11:00:00,1424.29,33.5,74
2024-12-31 12:00:00,1366.41,31.9,78
2024-12-31 13:00:00,1392.39,31.9,84
2024-12-31 14:00:00,1350.69,31.6,63
2024-12-31 15:00:00,1152.58,32.9,67
2024-12-31 16:00:00,1077.0,34.1,88
2024-12-31 17:00:00,1024.78,33.0,72
2024-12-31 18:00:00,944.53,31.4,90
2024-12-31 19:00:00,849.4,30.4,78
2024-12-31 20:00:00,813.32,29.0,84
2024-12-31 21:00:00,880.72,26.9,60
2024-12-31 22:00:00,908.97,25.1,80
2024-12-31 23:00:00,845.73,25.1,85
2025-01-01 00:00:00,851.92,25.0,62
2025-01-01 01:00:00,894.39,22.4,64
2025-01-01 02:00:00,889.59,23.8,88
2025-01-01 03:00:00,836.83,23.1,92
2025-01-01 04:00:00,862.86,25.8,61
2025-01-01 05:00:00,830.6,24.5,77
2025-01-01 06:00:00,830.08,26.4,73
2025-01-01 07:00:00,970.04,26.1,89
2025-01-01 08:00:00,1091.32,29.9,88
2025-01-01 09:00:00,1191.23,27.0,88
2025-01-01 10:00:00,1260.07,30.6,78
2025-01-01 11:00:00,1305.98,29.3,85
2025-01-01 12:00:00,1376.13,30.9,68
2025-01-01 13:00:00,1400.96,32.1,72
2025-01-01 14:00:00,1344.61,32.3,90
2025-01-01 15:00:00,1242.49,32.1,73
2025-01-01 16:00:00,1060.59,31.6,90
2025-01-01 17:00:00,944.56,30.1,74
2025-01-01 18:00:00,921.54,29.8,93
2025-01-01 19:00:00,877.77,29.1,69
2025-01-01 20:00:00,853.18,28.2,80
2025-01-01 21:00:00,776.91,26.9,84
2025-01-01 22:00:00,837.34,26.9,79
2025-01-01 23:00:00,885.59,25.3,66
2025-01-02 00:00:00,911.92,24.8,77
2025-01-02 01:00:00,914.17,23.7,85
2025-01-02 02:00:00,873.42,22.7,76
2025-01-02 03:00:00,859.69,24.3,66
2025-01-02 04:00:00,842.86,26.0,87
2025-01-02 05:00:00,880.27,25.7,80
2025-01-02 06:00:00,915.85,25.0,82
2025-01-02 07:00:00,987.99,27.9,69
2025-01-02 08:00:00,1080.52,27.6,76
2025-01-02 09:00:00,1204.54,29.9,60
2025-01-02 10:00:00,1318.39,29.6,70
2025-01-02 11:00:00,1379.7,31.3,92
2025-01-02 12:00:00,1408.27,30.8,90
2025-01-02 13:00:00,1417.34,31.3,83
2025-01-02 14:00:00,1310.74,30.1,79
2025-01-02 15:00:00,1179.02,32.5,64
2025-01-02 16:00:00,1120.89,31.9,85
2025-01-02 17:00:00,937.93,31.3,66
2025-01-02 18:00:00,867.12,30.3,86
2025-01-02 19:00:00,868.11,28.1,77
2025-01-02 20:00:00,858.06,29.2,90
2025-01-02 21:00:00,804.64,28.2,68
2025-01-02 22:00:00,855.09,25.1,61
2025-01-02 23:00:00,866.23,25.8,88
2025-01-03 00:00:00,878.7,25.6,93
2025-01-03 01:00:00,921.21,23.6,74
2025-01-03 02:00:00,893.97,23.6,68
2025-01-03 03:00:00,848.3,24.8,75
2025-01-03 04:00:00,821.65,22.7,61
2025-01-03 05:00:00,809.9,23.9,60
2025-01-03 06:00:00,955.47,24.8,68
2025-01-03 07:00:00,1007.28,24.8,79
2025-01-03 08:00:00,1066.05,29.3,61
2025-01-03 09:00:00,1227.75,26.6,60
2025-01-03 10:00:00,1299.84,30.4,69
2025-01-03 11:00:00,1361.15,31.8,82
2025-01-03 12:00:00,1411.03,31.1,78
2025-01-03 13:00:00,1345.26,31.1,77
2025-01-03 14:00:00,1290.29,32.3,83
2025-01-03 15:00:00,1206.85,31.9,81
2025-01-03 16:00:00,1073.34,32.7,79
2025-01-03 17:00:00,1010.03,27.7,70
2025-01-03 18:00:00,971.25,28.9,68
2025-01-03 19:00:00,830.81,29.7,74
2025-01-03 20:00:00,782.57,28.1,75
2025-01-03 21:00:00,779.02,27.9,72
2025-01-03 22:00:00,864.09,26.3,65
2025-01-03 23:00:00,865.1,25.0,84
2025-01-04 00:00:00,703.92,24.2,74
2025-01-04 01:00:00,693.74,26.9,77
2025-01-04 02:00:00,614.04,25.8,92
2025-01-04 03:00:00,600.0,24.7,73
2025-01-04 04:00:00,652.03,24.6,93
2025-01-04 05:00:00,662.79,25.8,61
2025-01-04 06:00:00,691.78,27.0,79
2025-01-04 07:00:00,729.47,27.5,75
2025-01-04 08:00:00,908.19,27.1,62
2025-01-04 09:00:00,1047.99,31.2,89
2025-01-04 10:00:00,1112.94,30.3,82
2025-01-04 11:00:00,1142.45,33.2,82
2025-01-04 12:00:00,1198.28,31.7,62
2025-01-04 13:00:00,1124.31,31.6,72
2025-01-04 14:00:00,1140.26,33.7,88
2025-01-04 15:00:00,1006.38,32.2,82
2025-01-04 16:00:00,829.85,31.6,76
2025-01-04 17:00:00,777.0,29.4,80
2025-01-04 18:00:00,722.97,30.8,88
2025-01-04 19:00:00,646.47,28.4,64
2025-01-04 20:00:00,632.11,27.5,80
2025-01-04 21:00:00,607.14,26.4,61
2025-01-04 22:00:00,690.1,26.5,82
2025-01-04 23:00:00,666.52,23.3,70
2025-01-05 00:00:00,622.14,24.3,74
2025-01-05 01:00:00,677.07,25.3,82
2025-01-05 02:00:00,705.46,22.5,66
2025-01-05 03:00:00,637.31,24.3,93
2025-01-05 04:00:00,703.47,23.8,65
2025-01-05 05:00:00,674.03,24.7,75
2025-01-05 06:00:00,719.51,28.0,61
2025-01-05 07:00:00,783.94,25.0,91
2025-01-05 08:00:00,890.27,28.9,87
2025-01-05 09:00:00,995.22,28.5,68
2025-01-05 10:00:00,1093.6,29.4,84
2025-01-05 11:00:00,1191.66,29.5,85
2025-01-05 12:00:00,1164.93,32.4,85
2025-01-05 13:00:00,1135.44,31.6,64
2025-01-05 14:00:00,1064.89,31.6,76
2025-01-05 15:00:00,1076.08,32.0,85
2025-01-05 16:00:00,911.27,31.3,85
2025-01-05 17:00:00,799.15,28.4,68
2025-01-05 18:00:00,670.7,29.4,82
2025-01-05 19:00:00,680.91,30.1,83
2025-01-05 20:00:00,638.65,26.2,68
2025-01-05 21:00:00,658.45,25.7,69
2025-01-05 22:00:00,637.05,25.5,65
2025-01-05 23:00:00,695.8,24.3,63
2025-01-06 00:00:00,883.8,24.5,60
2025-01-06 01:00:00,864.28,22.8,65
2025-01-06 02:00:00,897.83,23.5,88
2025-01-06 03:00:00,798.05,24.1,62
2025-01-06 04:00:00,863.42,25.3,83
2025-01-06 05:00:00,883.99,26.7,68
2025-01-06 06:00:00,877.88,25.7,76
2025-01-06 07:00:00,960.74,29.2,73
2025-01-06 08:00:00,1085.87,27.8,92
2025-01-06 09:00:00,1215.33,30.0,79
2025-01-06 10:00:00,1299.85,32.3,93
2025-01-06 11:00:00,1389.27,31.0,62
2025-01-06 12:00:00,1460.41,29.8,79
2025-01-06 13:00:00,1356.34,32.0,62
2025-01-06 14:00:00,1245.19,31.3,65
2025-01-06 15:00:00,1234.4,31.5,88
2025-01-06 16:00:00,1152.64,33.8,90
2025-01-06 17:00:00,1003.26,29.4,80
2025-01-06 18:00:00,870.66,30.4,60
2025-01-06 19:00:00,855.78,28.0,92
2025-01-06 20:00:00,804.6,27.6,69
2025-01-06 21:00:00,874.48,27.9,85
2025-01-06 22:00:00,824.96,26.4,62
2025-01-06 23:00:00,880.7,24.9,73
2025-01-07 00:00:00,864.55,23.8,67
2025-01-07 01:00:00,896.59,24.5,91
2025-01-07 02:00:00,860.39,26.0,86
2025-01-07 03:00:00,859.13,23.1,92
2025-01-07 04:00:00,845.51,26.8,80
2025-01-07 05:00:00,826.57,26.6,85
2025-01-07 06:00:00,931.68,27.6,73
2025-01-07 07:00:00,988.82,27.3,87
2025-01-07 08:00:00,1060.15,29.4,87
2025-01-07 09:00:00,1284.96,27.8,80
2025-01-07 10:00:00,1322.94,29.2,88
2025-01-07 11:00:00,1369.81,31.7,93
2025-01-07 12:00:00,1449.3,31.8,60
2025-01-07 13:00:00,1439.64,31.7,79
2025-01-07 14:00:00,1301.2,29.0,85
2025-01-07 15:00:00,1218.72,31.3,86
2025-01-07 16:00:00,1060.21,30.1,82
2025-01-07 17:00:00,985.43,31.4,66
2025-01-07 18:00:00,902.84,29.8,81
2025-01-07 19:00:00,867.65,28.3,94
2025-01-07 20:00:00,856.46,31.2,63
2025-01-07 21:00:00,872.64,28.2,88
2025-01-07 22:00:00,881.64,27.3,62
2025-01-07 23:00:00,849.9,27.8,61
2025-01-08 00:00:00,867.98,25.5,64
2025-01-08 01:00:00,874.14,23.2,77
2025-01-08 02:00:00,864.45,22.9,93
2025-01-08 03:00:00,890.84,25.3,74
2025-01-08 04:00:00,805.14,22.1,60
2025-01-08 05:00:00,849.71,25.1,81
2025-01-08 06:00:00,944.21,23.4,84
2025-01-08 07:00:00,981.15,27.1,76
2025-01-08 08:00:00,1111.98,29.0,92
2025-01-08 09:00:00,1202.77,29.4,76
2025-01-08 10:00:00,1316.37,31.1,64
2025-01-08 11:00:00,1368.29,33.2,70
2025-01-08 12:00:00,1424.24,31.3,71
2025-01-08 13:00:00,1322.22,35.2,93
2025-01-08 14:00:00,1294.69,32.3,94
2025-01-08 15:00:00,1218.06,33.0,75
2025-01-08 16:00:00,1114.59,30.7,83
2025-01-08 17:00:00,1043.95,32.8,90
2025-01-08 18:00:00,897.24,31.3,73
2025-01-08 19:00:00,914.08,30.8,91
2025-01-08 20:00:00,822.87,28.1,72
2025-01-08 21:00:00,900.67,25.5,76
2025-01-08 22:00:00,903.05,26.6,77
2025-01-08 23:00:00,861.42,23.1,78
2025-01-09 00:00:00,912.74,24.1,66
2025-01-09 01:00:00,892.65,24.4,89
2025-01-09 02:00:00,897.39,26.9,71
2025-01-09 03:00:00,847.42,24.5,70
2025-01-09 04:00:00,836.26,24.7,88
2025-01-09 05:00:00,911.31,25.1,62
2025-01-09 06:00:00,908.57,24.4,93
2025-01-09 07:00:00,1021.74,27.1,93
2025-01-09 08:00:00,1089.15,28.1,90
2025-01-09 09:00:00,1267.15,27.9,81
2025-01-09 10:00:00,1284.81,28.6,61
2025-01-09 11:00:00,1355.96,30.3,86
2025-01-09 12:00:00,1455.42,31.5,91
2025-01-09 13:00:00,1361.9,31.3,94
2025-01-09 14:00:00,1364.62,30.7,76
2025-01-09 15:00:00,1240.07,32.2,93
2025-01-09 16:00:00,1091.67,32.1,85
2025-01-09 17:00:00,929.4,31.0,69
2025-01-09 18:00:00,911.42,29.3,68
2025-01-09 19:00:00,867.03,29.7,84
2025-01-09 20:00:00,887.96,27.8,79
2025-01-09 21:00:00,910.93,25.5,74
2025-01-09 22:00:00,851.64,27.2,86
2025-01-09 23:00:00,922.61,25.6,70
2025-01-10 00:00:00,930.0,24.4,75
2025-01-10 01:00:00,933.23,22.3,89
2025-01-10 02:00:00,894.17,23.1,81
2025-01-10 03:00:00,788.46,26.6,83
2025-01-10 04:00:00,842.79,22.7,83
2025-01-10 05:00:00,824.16,24.9,77
2025-01-10 06:00:00,906.15,26.0,79
2025-01-10 07:00:00,1028.33,27.3,67
2025-01-10 08:00:00,1108.94,26.2,74
2025-01-10 09:00:00,1250.22,29.2,72
2025-01-10 10:00:00,1321.74,28.0,73
2025-01-10 11:00:00,1333.24,30.9,83
2025-01-10 12:00:00,1315.05,30.7,83
2025-01-10 13:00:00,1383.9,30.8,77
2025-01-10 14:00:00,1302.31,33.0,91
2025-01-10 15:00:00,1175.88,31.6,94
2025-01-10 16:00:00,1038.78,32.0,79
2025-01-10 17:00:00,968.37,31.4,91
2025-01-10 18:00:00,906.51,31.5,92
2025-01-10 19:00:00,888.0,27.6,60
2025-01-10 20:00:00,854.93,29.1,87
2025-01-10 21:00:00,912.84,27.0,86
2025-01-10 22:00:00,840.58,25.5,76
2025-01-10 23:00:00,926.62,23.8,74
2025-01-11 00:00:00,706.14,25.3,73
2025-01-11 01:00:00,721.24,23.0,90
2025-01-11 02:00:00,662.71,24.6,93
2025-01-11 03:00:00,695.23,26.4,62
2025-01-11 04:00:00,659.84,25.7,71
2025-01-11 05:00:00,642.1,26.8,85
2025-01-11 06:00:00,714.1,25.1,83
2025-01-11 07:00:00,786.92,27.9,93
2025-01-11 08:00:00,916.65,26.6,67
2025-01-11 09:00:00,970.02,28.8,71
2025-01-11 10:00:00,1110.02,32.1,68
2025-01-11 11:00:00,1193.78,30.1,85
2025-01-11 12:00:00,1205.71,32.8,78
2025-01-11 13:00:00,1227.1,33.1,80
2025-01-11 14:00:00,1138.16,33.3,72
2025-01-11 15:00:00,1011.08,30.3,94
2025-01-11 16:00:00,907.16,32.1,62
2025-01-11 17:00:00,805.71,30.6,84
2025-01-11 18:00:00,728.7,31.3,91
2025-01-11 19:00:00,602.06,27.0,80
2025-01-11 20:00:00,639.04,28.4,73
2025-01-11 21:00:00,605.87,27.2,90
2025-01-11 22:00:00,722.84,23.6,67
2025-01-11 23:00:00,694.92,24.1,66
2025-01-12 00:00:00,699.03,22.3,94
2025-01-12 01:00:00,729.64,23.3,78
2025-01-12 02:00:00,694.09,24.7,61
2025-01-12 03:00:00,619.54,24.4,64
2025-01-12 04:00:00,648.34,24.7,61
2025-01-12 05:00:00,655.47,23.9,77
2025-01-12 06:00:00,654.78,27.3,74
2025-01-12 07:00:00,772.46,26.9,75
2025-01-12 08:00:00,894.42,28.0,71
2025-01-12 09:00:00,1008.61,30.2,81
2025-01-12 10:00:00,1060.49,28.8,87
2025-01-12 11:00:00,1221.58,31.1,81
2025-01-12 12:00:00,1202.3,32.0,63
2025-01-12 13:00:00,1182.59,31.2,71
2025-01-12 14:00:00,1126.41,32.8,80
2025-01-12 15:00:00,985.08,32.4,86
2025-01-12 16:00:00,916.86,31.3,82
2025-01-12 17:00:00,783.83,30.7,86
2025-01-12 18:00:00,684.52,30.6,75
2025-01-12 19:00:00,687.35,30.0,91
2025-01-12 20:00:00,703.12,28.1,76
2025-01-12 21:00:00,684.51,28.3,77
2025-01-12 22:00:00,711.72,26.8,86
2025-01-12 23:00:00,680.15,23.0,66
2025-01-13 00:00:00,851.25,22.9,79
2025-01-13 01:00:00,951.77,25.6,94
2025-01-13 02:00:00,952.58,23.7,92
2025-01-13 03:00:00,914.41,24.3,85
2025-01-13 04:00:00,840.44,25.9,83
2025-01-13 05:00:00,828.16,25.2,83
2025-01-13 06:00:00,879.91,26.0,90
2025-01-13 07:00:00,939.06,25.9,86
2025-01-13 08:00:00,1098.46,28.4,68
2025-01-13 09:00:00,1270.2,29.7,61
2025-01-13 10:00:00,1308.78,29.3,65
2025-01-13 11:00:00,1393.22,29.7,90
2025-01-13 12:00:00,1455.38,34.6,84
2025-01-13 13:00:00,1368.51,31.8,75
2025-01-13 14:00:00,1385.0,31.2,65
2025-01-13 15:00:00,1283.76,32.7,82
2025-01-13 16:00:00,1097.67,31.4,64
2025-01-13 17:00:00,977.83,29.5,76
2025-01-13 18:00:00,941.68,30.6,68
2025-01-13 19:00:00,856.49,28.0,85
2025-01-13 20:00:00,811.8,29.9,72
2025-01-13 21:00:00,905.36,27.6,66
2025-01-13 22:00:00,923.36,25.7,77
2025-01-13 23:00:00,905.19,25.3,83
2025-01-14 00:00:00,864.39,25.6,91
2025-01-14 01:00:00,858.0,24.4,66
2025-01-14 02:00:00,885.85,26.5,79
2025-01-14 03:00:00,844.33,25.5,93
2025-01-14 04:00:00,841.67,25.1,78
2025-01-14 05:00:00,905.76,24.0,73
2025-01-14 06:00:00,944.28,25.8,91
2025-01-14 07:00:00,1047.64,27.5,68
2025-01-14 08:00:00,1068.96,27.0,85
2025-01-14 09:00:00,1203.4,30.6,79
2025-01-14 10:00:00,1341.71,28.8,88
2025-01-14 11:00:00,1399.74,30.1,75
2025-01-14 12:00:00,1462.29,30.8,90
2025-01-14 13:00:00,1398.78,32.8,83
2025-01-14 14:00:00,1379.86,31.0,89
2025-01-14 15:00:00,1234.35,29.7,67
2025-01-14 16:00:00,1140.85,32.8,85
2025-01-14 17:00:00,988.14,30.3,74
2025-01-14 18:00:00,919.19,28.7,69
2025-01-14 19:00:00,901.95,28.1,83
2025-01-14 20:00:00,910.16,30.1,67
2025-01-14 21:00:00,887.45,26.2,60
2025-01-14 22:00:00,879.3,25.9,69
2025-01-14 23:00:00,949.37,24.6,82
2025-01-15 00:00:00,833.33,23.1,69
2025-01-15 01:00:00,852.72,23.2,92
2025-01-15 02:00:00,907.42,22.4,90
2025-01-15 03:00:00,863.79,25.3,72
2025-01-15 04:00:00,876.27,24.7,94
2025-01-15 05:00:00,873.71,28.2,91
2025-01-15 06:00:00,940.07,25.1,81
2025-01-15 07:00:00,972.37,25.9,66
2025-01-15 08:00:00,1125.07,29.8,65
2025-01-15 09:00:00,1251.69,30.3,75
2025-01-15 10:00:00,1359.34,30.5,71
2025-01-15 11:00:00,1455.99,29.5,68
2025-01-15 12:00:00,1418.66,33.6,64
2025-01-15 13:00:00,1395.12,31.8,62
2025-01-15 14:00:00,1263.33,31.5,69
2025-01-15 15:00:00,1198.32,33.2,67
2025-01-15 16:00:00,1098.39,31.4,68
2025-01-15 17:00:00,1037.69,29.4,72
2025-01-15 18:00:00,898.77,30.0,78
2025-01-15 19:00:00,899.41,28.1,82
2025-01-15 20:00:00,855.11,24.4,83
2025-01-15 21:00:00,857.2,25.9,62
2025-01-15 22:00:00,892.38,25.4,92
2025-01-15 23:00:00,888.94,23.8,82
2025-01-16 00:00:00,896.55,25.2,73
2025-01-16 01:00:00,844.35,23.2,78
2025-01-16 02:00:00,876.39,24.6,92
2025-01-16 03:00:00,848.01,22.7,82
2025-01-16 04:00:00,838.53,25.6,86
2025-01-16 05:00:00,887.56,23.6,71
2025-01-16 06:00:00,944.65,23.2,66
2025-01-16 07:00:00,1010.52,28.4,77
2025-01-16 08:00:00,1141.45,27.0,75
2025-01-16 09:00:00,1238.54,31.1,73
2025-01-16 10:00:00,1307.8,30.7,80
2025-01-16 11:00:00,1370.83,31.8,86
2025-01-16 12:00:00,1422.58,32.7,84
2025-01-16 13:00:00,1407.13,32.0,74
2025-01-16 14:00:00,1367.08,32.1,69
2025-01-16 15:00:00,1260.12,33.4,89
2025-01-16 16:00:00,1087.71,31.6,68
2025-01-16 17:00:00,998.88,30.0,87
2025-01-16 18:00:00,945.15,30.7,77
2025-01-16 19:00:00,910.43,26.5,70
2025-01-16 20:00:00,889.54,29.6,61
2025-01-16 21:00:00,862.67,28.6,81
2025-01-16 22:00:00,841.29,27.4,82
2025-01-16 23:00:00,869.18,26.6,79
2025-01-17 00:00:00,922.67,24.4,88
2025-01-17 01:00:00,917.55,24.0,85
2025-01-17 02:00:00,848.18,22.5,71
2025-01-17 03:00:00,867.93,26.2,88
2025-01-17 04:00:00,880.24,24.0,78
2025-01-17 05:00:00,834.24,25.6,93
2025-01-17 06:00:00,961.84,26.3,86
2025-01-17 07:00:00,990.74,25.4,89
2025-01-17 08:00:00,1152.19,25.9,90
2025-01-17 09:00:00,1201.29,29.0,87
2025-01-17 10:00:00,1283.76,29.5,84
2025-01-17 11:00:00,1372.56,30.7,65
2025-01-17 12:00:00,1409.87,32.7,66
2025-01-17 13:00:00,1375.01,32.1,65
2025-01-17 14:00:00,1312.15,32.9,94
2025-01-17 15:00:00,1231.68,32.4,84
2025-01-17 16:00:00,1102.23,31.1,80
2025-01-17 17:00:00,1001.69,29.6,76
2025-01-17 18:00:00,863.41,30.3,85
2025-01-17 19:00:00,888.32,29.1,76
2025-01-17 20:00:00,855.12,29.1,66
2025-01-17 21:00:00,922.83,26.8,84
2025-01-17 22:00:00,853.86,25.6,93
2025-01-17 23:00:00,842.41,24.9,85
2025-01-18 00:00:00,736.37,23.4,65
2025-01-18 01:00:00,719.31,25.9,69
2025-01-18 02:00:00,652.95,25.4,76
2025-01-18 03:00:00,614.44,22.7,73
2025-01-18 04:00:00,713.57,25.5,62
2025-01-18 05:00:00,725.63,23.0,75
2025-01-18 06:00:00,637.71,27.2,64
2025-01-18 07:00:00,789.52,26.1,82
2025-01-18 08:00:00,968.03,28.4,86
2025-01-18 09:00:00,1004.9,26.7,64
2025-01-18 10:00:00,1104.13,28.6,77
2025-01-18 11:00:00,1180.31,31.4,71
2025-01-18 12:00:00,1175.57,30.6,80
2025-01-18 13:00:00,1130.55,30.9,66
2025-01-18 14:00:00,1158.16,33.7,76
2025-01-18 15:00:00,957.1,34.5,68
2025-01-18 16:00:00,918.48,32.6,83
2025-01-18 17:00:00,836.65,29.5,70
2025-01-18 18:00:00,674.05,32.1,84
2025-01-18 19:00:00,643.87,27.2,66
2025-01-18 20:00:00,702.31,27.6,76
2025-01-18 21:00:00,686.73,27.0,78
2025-01-18 22:00:00,666.75,28.3,80
2025-01-18 23:00:00,749.39,26.3,68
2025-01-19 00:00:00,758.62,24.0,67
2025-01-19 01:00:00,718.26,23.0,86
2025-01-19 02:00:00,658.39,25.2,82
2025-01-19 03:00:00,655.16,23.5,69
2025-01-19 04:00:00,671.44,24.8,61
2025-01-19 05:00:00,671.19,23.5,66
2025-01-19 06:00:00,759.29,26.7,61
2025-01-19 07:00:00,753.67,27.6,75
2025-01-19 08:00:00,859.14,26.5,65
2025-01-19 09:00:00,1029.55,30.3,75
2025-01-19 10:00:00,1105.75,30.7,84
2025-01-19 11:00:00,1169.91,31.7,69
2025-01-19 12:00:00,1154.58,31.0,68
2025-01-19 13:00:00,1192.55,32.1,91
2025-01-19 14:00:00,1121.13,32.1,91
2025-01-19 15:00:00,1046.13,31.7,61
2025-01-19 16:00:00,913.89,31.7,80
2025-01-19 17:00:00,802.63,32.3,62
2025-01-19 18:00:00,767.69,31.3,93
2025-01-19 19:00:00,631.94,27.6,88
2025-01-19 20:00:00,680.28,29.2,79
2025-01-19 21:00:00,611.24,28.4,82
2025-01-19 22:00:00,660.67,25.8,67
2025-01-19 23:00:00,666.52,25.8,73
2025-01-20 00:00:00,945.46,25.1,82
2025-01-20 01:00:00,908.25,23.1,86
2025-01-20 02:00:00,891.13,23.5,74
2025-01-20 03:00:00,832.6,25.0,94
2025-01-20 04:00:00,852.63,23.9,81
2025-01-20 05:00:00,852.77,26.3,74
2025-01-20 06:00:00,941.55,27.6,91
2025-01-20 07:00:00,974.23,28.3,77
2025-01-20 08:00:00,1159.68,30.4,90
2025-01-20 09:00:00,1166.28,28.9,84
2025-01-20 10:00:00,1296.43,30.2,69
2025-01-20 11:00:00,1452.26,31.2,73
2025-01-20 12:00:00,1402.93,31.4,85
2025-01-20 13:00:00,1347.55,32.5,78
2025-01-20 14:00:00,1332.35,29.9,89
2025-01-20 15:00:00,1208.32,32.1,71
2025-01-20 16:00:00,1083.93,29.8,90
2025-01-20 17:00:00,970.62,29.7,77
2025-01-20 18:00:00,1025.09,30.9,61
2025-01-20 19:00:00,870.77,28.8,73
2025-01-20 20:00:00,795.81,28.8,79
2025-01-20 21:00:00,923.72,26.7,79
2025-01-20 22:00:00,913.1,27.3,93
2025-01-20 23:00:00,883.84,24.9,93
2025-01-21 00:00:00,887.18,22.2,62
2025-01-21 01:00:00,935.86,24.4,94
2025-01-21 02:00:00,884.7,21.4,92
2025-01-21 03:00:00,805.67,22.4,78
2025-01-21 04:00:00,927.42,23.5,90
2025-01-21 05:00:00,866.05,24.0,81
2025-01-21 06:00:00,982.22,25.3,86
2025-01-21 07:00:00,1055.41,25.7,87
2025-01-21 08:00:00,1079.85,26.3,80
2025-01-21 09:00:00,1262.83,30.9,79
2025-01-21 10:00:00,1303.6,29.2,72
2025-01-21 11:00:00,1329.97,28.2,88
2025-01-21 12:00:00,1405.05,31.0,80
2025-01-21 13:00:00,1409.24,30.5,92
2025-01-21 14:00:00,1310.23,30.9,91
2025-01-21 15:00:00,1215.96,32.7,87
2025-01-21 16:00:00,1154.96,30.9,73
2025-01-21 17:00:00,1014.45,29.4,81
2025-01-21 18:00:00,900.43,30.5,93
2025-01-21 19:00:00,905.89,30.4,76
2025-01-21 20:00:00,871.87,28.6,92
2025-01-21 21:00:00,784.93,24.0,92
2025-01-21 22:00:00,908.45,24.7,85
2025-01-21 23:00:00,926.13,25.2,66
2025-01-22 00:00:00,922.34,24.2,84
2025-01-22 01:00:00,945.29,23.7,89
2025-01-22 02:00:00,871.6,22.8,92
2025-01-22 03:00:00,886.65,22.4,87
2025-01-22 04:00:00,811.81,26.9,77
2025-01-22 05:00:00,897.28,25.2,69
2025-01-22 06:00:00,1000.02,26.8,61
2025-01-22 07:00:00,977.63,27.0,73
2025-01-22 08:00:00,1090.09,28.1,72
2025-01-22 09:00:00,1203.61,29.0,60
2025-01-22 10:00:00,1332.75,28.7,91
2025-01-22 11:00:00,1359.89,29.0,84
2025-01-22 12:00:00,1436.44,31.9,69
2025-01-22 13:00:00,1426.75,32.1,74
2025-01-22 14:00:00,1346.92,33.1,88
2025-01-22 15:00:00,1166.6,32.7,76
2025-01-22 16:00:00,1151.55,30.5,82
2025-01-22 17:00:00,1045.32,32.2,66
2025-01-22 18:00:00,960.79,30.9,65
2025-01-22 19:00:00,896.16,29.9,61
2025-01-22 20:00:00,874.45,30.7,91
2025-01-22 21:00:00,911.11,29.4,64
2025-01-22 22:00:00,962.57,26.8,78
2025-01-22 23:00:00,880.85,25.8,61
2025-01-23 00:00:00,961.2,25.8,82
2025-01-23 01:00:00,912.9,23.4,63
2025-01-23 02:00:00,892.44,23.3,63
2025-01-23 03:00:00,822.93,24.9,70
2025-01-23 04:00:00,858.53,23.5,79
2025-01-23 05:00:00,849.97,25.9,73
2025-01-23 06:00:00,917.27,26.2,94
2025-01-23 07:00:00,975.86,25.9,73
2025-01-23 08:00:00,1102.8,28.0,62
2025-01-23 09:00:00,1216.08,30.6,74
2025-01-23 10:00:00,1333.42,30.1,80
2025-01-23 11:00:00,1342.42,30.9,61
2025-01-23 12:00:00,1372.95,31.9,80
2025-01-23 13:00:00,1411.62,32.4,69
2025-01-23 14:00:00,1302.15,31.6,86
2025-01-23 15:00:00,1267.94,32.3,78
2025-01-23 16:00:00,1126.45,30.2,71
2025-01-23 17:00:00,1035.59,29.9,75
2025-01-23 18:00:00,982.95,29.2,67
2025-01-23 19:00:00,874.11,29.6,84
2025-01-23 20:00:00,848.48,28.2,83
2025-01-23 21:00:00,907.32,26.8,77
2025-01-23 22:00:00,914.92,26.8,80
2025-01-23 23:00:00,909.49,25.6,67
2025-01-24 00:00:00,974.05,24.2,78
2025-01-24 01:00:00,910.37,22.9,89
2025-01-24 02:00:00,900.0,23.0,86
2025-01-24 03:00:00,879.34,22.4,85
2025-01-24 04:00:00,837.66,24.7,79
2025-01-24 05:00:00,889.47,24.1,73
2025-01-24 06:00:00,984.27,25.4,92
2025-01-24 07:00:00,1031.75,26.8,68
2025-01-24 08:00:00,1121.48,29.3,82
2025-01-24 09:00:00,1226.52,30.1,89
2025-01-24 10:00:00,1343.5,29.9,87
2025-01-24 11:00:00,1427.06,32.3,90
2025-01-24 12:00:00,1446.74,29.0,85
2025-01-24 13:00:00,1389.22,34.1,70
2025-01-24 14:00:00,1343.31,32.8,71
2025-01-24 15:00:00,1249.01,32.0,61
2025-01-24 16:00:00,1085.19,30.4,63
2025-01-24 17:00:00,1022.12,30.3,91
2025-01-24 18:00:00,859.81,30.7,93
2025-01-24 19:00:00,903.72,29.8,64
2025-01-24 20:00:00,893.58,28.8,64
2025-01-24 21:00:00,904.86,26.1,63
2025-01-24 22:00:00,885.14,24.9,71
2025-01-24 23:00:00,928.74,25.4,94
2025-01-25 00:00:00,777.12,25.5,93
2025-01-25 01:00:00,769.21,24.1,87
2025-01-25 02:00:00,699.76,25.8,66
2025-01-25 03:00:00,685.39,24.2,70
2025-01-25 04:00:00,711.18,24.5,91
2025-01-25 05:00:00,636.15,26.0,91
2025-01-25 06:00:00,726.0,27.5,90
2025-01-25 07:00:00,864.84,25.3,79
2025-01-25 08:00:00,956.46,26.7,65
2025-01-25 09:00:00,1047.03,28.7,77
2025-01-25 10:00:00,1081.14,33.8,80
2025-01-25 11:00:00,1201.0,30.5,62
2025-01-25 12:00:00,1206.7,31.3,87
2025-01-25 13:00:00,1214.34,32.6,87
2025-01-25 14:00:00,1105.54,33.2,91
2025-01-25 15:00:00,998.24,32.1,83
2025-01-25 16:00:00,850.1,32.9,66
2025-01-25 17:00:00,860.92,29.4,78
2025-01-25 18:00:00,723.39,29.1,60
2025-01-25 19:00:00,694.26,30.4,92
2025-01-25 20:00:00,672.31,28.0,92
2025-01-25 21:00:00,643.26,25.4,70
2025-01-25 22:00:00,656.83,24.4,82
2025-01-25 23:00:00,684.66,24.2,87
2025-01-26 00:00:00,703.94,24.5,76
2025-01-26 01:00:00,734.52,24.7,69
2025-01-26 02:00:00,674.9,23.6,67
2025-01-26 03:00:00,743.61,24.6,68
2025-01-26 04:00:00,710.22,24.0,78
2025-01-26 05:00:00,718.94,26.6,67
2025-01-26 06:00:00,735.09,29.1,64
2025-01-26 07:00:00,873.07,26.5,73
2025-01-26 08:00:00,916.66,28.6,92
2025-01-26 09:00:00,1034.98,29.5,71
2025-01-26 10:00:00,1141.76,30.2,62
2025-01-26 11:00:00,1229.28,31.6,88
2025-01-26 12:00:00,1251.61,32.0,81
2025-01-26 13:00:00,1188.1,31.3,93
2025-01-26 14:00:00,1117.18,33.6,65
2025-01-26 15:00:00,1058.51,32.1,94
2025-01-26 16:00:00,949.37,31.0,75
2025-01-26 17:00:00,806.36,33.8,90
2025-01-26 18:00:00,683.8,29.9,74
2025-01-26 19:00:00,683.47,29.3,60
2025-01-26 20:00:00,696.18,28.2,79
2025-01-26 21:00:00,745.78,26.8,82
2025-01-26 22:00:00,660.94,26.5,79
2025-01-26 23:00:00,706.89,24.2,91
2025-01-27 00:00:00,917.63,25.3,84
2025-01-27 01:00:00,971.16,22.0,67
2025-01-27 02:00:00,903.54,22.4,92
2025-01-27 03:00:00,852.74,26.3,89
2025-01-27 04:00:00,895.84,23.0,62
2025-01-27 05:00:00,878.5,22.8,83
2025-01-27 06:00:00,898.44,24.5,71
2025-01-27 07:00:00,990.83,29.1,90
2025-01-27 08:00:00,1187.0,25.8,66
2025-01-27 09:00:00,1251.53,27.9,76
2025-01-27 10:00:00,1341.59,28.3,69
2025-01-27 11:00:00,1397.98,30.5,74
2025-01-27 12:00:00,1441.55,30.9,80
2025-01-27 13:00:00,1416.54,31.3,80
2025-01-27 14:00:00,1348.07,34.2,88
2025-01-27 15:00:00,1242.14,30.4,60
2025-01-27 16:00:00,1156.76,31.3,80
2025-01-27 17:00:00,1022.95,31.2,64
2025-01-27 18:00:00,907.13,28.8,74
2025-01-27 19:00:00,871.3,29.6,85
2025-01-27 20:00:00,807.11,27.5,70
2025-01-27 21:00:00,955.54,27.4,80
2025-01-27 22:00:00,935.07,25.9,65
2025-01-27 23:00:00,894.78,22.7,63
2025-01-28 00:00:00,923.45,26.1,80
2025-01-28 01:00:00,903.47,26.6,76
2025-01-28 02:00:00,960.81,23.8,90
2025-01-28 03:00:00,836.86,23.1,82
2025-01-28 04:00:00,882.34,26.3,91
2025-01-28 05:00:00,890.91,27.4,93
2025-01-28 06:00:00,972.29,25.8,65
2025-01-28 07:00:00,1020.49,26.7,81
2025-01-28 08:00:00,1066.82,27.9,92
2025-01-28 09:00:00,1231.35,27.0,70
2025-01-28 10:00:00,1305.85,29.7,82
2025-01-28 11:00:00,1411.56,32.9,87
2025-01-28 12:00:00,1483.58,31.3,78
2025-01-28 13:00:00,1347.91,30.6,72
2025-01-28 14:00:00,1311.89,32.6,72
2025-01-28 15:00:00,1220.83,31.1,67
2025-01-28 16:00:00,1115.05,31.4,72
2025-01-28 17:00:00,1050.09,29.3,94
2025-01-28 18:00:00,937.34,28.8,86
2025-01-28 19:00:00,909.35,29.9,70
2025-01-28 20:00:00,856.52,28.1,80
2025-01-28 21:00:00,894.7,26.0,67
2025-01-28 22:00:00,934.15,26.1,85
2025-01-28 23:00:00,900.25,24.4,89
2025-01-29 00:00:00,962.75,23.6,81
2025-01-29 01:00:00,929.69,25.5,69
2025-01-29 02:00:00,945.5,24.9,85
2025-01-29 03:00:00,881.6,24.1,86
2025-01-29 04:00:00,893.77,24.7,81
2025-01-29 05:00:00,895.39,25.2,72
2025-01-29 06:00:00,942.07,26.6,66
2025-01-29 07:00:00,1035.29,26.0,71
2025-01-29 08:00:00,1149.24,29.0,72
2025-01-29 09:00:00,1198.5,29.5,71
2025-01-29 10:00:00,1392.15,29.7,71
2025-01-29 11:00:00,1345.79,30.2,62
2025-01-29 12:00:00,1411.51,32.5,67
2025-01-29 13:00:00,1407.59,31.7,90
2025-01-29 14:00:00,1356.43,31.2,72
2025-01-29 15:00:00,1297.44,31.4,67
2025-01-29 16:00:00,1065.46,32.4,83
2025-01-29 17:00:00,1008.52,28.9,87
2025-01-29 18:00:00,871.07,29.6,63
2025-01-29 19:00:00,897.99,30.3,75
2025-01-29 20:00:00,890.03,27.8,77
2025-01-29 21:00:00,944.43,27.3,63
2025-01-29 22:00:00,913.25,27.3,92
2025-01-29 23:00:00,964.52,26.2,86
2025-01-30 00:00:00,957.98,24.0,63
2025-01-30 01:00:00,914.76,24.0,72
2025-01-30 02:00:00,861.74,25.1,73
2025-01-30 03:00:00,900.41,25.3,65
2025-01-30 04:00:00,830.34,24.4,73
2025-01-30 05:00:00,944.28,25.1,62
2025-01-30 06:00:00,941.91,26.3,84
2025-01-30 07:00:00,1070.2,28.6,93
2025-01-30 08:00:00,1115.78,29.3,65
2025-01-30 09:00:00,1253.78,29.9,60
2025-01-30 10:00:00,1351.43,28.7,67
2025-01-30 11:00:00,1411.43,30.5,76
2025-01-30 12:00:00,1422.47,31.2,72
2025-01-30 13:00:00,1426.76,33.6,78
2025-01-30 14:00:00,1311.71,31.7,94
2025-01-30 15:00:00,1202.08,33.4,92
2025-01-30 16:00:00,1176.13,30.8,92
2025-01-30 17:00:00,1053.87,30.2,68
2025-01-30 18:00:00,949.95,30.6,60
2025-01-30 19:00:00,957.3,30.9,61
2025-01-30 20:00:00,873.29,27.7,69
2025-01-30 21:00:00,937.18,23.9,82
2025-01-30 22:00:00,917.31,24.1,68
2025-01-30 23:00:00,894.25,25.5,70
2025-01-31 00:00:00,1004.4,22.8,94
2025-01-31 01:00:00,966.84,23.1,72
2025-01-31 02:00:00,908.99,24.0,78
2025-01-31 03:00:00,918.41,21.2,94
2025-01-31 04:00:00,870.61,24.1,89
2025-01-31 05:00:00,930.14,23.8,77
2025-01-31 06:00:00,866.07,24.2,71
2025-01-31 07:00:00,994.85,26.0,71
2025-01-31 08:00:00,1169.04,26.7,80
2025-01-31 09:00:00,1237.81,29.6,71
2025-01-31 10:00:00,1353.55,31.4,87
2025-01-31 11:00:00,1368.05,30.4,88
2025-01-31 12:00:00,1504.46,30.7,63
2025-01-31 13:00:00,1456.87,31.4,90
2025-01-31 14:00:00,1339.28,30.7,83
2025-01-31 15:00:00,1232.42,30.3,77
2025-01-31 16:00:00,1170.85,29.5,85
2025-01-31 17:00:00,1099.99,29.2,79
2025-01-31 18:00:00,983.2,32.0,67
2025-01-31 19:00:00,977.21,28.2,92
2025-01-31 20:00:00,852.55,24.5,63
2025-01-31 21:00:00,864.38,26.3,81
2025-01-31 22:00:00,871.73,24.1,90
2025-01-31 23:00:00,947.75,25.2,67
2025-02-01 00:00:00,748.08,24.5,68
2025-02-01 01:00:00,729.07,24.2,77
2025-02-01 02:00:00,743.77,24.0,94
2025-02-01 03:00:00,738.31,23.7,83
2025-02-01 04:00:00,633.56,22.8,76
2025-02-01 05:00:00,682.44,25.1,60
2025-02-01 06:00:00,780.68,27.2,74
2025-02-01 07:00:00,816.39,29.1,72
2025-02-01 08:00:00,909.05,27.7,82
2025-02-01 09:00:00,1084.41,28.9,88
2025-02-01 10:00:00,1103.37,30.6,90
2025-02-01 11:00:00,1206.85,32.6,87
2025-02-01 12:00:00,1253.51,30.9,91
2025-02-01 13:00:00,1197.33,32.7,66
2025-02-01 14:00:00,1175.93,31.0,73
2025-02-01 15:00:00,1028.89,32.3,73
2025-02-01 16:00:00,986.33,32.6,91
2025-02-01 17:00:00,828.41,29.3,68
2025-02-01 18:00:00,775.53,29.4,65
2025-02-01 19:00:00,729.53,30.2,74
2025-02-01 20:00:00,665.09,28.7,89
2025-02-01 21:00:00,623.41,28.2,89
2025-02-01 22:00:00,728.18,27.0,75
2025-02-01 23:00:00,737.04,24.8,82
2025-02-02 00:00:00,763.65,27.2,90
2025-02-02 01:00:00,728.71,24.3,71
2025-02-02 02:00:00,702.63,20.3,80
2025-02-02 03:00:00,767.73,23.8,62
2025-02-02 04:00:00,637.68,24.0,62
2025-02-02 05:00:00,731.28,26.1,81
2025-02-02 06:00:00,734.12,25.5,80
2025-02-02 07:00:00,823.26,28.3,75
2025-02-02 08:00:00,928.14,28.7,77
2025-02-02 09:00:00,1022.9,27.8,63
2025-02-02 10:00:00,1170.75,29.8,79
2025-02-02 11:00:00,1268.33,29.9,72
2025-02-02 12:00:00,1260.71,31.7,90
2025-02-02 13:00:00,1223.29,30.9,61
2025-02-02 14:00:00,1116.25,32.1,89
2025-02-02 15:00:00,1069.14,31.5,90
2025-02-02 16:00:00,1014.76,31.3,87
2025-02-02 17:00:00,821.75,33.3,68
2025-02-02 18:00:00,741.14,29.6,70
2025-02-02 19:00:00,686.04,26.7,94
2025-02-02 20:00:00,672.18,29.2,76
2025-02-02 21:00:00,601.45,28.2,85
2025-02-02 22:00:00,731.99,23.6,63
2025-02-02 23:00:00,707.17,24.3,92
2025-02-03 00:00:00,890.13,25.1,76
2025-02-03 01:00:00,965.3,24.8,67
2025-02-03 02:00:00,882.12,24.0,85
2025-02-03 03:00:00,887.87,24.2,79
2025-02-03 04:00:00,942.84,23.4,92
2025-02-03 05:00:00,858.57,22.3,76
2025-02-03 06:00:00,902.88,28.5,68
2025-02-03 07:00:00,1046.74,25.8,79
2025-02-03 08:00:00,1181.77,28.2,67
2025-02-03 09:00:00,1198.21,28.8,65
2025-02-03 10:00:00,1367.32,31.1,68
2025-02-03 11:00:00,1442.29,31.0,70
2025-02-03 12:00:00,1374.49,31.6,64
2025-02-03 13:00:00,1449.91,28.7,67
2025-02-03 14:00:00,1383.76,31.0,94
2025-02-03 15:00:00,1242.44,32.8,84
2025-02-03 16:00:00,1185.41,32.2,65
2025-02-03 17:00:00,1077.14,29.7,83
2025-02-03 18:00:00,960.2,28.1,80
2025-02-03 19:00:00,892.17,29.2,77
2025-02-03 20:00:00,857.55,24.5,60
2025-02-03 21:00:00,898.52,25.6,88
2025-02-03 22:00:00,940.05,28.1,76
2025-02-03 23:00:00,927.71,26.9,64
2025-02-04 00:00:00,871.91,25.1,65
2025-02-04 01:00:00,985.67,24.5,67
2025-02-04 02:00:00,928.98,21.7,84
2025-02-04 03:00:00,888.77,23.2,78
2025-02-04 04:00:00,923.84,24.2,68
2025-02-04 05:00:00,963.58,24.3,87
2025-02-04 06:00:00,860.79,25.6,90
2025-02-04 07:00:00,1054.84,28.5,60
2025-02-04 08:00:00,1093.93,27.3,69
2025-02-04 09:00:00,1273.12,28.6,81
2025-02-04 10:00:00,1359.86,30.9,60
2025-02-04 11:00:00,1446.54,29.1,72
2025-02-04 12:00:00,1431.41,30.5,73
2025-02-04 13:00:00,1358.74,31.0,82
2025-02-04 14:00:00,1339.64,32.1,87
2025-02-04 15:00:00,1269.92,31.4,88
2025-02-04 16:00:00,1179.45,31.1,92
2025-02-04 17:00:00,998.68,30.0,61
2025-02-04 18:00:00,994.87,28.7,92
2025-02-04 19:00:00,887.63,29.8,83
2025-02-04 20:00:00,906.62,27.6,71
2025-02-04 21:00:00,884.32,27.7,87
2025-02-04 22:00:00,928.82,24.7,94
2025-02-04 23:00:00,972.61,24.4,69
2025-02-05 00:00:00,908.24,24.3,93
2025-02-05 01:00:00,919.84,24.0,64
2025-02-05 02:00:00,931.17,24.9,77
2025-02-05 03:00:00,988.49,23.6,65
2025-02-05 04:00:00,866.0,25.4,70
2025-02-05 05:00:00,984.0,25.6,60
2025-02-05 06:00:00,1031.38,25.9,82
2025-02-05 07:00:00,1038.61,25.8,63
2025-02-05 08:00:00,1135.8,28.9,66
2025-02-05 09:00:00,1233.8,27.9,76
2025-02-05 10:00:00,1355.37,30.0,70
2025-02-05 11:00:00,1377.42,30.8,86
2025-02-05 12:00:00,1448.59,31.2,71
2025-02-05 13:00:00,1479.06,31.4,93
2025-02-05 14:00:00,1336.39,31.0,67
2025-02-05 15:00:00,1249.63,29.9,82
2025-02-05 16:00:00,1086.74,33.1,85
2025-02-05 17:00:00,1055.16,30.2,93
2025-02-05 18:00:00,970.55,29.8,91
2025-02-05 19:00:00,914.9,28.9,65
2025-02-05 20:00:00,888.72,29.3,60
2025-02-05 21:00:00,894.29,29.3,63
2025-02-05 22:00:00,942.38,26.2,84
2025-02-05 23:00:00,942.75,25.0,67
2025-02-06 00:00:00,964.62,23.2,79
2025-02-06 01:00:00,953.57,22.4,73
2025-02-06 02:00:00,966.42,21.9,92
2025-02-06 03:00:00,930.53,23.2,62
2025-02-06 04:00:00,905.37,22.0,74
2025-02-06 05:00:00,968.14,26.5,86
2025-02-06 06:00:00,978.34,26.5,78
2025-02-06 07:00:00,1090.09,26.7,60
2025-02-06 08:00:00,1169.89,29.3,94
2025-02-06 09:00:00,1195.96,27.7,92
2025-02-06 10:00:00,1405.83,29.0,76
2025-02-06 11:00:00,1433.79,28.5,72
2025-02-06 12:00:00,1451.85,32.4,71
2025-02-06 13:00:00,1438.92,30.9,85
2025-02-06 14:00:00,1348.11,32.0,86
2025-02-06 15:00:00,1268.4,33.1,83
2025-02-06 16:00:00,1127.97,33.1,76
2025-02-06 17:00:00,1089.07,30.8,70
2025-02-06 18:00:00,959.72,30.5,81
2025-02-06 19:00:00,901.69,28.0,67
2025-02-06 20:00:00,866.34,30.0,91
2025-02-06 21:00:00,916.35,26.8,88
2025-02-06 22:00:00,933.76,26.1,91
2025-02-06 23:00:00,959.76,24.7,64
2025-02-07 00:00:00,920.09,26.0,72
2025-02-07 01:00:00,892.44,24.4,84
2025-02-07 02:00:00,951.44,24.9,69
2025-02-07 03:00:00,961.24,24.6,85
2025-02-07 04:00:00,865.14,24.3,85
2025-02-07 05:00:00,973.07,26.3,80
2025-02-07 06:00:00,976.01,26.4,82
2025-02-07 07:00:00,1046.61,25.8,71
2025-02-07 08:00:00,1137.17,26.8,84
2025-02-07 09:00:00,1214.41,29.2,71
2025-02-07 10:00:00,1397.17,31.1,91
2025-02-07 11:00:00,1404.36,32.8,77
2025-02-07 12:00:00,1428.81,29.3,79
2025-02-07 13:00:00,1466.23,31.9,61
2025-02-07 14:00:00,1296.72,32.6,92
2025-02-07 15:00:00,1209.58,32.2,76
2025-02-07 16:00:00,1150.5,32.7,89
2025-02-07 17:00:00,1057.18,31.6,68
2025-02-07 18:00:00,983.11,28.8,90
2025-02-07 19:00:00,906.96,27.8,80
2025-02-07 20:00:00,989.72,28.4,81
2025-02-07 21:00:00,901.41,28.2,76
2025-02-07 22:00:00,921.58,26.2,62
2025-02-07 23:00:00,920.72,23.3,91
2025-02-08 00:00:00,762.85,23.3,92
2025-02-08 01:00:00,772.49,25.0,69
2025-02-08 02:00:00,774.15,23.6,64
2025-02-08 03:00:00,659.63,24.3,63
2025-02-08 04:00:00,694.93,25.8,91
2025-02-08 05:00:00,735.55,23.7,79
2025-02-08 06:00:00,789.1,25.5,68
2025-02-08 07:00:00,849.57,26.3,74
2025-02-08 08:00:00,972.55,28.4,67
2025-02-08 09:00:00,1037.03,30.0,93
2025-02-08 10:00:00,1219.61,28.2,89
2025-02-08 11:00:00,1268.73,30.8,69
2025-02-08 12:00:00,1211.51,32.5,73
2025-02-08 13:00:00,1196.37,29.6,93
2025-02-08 14:00:00,1128.46,31.9,81
2025-02-08 15:00:00,1089.11,30.4,72
2025-02-08 16:00:00,908.64,30.7,88
2025-02-08 17:00:00,837.81,27.8,88
2025-02-08 18:00:00,784.53,31.7,66
2025-02-08 19:00:00,717.68,28.6,65
2025-02-08 20:00:00,712.69,27.0,94
2025-02-08 21:00:00,674.56,27.4,63
2025-02-08 22:00:00,752.96,24.7,73
2025-02-08 23:00:00,729.63,23.8,65
2025-02-09 00:00:00,749.67,26.3,76
2025-02-09 01:00:00,761.8,26.3,83
2025-02-09 02:00:00,738.14,23.3,72
2025-02-09 03:00:00,715.11,25.4,71
2025-02-09 04:00:00,679.78,25.0,88
2025-02-09 05:00:00,711.95,23.5,83
2025-02-09 06:00:00,771.14,24.9,93
2025-02-09 07:00:00,803.72,28.8,73
2025-02-09 08:00:00,939.89,26.3,86
2025-02-09 09:00:00,1081.43,31.8,64
2025-02-09 10:00:00,1122.88,29.3,68
2025-02-09 11:00:00,1276.98,32.7,75
2025-02-09 12:00:00,1305.53,31.1,72
2025-02-09 13:00:00,1192.93,32.8,74
2025-02-09 14:00:00,1215.13,33.7,84
2025-02-09 15:00:00,1062.87,33.5,75
2025-02-09 16:00:00,970.77,30.8,90
2025-02-09 17:00:00,834.52,29.8,92
2025-02-09 18:00:00,803.44,29.9,79
2025-02-09 19:00:00,736.72,27.5,85
2025-02-09 20:00:00,677.65,28.3,94
2025-02-09 21:00:00,673.59,26.0,66
2025-02-09 22:00:00,683.54,27.3,90
2025-02-09 23:00:00,760.18,24.5,76
2025-02-10 00:00:00,983.61,22.4,67
2025-02-10 01:00:00,978.81,25.8,82
2025-02-10 02:00:00,932.95,24.2,77
2025-02-10 03:00:00,876.32,24.2,71
2025-02-10 04:00:00,884.73,25.8,89
2025-02-10 05:00:00,965.31,26.2,74
2025-02-10 06:00:00,956.65,25.1,77
2025-02-10 07:00:00,1059.42,26.4,84
2025-02-10 08:00:00,1120.97,26.7,72
2025-02-10 09:00:00,1282.18,27.3,83
2025-02-10 10:00:00,1354.12,30.7,76
2025-02-10 11:00:00,1475.68,31.3,60
2025-02-10 12:00:00,1490.72,32.4,86
2025-02-10 13:00:00,1421.7,33.4,79
2025-02-10 14:00:00,1365.73,32.9,77
2025-02-10 15:00:00,1251.15,32.9,68
2025-02-10 16:00:00,1108.99,29.0,69
2025-02-10 17:00:00,1024.44,30.5,84
2025-02-10 18:00:00,980.62,31.2,60
2025-02-10 19:00:00,936.44,27.6,77
2025-02-10 20:00:00,913.89,28.1,74
2025-02-10 21:00:00,906.36,27.6,92
2025-02-10 22:00:00,969.85,26.5,81
2025-02-10 23:00:00,958.37,25.6,83
2025-02-11 00:00:00,990.77,25.3,60
2025-02-11 01:00:00,896.52,24.4,70
2025-02-11 02:00:00,802.38,22.2,85
2025-02-11 03:00:00,929.33,24.7,85
2025-02-11 04:00:00,861.31,24.9,65
2025-02-11 05:00:00,920.12,23.4,92
2025-02-11 06:00:00,965.62,27.7,73
2025-02-11 07:00:00,1112.54,27.6,83
2025-02-11 08:00:00,1175.2,26.3,76
2025-02-11 09:00:00,1278.79,28.1,73
2025-02-11 10:00:00,1402.01,29.3,78
2025-02-11 11:00:00,1454.52,30.2,67
2025-02-11 12:00:00,1450.2,31.8,82
2025-02-11 13:00:00,1479.13,30.7,61
2025-02-11 14:00:00,1333.9,33.4,62
2025-02-11 15:00:00,1284.33,33.1,72
2025-02-11 16:00:00,1107.08,32.2,64
2025-02-11 17:00:00,1064.17,30.9,77
2025-02-11 18:00:00,983.01,31.1,60
2025-02-11 19:00:00,986.31,28.7,80
2025-02-11 20:00:00,856.49,27.1,78
2025-02-11 21:00:00,898.47,28.4,93
2025-02-11 22:00:00,968.57,26.4,61
2025-02-11 23:00:00,970.46,24.4,79
2025-02-12 00:00:00,975.08,24.0,90
2025-02-12 01:00:00,927.75,23.3,72
2025-02-12 02:00:00,921.59,26.4,73
2025-02-12 03:00:00,965.58,24.1,71
2025-02-12 04:00:00,911.99,24.7,72
2025-02-12 05:00:00,943.3,26.0,83
2025-02-12 06:00:00,974.77,24.5,90
2025-02-12 07:00:00,1018.18,28.3,73
2025-02-12 08:00:00,1196.5,27.3,89
2025-02-12 09:00:00,1293.21,31.2,86
2025-02-12 10:00:00,1456.03,29.6,65
2025-02-12 11:00:00,1408.69,32.1,65
2025-02-12 12:00:00,1497.62,28.5,74
2025-02-12 13:00:00,1398.34,30.5,83
2025-02-12 14:00:00,1380.86,31.6,72
2025-02-12 15:00:00,1309.81,29.4,66
2025-02-12 16:00:00,1091.33,32.2,80
2025-02-12 17:00:00,1052.47,31.2,73
2025-02-12 18:00:00,959.16,28.8,62
2025-02-12 19:00:00,905.68,29.0,94
2025-02-12 20:00:00,927.36,29.0,71
2025-02-12 21:00:00,961.33,24.4,80
2025-02-12 22:00:00,937.72,24.5,79
2025-02-12 23:00:00,968.53,24.8,86
2025-02-13 00:00:00,975.41,24.6,64
2025-02-13 01:00:00,963.92,24.1,70
2025-02-13 02:00:00,906.79,25.1,65
2025-02-13 03:00:00,963.45,24.7,64
2025-02-13 04:00:00,926.76,25.4,81
2025-02-13 05:00:00,946.63,23.5,60
2025-02-13 06:00:00,953.22,26.2,79
2025-02-13 07:00:00,1046.16,26.6,83
2025-02-13 08:00:00,1160.29,29.8,79
2025-02-13 09:00:00,1224.54,29.2,88
2025-02-13 10:00:00,1318.89,29.2,83
2025-02-13 11:00:00,1425.85,31.9,67
2025-02-13 12:00:00,1489.77,32.1,93
2025-02-13 13:00:00,1424.03,30.9,81
2025-02-13 14:00:00,1342.34,31.6,92
2025-02-13 15:00:00,1249.76,31.5,89
2025-02-13 16:00:00,1150.56,32.9,65
2025-02-13 17:00:00,1049.9,31.1,72
2025-02-13 18:00:00,1057.31,30.9,78
2025-02-13 19:00:00,969.8,28.4,85
2025-02-13 20:00:00,952.39,28.4,76
2025-02-13 21:00:00,965.65,28.5,86
2025-02-13 22:00:00,910.07,25.6,83
2025-02-13 23:00:00,921.2,25.3,73
2025-02-14 00:00:00,935.34,22.9,62
2025-02-14 01:00:00,1013.24,23.2,64
2025-02-14 02:00:00,928.44,23.6,73
2025-02-14 03:00:00,883.53,22.9,67
2025-02-14 04:00:00,904.02,26.1,84
2025-02-14 05:00:00,927.13,24.2,74
2025-02-14 06:00:00,993.51,26.9,62
2025-02-14 07:00:00,1073.69,27.2,70
2025-02-14 08:00:00,1140.14,28.0,68
2025-02-14 09:00:00,1304.91,30.8,63
2025-02-14 10:00:00,1358.28,27.3,74
2025-02-14 11:00:00,1444.08,30.6,86
2025-02-14 12:00:00,1498.19,30.2,90
2025-02-14 13:00:00,1427.1,29.5,75
2025-02-14 14:00:00,1360.74,30.6,91
2025-02-14 15:00:00,1301.66,31.9,93
2025-02-14 16:00:00,1139.15,30.6,65
2025-02-14 17:00:00,1051.5,31.9,64
2025-02-14 18:00:00,1003.64,29.7,83
2025-02-14 19:00:00,1007.46,28.6,78
2025-02-14 20:00:00,940.39,27.6,89
2025-02-14 21:00:00,943.97,26.8,71
2025-02-14 22:00:00,966.28,25.5,64
2025-02-14 23:00:00,929.1,24.2,87
2025-02-15 00:00:00,780.84,25.7,93
2025-02-15 01:00:00,768.19,23.4,71
2025-02-15 02:00:00,761.55,23.5,82
2025-02-15 03:00:00,734.11,24.7,64
2025-02-15 04:00:00,735.1,24.9,75
2025-02-15 05:00:00,727.29,24.1,68
2025-02-15 06:00:00,788.87,26.9,92
2025-02-15 07:00:00,824.64,27.6,92
2025-02-15 08:00:00,960.64,28.2,60
2025-02-15 09:00:00,1132.3,28.5,68
2025-02-15 10:00:00,1194.51,29.5,77
2025-02-15 11:00:00,1251.52,30.6,80
2025-02-15 12:00:00,1343.22,30.0,73
2025-02-15 13:00:00,1204.64,31.8,65
2025-02-15 14:00:00,1144.54,33.1,62
2025-02-15 15:00:00,1143.6,32.9,77
2025-02-15 16:00:00,973.49,31.0,79
2025-02-15 17:00:00,859.18,32.1,88
2025-02-15 18:00:00,744.92,32.3,75
2025-02-15 19:00:00,753.94,28.7,63
2025-02-15 20:00:00,740.96,28.8,73
2025-02-15 21:00:00,691.82,24.2,76
2025-02-15 22:00:00,745.5,24.5,94
2025-02-15 23:00:00,757.62,25.3,94
2025-02-16 00:00:00,788.48,23.3,91
2025-02-16 01:00:00,732.8,26.6,69
2025-02-16 02:00:00,796.85,24.7,88
2025-02-16 03:00:00,764.82,25.3,71
2025-02-16 04:00:00,711.84,24.5,68
2025-02-16 05:00:00,733.35,24.0,85
2025-02-16 06:00:00,784.78,25.4,80
2025-02-16 07:00:00,843.1,27.3,60
2025-02-16 08:00:00,959.05,27.2,78
2025-02-16 09:00:00,1076.89,29.8,65
2025-02-16 10:00:00,1242.54,30.9,77
2025-02-16 11:00:00,1288.12,30.8,67
2025-02-16 12:00:00,1312.3,29.3,70
2025-02-16 13:00:00,1267.95,33.9,64
2025-02-16 14:00:00,1147.0,31.7,80
2025-02-16 15:00:00,1084.93,35.1,80
2025-02-16 16:00:00,1008.58,32.2,79
2025-02-16 17:00:00,826.36,30.6,68
2025-02-16 18:00:00,811.91,30.5,61
2025-02-16 19:00:00,822.3,26.6,63
2025-02-16 20:00:00,761.8,29.2,85
2025-02-16 21:00:00,782.36,30.0,71
2025-02-16 22:00:00,760.78,23.5,78
2025-02-16 23:00:00,805.97,24.8,78
2025-02-17 00:00:00,957.16,24.4,78
2025-02-17 01:00:00,1002.59,25.2,88
2025-02-17 02:00:00,978.69,26.5,93
2025-02-17 03:00:00,945.67,24.6,67
2025-02-17 04:00:00,973.37,27.1,65
2025-02-17 05:00:00,924.83,25.4,91
2025-02-17 06:00:00,985.77,26.5,87
2025-02-17 07:00:00,1076.45,27.4,70
2025-02-17 08:00:00,1141.3,29.5,87
2025-02-17 09:00:00,1297.06,28.5,91
2025-02-17 10:00:00,1328.69,31.0,67
2025-02-17 11:00:00,1494.4,29.4,79
2025-02-17 12:00:00,1483.99,31.1,83
2025-02-17 13:00:00,1439.53,31.1,86
2025-02-17 14:00:00,1359.67,32.1,70
2025-02-17 15:00:00,1280.94,31.5,82
2025-02-17 16:00:00,1201.47,32.8,81
2025-02-17 17:00:00,1092.34,29.8,64
2025-02-17 18:00:00,967.7,27.9,93
2025-02-17 19:00:00,914.16,27.4,90
2025-02-17 20:00:00,950.39,29.2,85
2025-02-17 21:00:00,910.35,25.8,82
2025-02-17 22:00:00,958.0,26.5,91
2025-02-17 23:00:00,979.19,24.8,64
2025-02-18 00:00:00,996.0,25.5,84
2025-02-18 01:00:00,1007.56,23.9,92
2025-02-18 02:00:00,914.38,27.3,66
2025-02-18 03:00:00,871.43,26.4,75
2025-02-18 04:00:00,910.24,24.2,88
2025-02-18 05:00:00,1009.53,24.6,74
2025-02-18 06:00:00,1065.89,29.8,79
2025-02-18 07:00:00,1139.99,25.7,81
2025-02-18 08:00:00,1173.37,27.9,69
2025-02-18 09:00:00,1229.53,29.1,67
2025-02-18 10:00:00,1309.63,30.0,91
2025-02-18 11:00:00,1439.05,28.7,87
2025-02-18 12:00:00,1478.21,32.1,68
2025-02-18 13:00:00,1506.08,30.7,90
2025-02-18 14:00:00,1422.04,33.7,82
2025-02-18 15:00:00,1299.9,30.1,78
2025-02-18 16:00:00,1149.02,31.5,91
2025-02-18 17:00:00,1042.33,28.2,69
2025-02-18 18:00:00,1004.07,27.4,79
2025-02-18 19:00:00,970.95,28.0,94
2025-02-18 20:00:00,943.91,27.2,90
2025-02-18 21:00:00,902.21,28.7,70
2025-02-18 22:00:00,981.47,26.0,69
2025-02-18 23:00:00,992.56,26.7,68
2025-02-19 00:00:00,950.42,24.1,69
2025-02-19 01:00:00,952.89,24.9,66
2025-02-19 02:00:00,985.5,23.1,79
2025-02-19 03:00:00,932.93,23.2,79
2025-02-19 04:00:00,988.54,22.4,67
2025-02-19 05:00:00,966.84,25.6,76
2025-02-19 06:00:00,980.9,26.3,84
2025-02-19 07:00:00,1078.36,27.9,72
2025-02-19 08:00:00,1185.16,28.3,72
2025-02-19 09:00:00,1269.23,31.5,61
2025-02-19 10:00:00,1362.52,30.2,70
2025-02-19 11:00:00,1487.91,32.0,79
2025-02-19 12:00:00,1517.55,31.1,68
2025-02-19 13:00:00,1484.51,30.8,88
2025-02-19 14:00:00,1447.52,32.9,93
2025-02-19 15:00:00,1275.8,31.8,64
2025-02-19 16:00:00,1241.59,32.5,90
2025-02-19 17:00:00,1047.24,31.3,85
2025-02-19 18:00:00,962.55,29.0,79
2025-02-19 19:00:00,887.78,30.3,67
2025-02-19 20:00:00,917.41,27.0,65
2025-02-19 21:00:00,923.61,27.7,77
2025-02-19 22:00:00,979.92,27.5,67
2025-02-19 23:00:00,989.0,24.7,84
2025-02-20 00:00:00,948.99,25.9,61
2025-02-20 01:00:00,969.44,24.6,87
2025-02-20 02:00:00,951.24,25.0,84
2025-02-20 03:00:00,881.82,23.1,79
2025-02-20 04:00:00,901.43,24.8,65
2025-02-20 05:00:00,925.16,23.5,75
2025-02-20 06:00:00,1050.95,28.1,94
2025-02-20 07:00:00,1088.26,24.5,60
2025-02-20 08:00:00,1208.96,27.6,73
2025-02-20 09:00:00,1245.12,27.9,73
2025-02-20 10:00:00,1439.1,30.8,83
2025-02-20 11:00:00,1511.75,33.1,78
2025-02-20 12:00:00,1420.87,32.2,77
2025-02-20 13:00:00,1441.53,35.4,68
2025-02-20 14:00:00,1414.68,30.3,72
2025-02-20 15:00:00,1320.16,30.3,78
2025-02-20 16:00:00,1162.08,30.4,69
2025-02-20 17:00:00,1070.93,31.0,62
2025-02-20 18:00:00,979.93,28.8,76
2025-02-20 19:00:00,956.08,28.1,82
2025-02-20 20:00:00,977.75,28.7,86
2025-02-20 21:00:00,917.1,25.5,68
2025-02-20 22:00:00,999.39,24.6,64
2025-02-20 23:00:00,955.95,24.7,78
2025-02-21 00:00:00,963.94,24.2,88
2025-02-21 01:00:00,1014.71,25.3,74
2025-02-21 02:00:00,999.38,22.9,71
2025-02-21 03:00:00,976.65,23.3,73
2025-02-21 04:00:00,892.58,25.2,74
2025-02-21 05:00:00,938.7,26.1,90
2025-02-21 06:00:00,1032.45,27.7,64
2025-02-21 07:00:00,1085.88,27.5,62
2025-02-21 08:00:00,1151.08,28.2,89
2025-02-21 09:00:00,1316.48,29.7,71
2025-02-21 10:00:00,1375.15,29.7,74
2025-02-21 11:00:00,1531.88,30.5,87
2025-02-21 12:00:00,1547.75,29.3,82
2025-02-21 13:00:00,1490.23,32.9,74
2025-02-21 14:00:00,1447.83,32.3,70
2025-02-21 15:00:00,1302.74,32.8,89
2025-02-21 16:00:00,1215.49,28.1,71
2025-02-21 17:00:00,1136.21,30.8,78
2025-02-21 18:00:00,1012.3,29.0,91
2025-02-21 19:00:00,946.16,30.8,60
2025-02-21 20:00:00,879.06,28.7,75
2025-02-21 21:00:00,944.04,27.2,70
2025-02-21 22:00:00,996.05,25.5,90
2025-02-21 23:00:00,1019.28,25.6,92
2025-02-22 00:00:00,814.16,23.4,89
2025-02-22 01:00:00,770.01,24.0,63
2025-02-22 02:00:00,700.82,23.3,84
2025-02-22 03:00:00,732.41,26.9,93
2025-02-22 04:00:00,730.87,26.3,76
2025-02-22 05:00:00,746.95,26.4,92
2025-02-22 06:00:00,828.19,24.2,89
2025-02-22 07:00:00,956.82,28.0,72
2025-02-22 08:00:00,995.87,28.2,71
2025-02-22 09:00:00,1095.75,30.5,91
2025-02-22 10:00:00,1193.99,30.4,82
2025-02-22 11:00:00,1276.32,30.8,88
2025-02-22 12:00:00,1267.58,31.7,93
2025-02-22 13:00:00,1276.19,29.7,78
2025-02-22 14:00:00,1218.87,31.1,71
2025-02-22 15:00:00,1110.71,32.3,63
2025-02-22 16:00:00,1007.61,32.8,84
2025-02-22 17:00:00,902.56,30.2,85
2025-02-22 18:00:00,744.59,30.0,77
2025-02-22 19:00:00,780.27,27.1,89
2025-02-22 20:00:00,718.13,29.8,93
2025-02-22 21:00:00,711.49,28.3,92
2025-02-22 22:00:00,731.47,26.8,90
2025-02-22 23:00:00,804.25,25.7,90
2025-02-23 00:00:00,791.63,26.4,72
2025-02-23 01:00:00,733.0,23.2,83
2025-02-23 02:00:00,789.66,22.9,64
2025-02-23 03:00:00,702.28,25.4,60
2025-02-23 04:00:00,749.34,25.7,93
2025-02-23 05:00:00,769.17,23.7,68
2025-02-23 06:00:00,840.45,25.4,67
2025-02-23 07:00:00,952.6,29.0,88
2025-02-23 08:00:00,946.7,28.5,94
2025-02-23 09:00:00,1104.41,30.0,64
2025-02-23 10:00:00,1196.31,28.6,69
2025-02-23 11:00:00,1290.07,31.6,69
2025-02-23 12:00:00,1307.04,29.8,70
2025-02-23 13:00:00,1262.56,29.5,67
2025-02-23 14:00:00,1190.58,32.9,63
2025-02-23 15:00:00,1067.21,33.6,77
2025-02-23 16:00:00,1029.09,31.2,79
2025-02-23 17:00:00,906.37,30.2,62
2025-02-23 18:00:00,841.65,32.1,74
2025-02-23 19:00:00,750.04,28.8,67
2025-02-23 20:00:00,721.55,27.9,65
2025-02-23 21:00:00,715.02,29.0,79
2025-02-23 22:00:00,785.6,25.6,91
2025-02-23 23:00:00,755.6,24.4,65
2025-02-24 00:00:00,1067.07,25.5,75
2025-02-24 01:00:00,949.04,23.3,61
2025-02-24 02:00:00,985.45,23.8,77
2025-02-24 03:00:00,1010.44,22.6,85
2025-02-24 04:00:00,968.35,24.8,79
2025-02-24 05:00:00,969.91,25.3,75
2025-02-24 06:00:00,978.5,27.2,80
2025-02-24 07:00:00,1044.82,28.0,73
2025-02-24 08:00:00,1224.36,28.7,77
2025-02-24 09:00:00,1361.91,29.5,67
2025-02-24 10:00:00,1393.57,29.9,64
2025-02-24 11:00:00,1437.96,31.6,83
2025-02-24 12:00:00,1416.4,30.1,88
2025-02-24 13:00:00,1443.52,29.0,68
2025-02-24 14:00:00,1404.97,33.4,77
2025-02-24 15:00:00,1365.2,32.7,77
2025-02-24 16:00:00,1221.01,31.3,87
2025-02-24 17:00:00,1103.92,32.1,69
2025-02-24 18:00:00,998.46,29.1,79
2025-02-24 19:00:00,943.43,28.2,82
2025-02-24 20:00:00,996.68,27.0,79
2025-02-24 21:00:00,962.73,27.6,82
2025-02-24 22:00:00,902.39,24.1,64
2025-02-24 23:00:00,971.36,24.3,86
2025-02-25 00:00:00,975.29,24.9,68
2025-02-25 01:00:00,978.66,22.7,62
2025-02-25 02:00:00,998.53,23.2,94
2025-02-25 03:00:00,954.81,21.5,88
2025-02-25 04:00:00,947.66,25.3,92
2025-02-25 05:00:00,1012.7,24.3,85
2025-02-25 06:00:00,990.99,24.7,67
2025-02-25 07:00:00,1161.4,25.4,68
2025-02-25 08:00:00,1176.88,27.5,81
2025-02-25 09:00:00,1315.28,27.1,64
2025-02-25 10:00:00,1402.05,32.3,91
2025-02-25 11:00:00,1485.11,28.0,89
2025-02-25 12:00:00,1520.96,30.9,76
2025-02-25 13:00:00,1495.99,32.0,89
2025-02-25 14:00:00,1385.55,31.1,68
2025-02-25 15:00:00,1272.89,32.1,63
2025-02-25 16:00:00,1288.03,30.5,71
2025-02-25 17:00:00,1079.27,32.7,94
2025-02-25 18:00:00,1039.9,28.7,79
2025-02-25 19:00:00,910.54,26.2,76
2025-02-25 20:00:00,940.66,26.4,81
2025-02-25 21:00:00,954.22,27.4,66
2025-02-25 22:00:00,995.5,25.9,67
2025-02-25 23:00:00,902.61,26.1,68
2025-02-26 00:00:00,1014.13,25.1,65
2025-02-26 01:00:00,960.52,23.4,78
2025-02-26 02:00:00,993.17,23.4,81
2025-02-26 03:00:00,925.28,23.7,79
2025-02-26 04:00:00,923.39,26.8,79
2025-02-26 05:00:00,960.14,26.0,86
2025-02-26 06:00:00,981.52,28.3,86
2025-02-26 07:00:00,1082.49,28.0,66
2025-02-26 08:00:00,1161.59,27.9,83
2025-02-26 09:00:00,1250.98,27.8,67
2025-02-26 10:00:00,1450.5,30.2,62
2025-02-26 11:00:00,1438.42,30.8,70
2025-02-26 12:00:00,1502.13,31.4,61
2025-02-26 13:00:00,1510.14,31.6,60
2025-02-26 14:00:00,1393.38,29.5,66
2025-02-26 15:00:00,1286.29,33.4,83
2025-02-26 16:00:00,1211.32,31.4,71
2025-02-26 17:00:00,1138.32,29.1,67
2025-02-26 18:00:00,977.49,30.6,72
2025-02-26 19:00:00,964.54,28.0,65
2025-02-26 20:00:00,892.79,28.7,83
2025-02-26 21:00:00,947.89,28.0,83
2025-02-26 22:00:00,983.13,27.2,66
2025-02-26 23:00:00,970.97,25.0,69
2025-02-27 00:00:00,995.32,24.0,89
2025-02-27 01:00:00,954.48,23.4,83
2025-02-27 02:00:00,987.52,23.1,86
2025-02-27 03:00:00,1001.51,24.1,89
2025-02-27 04:00:00,917.94,24.3,74
2025-02-27 05:00:00,950.93,24.2,61
2025-02-27 06:00:00,1038.94,24.6,67
2025-02-27 07:00:00,1144.56,26.8,76
2025-02-27 08:00:00,1154.1,27.5,72
2025-02-27 09:00:00,1312.24,27.7,77
2025-02-27 10:00:00,1427.79,31.0,80
2025-02-27 11:00:00,1483.21,33.0,71
2025-02-27 12:00:00,1424.7,32.6,61
2025-02-27 13:00:00,1504.34,31.0,79
2025-02-27 14:00:00,1471.08,31.9,82
2025-02-27 15:00:00,1322.26,33.7,80
2025-02-27 16:00:00,1170.32,30.1,90
2025-02-27 17:00:00,1084.24,31.8,75
2025-02-27 18:00:00,1083.37,28.3,72
2025-02-27 19:00:00,1004.65,31.1,63
2025-02-27 20:00:00,978.83,27.5,61
2025-02-27 21:00:00,977.14,29.6,60
2025-02-27 22:00:00,961.8,28.1,85
2025-02-27 23:00:00,996.87,25.0,89
2025-02-28 00:00:00,1011.62,23.7,79
2025-02-28 01:00:00,1026.03,24.4,84
2025-02-28 02:00:00,1040.66,23.8,78
2025-02-28 03:00:00,1006.73,23.7,86
2025-02-28 04:00:00,909.69,22.5,69
2025-02-28 05:00:00,983.58,24.6,76
2025-02-28 06:00:00,1050.17,24.7,61
2025-02-28 07:00:00,1126.83,27.6,76
2025-02-28 08:00:00,1187.37,29.2,66
2025-02-28 09:00:00,1423.17,29.9,75
2025-02-28 10:00:00,1376.21,30.4,86
2025-02-28 11:00:00,1451.9,29.8,60
2025-02-28 12:00:00,1522.59,31.7,81
2025-02-28 13:00:00,1563.91,32.8,81
2025-02-28 14:00:00,1391.66,31.3,86
2025-02-28 15:00:00,1311.9,32.0,75
2025-02-28 16:00:00,1247.14,31.3,75
2025-02-28 17:00:00,1104.6,32.8,83
2025-02-28 18:00:00,1012.74,31.0,94
2025-02-28 19:00:00,995.62,29.8,92
2025-02-28 20:00:00,969.0,25.9,76
2025-02-28 21:00:00,1003.75,27.2,64
2025-02-28 22:00:00,1033.16,25.8,94
2025-02-28 23:00:00,1017.66,25.0,78
2025-03-01 00:00:00,827.6,22.7,93
2025-03-01 01:00:00,817.33,22.8,91
2025-03-01 02:00:00,808.01,23.9,84
2025-03-01 03:00:00,772.56,25.5,81
2025-03-01 04:00:00,762.39,23.8,86
2025-03-01 05:00:00,820.67,24.7,92
2025-03-01 06:00:00,880.49,28.1,67
2025-03-01 07:00:00,855.45,26.6,89
2025-03-01 08:00:00,1012.79,27.8,85
2025-03-01 09:00:00,1100.11,28.9,74
2025-03-01 10:00:00,1213.07,28.4,71
2025-03-01 11:00:00,1306.94,31.5,71
2025-03-01 12:00:00,1340.89,30.7,63
2025-03-01 13:00:00,1288.94,31.8,62
2025-03-01 14:00:00,1157.01,32.5,91
2025-03-01 15:00:00,1090.47,34.2,85
2025-03-01 16:00:00,1043.86,29.9,63
2025-03-01 17:00:00,812.35,31.9,60
2025-03-01 18:00:00,869.05,31.0,64
2025-03-01 19:00:00,797.11,28.3,61
2025-03-01 20:00:00,808.57,28.7,70
2025-03-01 21:00:00,763.78,28.9,68
2025-03-01 22:00:00,718.86,25.1,67
2025-03-01 23:00:00,825.02,25.5,74
2025-03-02 00:00:00,865.06,25.0,68
2025-03-02 01:00:00,845.26,24.8,89
2025-03-02 02:00:00,770.76,24.9,88
2025-03-02 03:00:00,776.73,24.3,84
2025-03-02 04:00:00,746.82,25.2,81
2025-03-02 05:00:00,753.18,24.1,93
2025-03-02 06:00:00,863.92,26.2,81
2025-03-02 07:00:00,869.36,26.4,89
2025-03-02 08:00:00,984.21,26.5,69
2025-03-02 09:00:00,1088.64,28.4,64
2025-03-02 10:00:00,1174.86,30.3,64
2025-03-02 11:00:00,1301.04,31.4,61
2025-03-02 12:00:00,1361.17,29.9,89
2025-03-02 13:00:00,1289.46,30.7,81
2025-03-02 14:00:00,1174.34,32.9,72
2025-03-02 15:00:00,1156.71,32.5,84
2025-03-02 16:00:00,1074.54,32.5,86
2025-03-02 17:00:00,888.71,32.5,86
2025-03-02 18:00:00,813.8,30.6,80
2025-03-02 19:00:00,799.98,28.5,90
2025-03-02 20:00:00,822.33,28.1,74
2025-03-02 21:00:00,755.6,29.0,60
2025-03-02 22:00:00,747.43,29.3,70
2025-03-02 23:00:00,835.12,25.7,64
2025-03-03 00:00:00,1051.5,25.2,93
2025-03-03 01:00:00,1016.19,25.0,64
2025-03-03 02:00:00,977.5,24.0,79
2025-03-03 03:00:00,1011.57,25.5,72
2025-03-03 04:00:00,987.03,25.7,68
2025-03-03 05:00:00,958.04,25.6,64
2025-03-03 06:00:00,1035.28,25.6,91
2025-03-03 07:00:00,1067.04,25.1,89
2025-03-03 08:00:00,1242.58,28.9,87
2025-03-03 09:00:00,1321.18,29.3,87
2025-03-03 10:00:00,1414.84,29.1,65
2025-03-03 11:00:00,1497.85,29.5,88
2025-03-03 12:00:00,1525.01,32.3,63
2025-03-03 13:00:00,1530.33,29.9,77
2025-03-03 14:00:00,1450.8,32.4,74
2025-03-03 15:00:00,1324.92,32.9,84
2025-03-03 16:00:00,1245.35,32.1,63
2025-03-03 17:00:00,1128.44,30.4,73
2025-03-03 18:00:00,1018.7,28.5,76
2025-03-03 19:00:00,980.65,29.7,93
2025-03-03 20:00:00,963.46,29.4,78
2025-03-03 21:00:00,994.56,26.3,88
2025-03-03 22:00:00,984.3,26.6,81
2025-03-03 23:00:00,1002.44,27.1,73
2025-03-04 00:00:00,1095.53,24.9,61
2025-03-04 01:00:00,1051.96,23.7,66
2025-03-04 02:00:00,973.51,25.2,87
2025-03-04 03:00:00,999.85,23.3,67
2025-03-04 04:00:00,975.79,23.0,88
2025-03-04 05:00:00,1001.73,26.1,69
2025-03-04 06:00:00,1041.47,25.5,80
2025-03-04 07:00:00,1159.09,26.6,94
2025-03-04 08:00:00,1233.77,27.2,63
2025-03-04 09:00:00,1331.28,28.5,80
2025-03-04 10:00:00,1469.67,31.7,84
2025-03-04 11:00:00,1510.26,32.8,79
2025-03-04 12:00:00,1530.95,33.6,66
2025-03-04 13:00:00,1513.1,33.2,66
2025-03-04 14:00:00,1429.94,32.6,91
2025-03-04 15:00:00,1333.81,30.1,91
2025-03-04 16:00:00,1201.18,31.2,81
2025-03-04 17:00:00,1091.21,33.4,84
2025-03-04 18:00:00,1001.78,29.5,65
2025-03-04 19:00:00,939.39,30.9,86
2025-03-04 20:00:00,940.95,28.1,77
2025-03-04 21:00:00,973.87,23.8,71
2025-03-04 22:00:00,1003.85,26.8,87
2025-03-04 23:00:00,1009.7,26.7,78
2025-03-05 00:00:00,947.29,24.5,76
2025-03-05 01:00:00,1077.3,25.6,94
2025-03-05 02:00:00,1041.27,22.0,74
2025-03-05 03:00:00,998.58,22.5,64
2025-03-05 04:00:00,1041.52,24.8,92
2025-03-05 05:00:00,956.93,25.7,80
2025-03-05 06:00:00,1105.84,27.6,94
2025-03-05 07:00:00,1086.78,27.7,86
2025-03-05 08:00:00,1233.14,26.6,89
2025-03-05 09:00:00,1291.98,29.3,89
2025-03-05 10:00:00,1436.82,30.7,80
2025-03-05 11:00:00,1518.72,28.6,85
2025-03-05 12:00:00,1524.39,31.4,83
2025-03-05 13:00:00,1530.2,31.5,81
2025-03-05 14:00:00,1439.79,31.2,85
2025-03-05 15:00:00,1318.32,32.5,81
2025-03-05 16:00:00,1204.99,30.1,92
2025-03-05 17:00:00,1149.0,31.3,83
2025-03-05 18:00:00,1016.96,30.7,64
2025-03-05 19:00:00,1023.26,30.3,83
2025-03-05 20:00:00,1017.65,26.7,94
2025-03-05 21:00:00,924.68,25.2,81
2025-03-05 22:00:00,1043.01,26.3,92
2025-03-05 23:00:00,1094.43,24.8,76
2025-03-06 00:00:00,1041.68,28.0,71
2025-03-06 01:00:00,1046.28,24.7,89
2025-03-06 02:00:00,1042.66,24.1,85
2025-03-06 03:00:00,976.46,23.9,72
2025-03-06 04:00:00,984.27,23.1,65
2025-03-06 05:00:00,948.27,25.8,62
2025-03-06 06:00:00,1047.75,25.9,70
2025-03-06 07:00:00,1141.12,26.9,69
2025-03-06 08:00:00,1245.97,28.1,70
2025-03-06 09:00:00,1376.98,29.3,75
2025-03-06 10:00:00,1412.31,27.9,79
2025-03-06 11:00:00,1489.69,31.8,78
2025-03-06 12:00:00,1599.27,30.4,68
2025-03-06 13:00:00,1503.08,31.7,74
2025-03-06 14:00:00,1446.45,33.5,82
2025-03-06 15:00:00,1337.38,34.0,80
2025-03-06 16:00:00,1199.2,29.4,64
2025-03-06 17:00:00,1180.57,30.9,81
2025-03-06 18:00:00,1024.5,30.3,90
2025-03-06 19:00:00,954.89,27.2,74
2025-03-06 20:00:00,962.2,29.0,87
2025-03-06 21:00:00,916.15,27.1,74
2025-03-06 22:00:00,983.69,26.2,78
2025-03-06 23:00:00,991.55,24.1,94
2025-03-07 00:00:00,1057.61,25.0,77
2025-03-07 01:00:00,1004.88,25.1,69
2025-03-07 02:00:00,1040.58,24.2,74
2025-03-07 03:00:00,1038.19,23.5,83
2025-03-07 04:00:00,1008.37,24.0,79
2025-03-07 05:00:00,989.86,25.4,70
2025-03-07 06:00:00,1050.98,26.1,68
2025-03-07 07:00:00,1073.45,28.1,64
2025-03-07 08:00:00,1226.37,27.4,70
2025-03-07 09:00:00,1312.72,27.6,86
2025-03-07 10:00:00,1466.87,30.4,61
2025-03-07 11:00:00,1601.52,30.3,79
2025-03-07 12:00:00,1553.56,32.4,80
2025-03-07 13:00:00,1441.79,31.9,89
2025-03-07 14:00:00,1429.95,32.8,60
2025-03-07 15:00:00,1347.15,30.6,94
2025-03-07 16:00:00,1234.15,31.6,85
2025-03-07 17:00:00,1101.3,30.0,91
2025-03-07 18:00:00,1054.69,28.5,68
2025-03-07 19:00:00,954.0,28.0,80
2025-03-07 20:00:00,948.04,27.3,75
2025-03-07 21:00:00,1011.95,28.5,71
2025-03-07 22:00:00,974.07,25.3,86
2025-03-07 23:00:00,1047.41,23.6,66
2025-03-08 00:00:00,791.22,24.7,89
2025-03-08 01:00:00,893.37,24.2,83
2025-03-08 02:00:00,785.56,23.4,89
2025-03-08 03:00:00,784.57,23.9,79
2025-03-08 04:00:00,795.75,25.7,87
2025-03-08 05:00:00,780.77,26.0,63
2025-03-08 06:00:00,854.21,26.7,71
2025-03-08 07:00:00,950.11,25.5,62
2025-03-08 08:00:00,1067.82,31.5,63
2025-03-08 09:00:00,1173.69,30.3,74
2025-03-08 10:00:00,1239.7,30.6,87
2025-03-08 11:00:00,1309.49,29.4,68
2025-03-08 12:00:00,1421.44,32.6,73
2025-03-08 13:00:00,1347.88,31.3,91
2025-03-08 14:00:00,1213.48,31.8,62
2025-03-08 15:00:00,1149.52,29.8,77
2025-03-08 16:00:00,1022.52,30.0,73
2025-03-08 17:00:00,925.3,31.4,84
2025-03-08 18:00:00,806.22,31.2,85
2025-03-08 19:00:00,786.22,29.9,65
2025-03-08 20:00:00,847.67,28.8,85
2025-03-08 21:00:00,812.77,26.9,60
2025-03-08 22:00:00,725.58,25.5,80
2025-03-08 23:00:00,874.31,25.5,73
2025-03-09 00:00:00,880.46,25.5,67
2025-03-09 01:00:00,822.19,24.1,84
2025-03-09 02:00:00,840.93,25.5,77
2025-03-09 03:00:00,765.48,23.9,74
2025-03-09 04:00:00,770.88,23.4,79
2025-03-09 05:00:00,856.17,25.2,75
2025-03-09 06:00:00,842.84,26.1,66
2025-03-09 07:00:00,867.7,26.9,88
2025-03-09 08:00:00,1035.15,29.5,90
2025-03-09 09:00:00,1146.4,30.0,88
2025-03-09 10:00:00,1290.82,28.3,76
2025-03-09 11:00:00,1318.29,32.7,64
2025-03-09 12:00:00,1327.63,28.2,77
2025-03-09 13:00:00,1354.37,34.4,73
2025-03-09 14:00:00,1253.13,31.7,90
2025-03-09 15:00:00,1122.93,31.6,77
2025-03-09 16:00:00,1077.83,31.4,84
2025-03-09 17:00:00,939.98,31.3,70
2025-03-09 18:00:00,852.52,30.0,85
2025-03-09 19:00:00,810.03,28.9,64
2025-03-09 20:00:00,749.96,29.6,75
2025-03-09 21:00:00,777.19,27.6,67
2025-03-09 22:00:00,816.06,24.8,72
2025-03-09 23:00:00,828.08,26.1,91
2025-03-10 00:00:00,1090.03,25.2,86
2025-03-10 01:00:00,1045.55,23.5,85
2025-03-10 02:00:00,1048.92,25.0,68
2025-03-10 03:00:00,999.06,23.9,66
2025-03-10 04:00:00,1027.49,24.3,67
2025-03-10 05:00:00,1020.81,24.9,61
2025-03-10 06:00:00,1056.0,23.1,77
2025-03-10 07:00:00,1135.85,26.3,83
2025-03-10 08:00:00,1207.13,28.9,93
2025-03-10 09:00:00,1370.06,29.0,70
2025-03-10 10:00:00,1450.65,28.5,69
2025-03-10 11:00:00,1503.39,32.0,88
2025-03-10 12:00:00,1584.29,31.1,65
2025-03-10 13:00:00,1477.21,30.4,69
2025-03-10 14:00:00,1437.29,34.6,89
2025-03-10 15:00:00,1388.33,30.6,87
2025-03-10 16:00:00,1251.63,32.5,88
2025-03-10 17:00:00,1134.7,29.9,84
2025-03-10 18:00:00,1064.38,30.2,86
2025-03-10 19:00:00,1013.25,28.0,93
2025-03-10 20:00:00,937.52,26.5,93
2025-03-10 21:00:00,986.61,27.6,91
2025-03-10 22:00:00,1075.69,26.5,63
2025-03-10 23:00:00,1014.99,26.5,93
2025-03-11 00:00:00,1037.54,24.5,75
2025-03-11 01:00:00,1022.17,26.8,70
2025-03-11 02:00:00,1019.14,24.3,74
2025-03-11 03:00:00,981.51,24.8,89
2025-03-11 04:00:00,1010.74,22.9,86
2025-03-11 05:00:00,1016.98,24.4,75
2025-03-11 06:00:00,1085.79,26.6,60
2025-03-11 07:00:00,1102.72,26.9,84
2025-03-11 08:00:00,1231.81,28.2,87
2025-03-11 09:00:00,1347.61,28.1,73
2025-03-11 10:00:00,1471.19,30.1,93
2025-03-11 11:00:00,1496.38,31.0,63
2025-03-11 12:00:00,1580.79,30.0,73
2025-03-11 13:00:00,1565.68,32.6,75
2025-03-11 14:00:00,1420.65,30.0,74
2025-03-11 15:00:00,1338.36,32.1,93
2025-03-11 16:00:00,1225.15,33.6,72
2025-03-11 17:00:00,1231.69,31.6,76
2025-03-11 18:00:00,1043.73,30.8,87
2025-03-11 19:00:00,1068.88,28.0,69
2025-03-11 20:00:00,949.46,30.1,76
2025-03-11 21:00:00,967.38,28.6,67
2025-03-11 22:00:00,998.27,25.0,61
2025-03-11 23:00:00,1011.65,24.6,60
2025-03-12 00:00:00,1042.5,26.0,64
2025-03-12 01:00:00,1019.51,26.3,94
2025-03-12 02:00:00,996.7,22.5,81
2025-03-12 03:00:00,1045.66,22.9,75
2025-03-12 04:00:00,1039.73,24.4,68
2025-03-12 05:00:00,1046.5,22.6,68
2025-03-12 06:00:00,1080.25,26.0,73
2025-03-12 07:00:00,1145.94,28.4,69
2025-03-12 08:00:00,1229.52,26.3,81
2025-03-12 09:00:00,1325.34,29.2,75
2025-03-12 10:00:00,1471.14,29.3,62
2025-03-12 11:00:00,1486.26,32.8,87
2025-03-12 12:00:00,1517.15,30.8,89
2025-03-12 13:00:00,1567.7,33.7,88
2025-03-12 14:00:00,1524.98,31.3,60
2025-03-12 15:00:00,1372.5,32.8,87
2025-03-12 16:00:00,1285.69,31.8,81
2025-03-12 17:00:00,1134.15,30.7,91
2025-03-12 18:00:00,1015.16,29.1,70
2025-03-12 19:00:00,1034.78,29.4,85
2025-03-12 20:00:00,1016.91,27.5,90
2025-03-12 21:00:00,1007.72,26.1,79
2025-03-12 22:00:00,1017.01,27.8,79
2025-03-12 23:00:00,1078.12,25.8,92
2025-03-13 00:00:00,1020.57,25.3,64
2025-03-13 01:00:00,1020.44,23.7,62
2025-03-13 02:00:00,993.3,23.8,93
2025-03-13 03:00:00,1011.29,23.8,90
2025-03-13 04:00:00,962.02,24.9,66
2025-03-13 05:00:00,992.53,25.9,89
2025-03-13 06:00:00,1040.41,26.0,77
2025-03-13 07:00:00,1136.77,26.0,75
2025-03-13 08:00:00,1198.06,28.9,72
2025-03-13 09:00:00,1364.95,29.1,92
2025-03-13 10:00:00,1505.29,28.3,66
2025-03-13 11:00:00,1535.28,28.3,89
2025-03-13 12:00:00,1609.09,31.8,70
2025-03-13 13:00:00,1577.24,30.9,65
2025-03-13 14:00:00,1488.88,32.5,80
2025-03-13 15:00:00,1364.55,30.9,91
2025-03-13 16:00:00,1250.95,31.6,64
2025-03-13 17:00:00,1172.69,30.4,88
2025-03-13 18:00:00,1051.47,32.1,94
2025-03-13 19:00:00,950.67,30.2,71
2025-03-13 20:00:00,1017.41,29.6,81
2025-03-13 21:00:00,968.83,27.0,70
2025-03-13 22:00:00,995.02,27.0,82
2025-03-13 23:00:00,1047.65,25.3,69
2025-03-14 00:00:00,1054.95,26.3,83
2025-03-14 01:00:00,1001.31,24.0,75
2025-03-14 02:00:00,1037.58,22.3,71
2025-03-14 03:00:00,1045.34,21.7,91
2025-03-14 04:00:00,963.81,26.5,83
2025-03-14 05:00:00,1064.22,25.7,63
2025-03-14 06:00:00,1013.71,26.7,92
2025-03-14 07:00:00,1223.21,28.8,77
2025-03-14 08:00:00,1238.94,26.0,76
2025-03-14 09:00:00,1370.21,28.6,80
2025-03-14 10:00:00,1398.63,29.7,60
2025-03-14 11:00:00,1531.58,31.7,84
2025-03-14 12:00:00,1566.35,30.6,90
2025-03-14 13:00:00,1530.75,30.4,79
2025-03-14 14:00:00,1445.16,30.5,85
2025-03-14 15:00:00,1332.02,33.2,78
2025-03-14 16:00:00,1292.94,30.6,89
2025-03-14 17:00:00,1150.24,30.2,84
2025-03-14 18:00:00,1122.31,30.8,77
2025-03-14 19:00:00,1001.34,28.2,63
2025-03-14 20:00:00,988.18,26.0,86
2025-03-14 21:00:00,1040.17,25.1,92
2025-03-14 22:00:00,975.1,25.9,65
2025-03-14 23:00:00,1008.39,25.8,66
2025-03-15 00:00:00,899.91,24.3,60
2025-03-15 01:00:00,812.93,24.7,94
2025-03-15 02:00:00,771.34,22.1,82
2025-03-15 03:00:00,880.14,22.3,75
2025-03-15 04:00:00,757.74,27.2,93
2025-03-15 05:00:00,829.34,26.7,93
2025-03-15 06:00:00,873.95,26.9,90
2025-03-15 07:00:00,853.95,26.2,90
2025-03-15 08:00:00,1047.19,27.7,70
2025-03-15 09:00:00,1184.02,29.0,67
2025-03-15 10:00:00,1280.46,31.6,83
2025-03-15 11:00:00,1368.59,31.3,82
2025-03-15 12:00:00,1348.01,32.1,91
2025-03-15 13:00:00,1361.92,31.7,74
2025-03-15 14:00:00,1243.96,33.0,87
2025-03-15 15:00:00,1119.0,32.2,79
2025-03-15 16:00:00,1011.17,31.5,73
2025-03-15 17:00:00,901.2,29.9,85
2025-03-15 18:00:00,906.94,29.9,61
2025-03-15 19:00:00,769.97,27.7,93
2025-03-15 20:00:00,816.21,28.0,93
2025-03-15 21:00:00,805.54,27.1,93
2025-03-15 22:00:00,831.53,23.1,68
2025-03-15 23:00:00,901.8,24.9,62
2025-03-16 00:00:00,849.38,23.1,89
2025-03-16 01:00:00,878.57,24.7,78
2025-03-16 02:00:00,839.54,24.8,90
2025-03-16 03:00:00,812.64,23.6,75
2025-03-16 04:00:00,890.24,25.2,83
2025-03-16 05:00:00,775.68,25.9,74
2025-03-16 06:00:00,919.88,25.7,81
2025-03-16 07:00:00,978.52,28.8,91
2025-03-16 08:00:00,1042.98,27.1,70
2025-03-16 09:00:00,1228.58,30.8,88
2025-03-16 10:00:00,1206.6,29.7,83
2025-03-16 11:00:00,1321.93,29.8,78
2025-03-16 12:00:00,1322.49,31.0,64
2025-03-16 13:00:00,1354.62,30.5,60
2025-03-16 14:00:00,1232.35,32.9,89
2025-03-16 15:00:00,1186.74,29.9,71
2025-03-16 16:00:00,1053.29,33.1,63
2025-03-16 17:00:00,938.82,29.7,74
2025-03-16 18:00:00,888.43,31.0,76
2025-03-16 19:00:00,816.8,29.1,71
2025-03-16 20:00:00,771.73,28.3,60
2025-03-16 21:00:00,916.11,26.3,72
2025-03-16 22:00:00,821.29,26.4,89
2025-03-16 23:00:00,779.68,25.3,69
2025-03-17 00:00:00,1038.47,22.8,65
2025-03-17 01:00:00,1016.04,23.0,68
2025-03-17 02:00:00,1070.37,23.4,61
2025-03-17 03:00:00,1032.45,23.2,65
2025-03-17 04:00:00,1026.93,26.0,70
2025-03-17 05:00:00,1016.4,25.2,85
2025-03-17 06:00:00,1068.2,25.1,87
2025-03-17 07:00:00,1145.79,26.4,72
2025-03-17 08:00:00,1260.15,27.4,71
2025-03-17 09:00:00,1404.01,28.7,78
2025-03-17 10:00:00,1486.27,28.7,77
2025-03-17 11:00:00,1560.92,29.9,78
2025-03-17 12:00:00,1585.5,32.4,87
2025-03-17 13:00:00,1574.38,32.1,71
2025-03-17 14:00:00,1484.62,31.8,91
2025-03-17 15:00:00,1387.37,31.9,72
2025-03-17 16:00:00,1304.65,31.4,82
2025-03-17 17:00:00,1135.55,30.6,89
2025-03-17 18:00:00,1048.1,30.6,81
2025-03-17 19:00:00,987.92,29.6,62
2025-03-17 20:00:00,1019.46,26.1,68
2025-03-17 21:00:00,956.41,26.8,74
2025-03-17 22:00:00,1057.74,24.2,89
2025-03-17 23:00:00,1056.7,25.9,85
2025-03-18 00:00:00,1110.89,25.5,89
2025-03-18 01:00:00,1040.11,23.4,64
2025-03-18 02:00:00,1037.57,23.9,90
2025-03-18 03:00:00,1063.69,21.6,81
2025-03-18 04:00:00,1064.61,25.7,74
2025-03-18 05:00:00,1008.77,26.0,94
2025-03-18 06:00:00,1087.57,27.4,78
2025-03-18 07:00:00,1172.3,28.7,93
2025-03-18 08:00:00,1279.3,26.5,77
2025-03-18 09:00:00,1368.81,30.1,73
2025-03-18 10:00:00,1522.59,31.8,81
2025-03-18 11:00:00,1480.5,29.0,83
2025-03-18 12:00:00,1556.51,31.3,72
2025-03-18 13:00:00,1562.33,31.4,67
2025-03-18 14:00:00,1493.77,33.0,61
2025-03-18 15:00:00,1425.39,29.0,86
2025-03-18 16:00:00,1308.21,33.6,93
2025-03-18 17:00:00,1152.06,30.7,88
2025-03-18 18:00:00,1126.78,31.1,85
2025-03-18 19:00:00,1007.67,29.0,82
2025-03-18 20:00:00,1048.87,28.6,68
2025-03-18 21:00:00,1087.89,24.2,80
2025-03-18 22:00:00,1087.32,25.5,62
2025-03-18 23:00:00,1067.45,26.2,66
2025-03-19 00:00:00,1062.8,24.9,82
2025-03-19 01:00:00,1013.36,22.2,91
2025-03-19 02:00:00,1058.78,24.1,82
2025-03-19 03:00:00,988.62,23.2,75
2025-03-19 04:00:00,991.67,23.4,64
2025-03-19 05:00:00,994.13,23.3,72
2025-03-19 06:00:00,1068.33,26.7,69
2025-03-19 07:00:00,1164.25,28.3,61
2025-03-19 08:00:00,1279.03,30.5,75
2025-03-19 09:00:00,1360.22,27.3,60
2025-03-19 10:00:00,1518.4,30.9,65
2025-03-19 11:00:00,1542.59,31.8,78
2025-03-19 12:00:00,1546.91,30.8,92
2025-03-19 13:00:00,1557.81,30.8,87
2025-03-19 14:00:00,1549.72,30.7,64
2025-03-19 15:00:00,1393.0,31.2,71
2025-03-19 16:00:00,1256.8,31.7,89
2025-03-19 17:00:00,1111.83,32.5,76
2025-03-19 18:00:00,1076.83,31.3,78
2025-03-19 19:00:00,1044.11,27.1,84
2025-03-19 20:00:00,1005.96,27.1,94
2025-03-19 21:00:00,969.46,28.5,68
2025-03-19 22:00:00,1018.26,25.1,91
2025-03-19 23:00:00,1117.89,25.1,74
2025-03-20 00:00:00,1127.83,22.5,85
2025-03-20 01:00:00,1039.06,25.5,90
2025-03-20 02:00:00,1074.7,21.7,89
2025-03-20 03:00:00,989.63,22.2,61
2025-03-20 04:00:00,1071.82,25.8,66
2025-03-20 05:00:00,1047.63,27.5,89
2025-03-20 06:00:00,1120.92,25.7,92
2025-03-20 07:00:00,1108.44,26.9,79
2025-03-20 08:00:00,1296.41,29.1,78
2025-03-20 09:00:00,1384.2,29.4,68
2025-03-20 10:00:00,1514.02,29.6,81
2025-03-20 11:00:00,1585.13,30.2,91
2025-03-20 12:00:00,1580.01,29.6,89
2025-03-20 13:00:00,1532.09,32.1,65
2025-03-20 14:00:00,1511.52,31.9,76
2025-03-20 15:00:00,1382.4,31.3,74
2025-03-20 16:00:00,1242.19,30.3,66
2025-03-20 17:00:00,1136.32,29.7,73
2025-03-20 18:00:00,1036.05,30.7,79
2025-03-20 19:00:00,1021.26,30.1,89
2025-03-20 20:00:00,1061.35,27.6,77
2025-03-20 21:00:00,1037.21,26.4,81
2025-03-20 22:00:00,1032.72,25.0,84
2025-03-20 23:00:00,1098.39,26.3,83
2025-03-21 00:00:00,1051.74,24.6,90
2025-03-21 01:00:00,1076.66,24.6,77
2025-03-21 02:00:00,1048.1,24.4,93
2025-03-21 03:00:00,1061.39,23.8,77
2025-03-21 04:00:00,970.7,23.1,73
2025-03-21 05:00:00,1012.52,24.0,63
2025-03-21 06:00:00,1033.57,27.4,66
2025-03-21 07:00:00,1162.61,26.1,66
2025-03-21 08:00:00,1318.32,27.5,60
2025-03-21 09:00:00,1370.02,27.7,83
2025-03-21 10:00:00,1469.57,28.5,91
2025-03-21 11:00:00,1586.86,29.9,69
2025-03-21 12:00:00,1618.35,33.5,68
2025-03-21 13:00:00,1553.26,32.7,62
2025-03-21 14:00:00,1511.43,31.4,94
2025-03-21 15:00:00,1350.05,33.2,64
2025-03-21 16:00:00,1324.2,31.3,66
2025-03-21 17:00:00,1246.96,32.5,71
2025-03-21 18:00:00,1109.22,32.7,82
2025-03-21 19:00:00,969.41,30.3,84
2025-03-21 20:00:00,1006.45,28.1,76
2025-03-21 21:00:00,1055.67,27.8,73
2025-03-21 22:00:00,1039.75,26.0,94
2025-03-21 23:00:00,1117.98,23.0,60
2025-03-22 00:00:00,904.7,23.8,81
2025-03-22 01:00:00,851.83,23.0,87
2025-03-22 02:00:00,858.75,23.2,82
2025-03-22 03:00:00,806.07,26.3,77
2025-03-22 04:00:00,822.75,25.9,62
2025-03-22 05:00:00,826.1,25.7,73
2025-03-22 06:00:00,935.27,27.0,66
2025-03-22 07:00:00,1049.0,24.7,76
2025-03-22 08:00:00,1029.07,28.9,65
2025-03-22 09:00:00,1123.63,30.2,78
2025-03-22 10:00:00,1282.1,27.3,74
2025-03-22 11:00:00,1306.44,31.7,64
2025-03-22 12:00:00,1385.8,29.8,74
2025-03-22 13:00:00,1385.81,29.5,85
2025-03-22 14:00:00,1343.0,33.6,72
2025-03-22 15:00:00,1198.03,30.7,90
2025-03-22 16:00:00,1072.44,30.6,72
2025-03-22 17:00:00,905.75,32.0,82
2025-03-22 18:00:00,895.13,29.6,91
2025-03-22 19:00:00,848.09,28.8,63
2025-03-22 20:00:00,851.59,27.8,76
2025-03-22 21:00:00,812.66,27.4,79
2025-03-22 22:00:00,842.51,25.7,70
2025-03-22 23:00:00,824.96,25.3,92
2025-03-23 00:00:00,807.15,23.9,65
2025-03-23 01:00:00,841.0,24.6,77
2025-03-23 02:00:00,805.89,24.4,61
2025-03-23 03:00:00,852.37,26.4,76
2025-03-23 04:00:00,814.24,24.1,83
2025-03-23 05:00:00,829.91,25.0,89
2025-03-23 06:00:00,862.93,26.3,83
2025-03-23 07:00:00,865.03,28.1,63
2025-03-23 08:00:00,1135.18,26.7,66
2025-03-23 09:00:00,1159.17,29.2,74
2025-03-23 10:00:00,1279.48,27.0,89
2025-03-23 11:00:00,1311.89,30.5,88
2025-03-23 12:00:00,1421.43,32.8,72
2025-03-23 13:00:00,1367.85,31.0,88
2025-03-23 14:00:00,1265.01,32.2,85
2025-03-23 15:00:00,1180.48,31.2,94
2025-03-23 16:00:00,1141.18,30.4,78
2025-03-23 17:00:00,975.67,32.0,61
2025-03-23 18:00:00,891.09,28.7,73
2025-03-23 19:00:00,815.88,29.4,75
2025-03-23 20:00:00,766.15,28.4,90
2025-03-23 21:00:00,835.09,25.9,94
2025-03-23 22:00:00,872.36,26.2,81
2025-03-23 23:00:00,918.41,24.0,80
2025-03-24 00:00:00,1011.88,25.2,87
2025-03-24 01:00:00,1043.65,22.6,76
2025-03-24 02:00:00,1043.76,23.6,77
2025-03-24 03:00:00,1043.7,23.8,91
2025-03-24 04:00:00,1030.53,25.9,82
2025-03-24 05:00:00,1047.72,25.3,65
2025-03-24 06:00:00,1114.9,27.1,88
2025-03-24 07:00:00,1149.79,27.6,65
2025-03-24 08:00:00,1318.32,28.7,92
2025-03-24 09:00:00,1412.58,28.6,91
2025-03-24 10:00:00,1485.95,31.2,76
2025-03-24 11:00:00,1622.08,30.4,63
2025-03-24 12:00:00,1645.12,29.4,90
2025-03-24 13:00:00,1598.71,31.6,81
2025-03-24 14:00:00,1391.52,32.5,86
2025-03-24 15:00:00,1452.71,29.9,80
2025-03-24 16:00:00,1313.49,30.4,79
2025-03-24 17:00:00,1251.68,29.4,93
2025-03-24 18:00:00,1143.99,30.9,82
2025-03-24 19:00:00,1107.3,31.0,75
2025-03-24 20:00:00,1066.45,27.7,65
2025-03-24 21:00:00,1091.13,27.6,75
2025-03-24 22:00:00,1133.99,26.6,66
2025-03-24 23:00:00,1090.73,27.0,73
2025-03-25 00:00:00,1038.78,23.8,62
2025-03-25 01:00:00,1075.5,23.9,92
2025-03-25 02:00:00,1080.96,23.6,88
2025-03-25 03:00:00,1049.67,24.2,63
2025-03-25 04:00:00,995.2,27.5,81
2025-03-25 05:00:00,998.12,25.2,74
2025-03-25 06:00:00,1077.9,25.0,63
2025-03-25 07:00:00,1212.9,25.6,77
2025-03-25 08:00:00,1344.17,29.5,82
2025-03-25 09:00:00,1432.72,28.0,63
2025-03-25 10:00:00,1537.38,30.8,63
2025-03-25 11:00:00,1566.45,30.0,77
2025-03-25 12:00:00,1532.91,29.9,60
2025-03-25 13:00:00,1553.36,32.6,91
2025-03-25 14:00:00,1491.34,31.2,80
2025-03-25 15:00:00,1383.28,32.4,85
2025-03-25 16:00:00,1290.82,32.1,80
2025-03-25 17:00:00,1200.14,31.5,88
2025-03-25 18:00:00,1133.77,29.7,91
2025-03-25 19:00:00,1045.56,29.9,63
2025-03-25 20:00:00,972.29,26.9,72
2025-03-25 21:00:00,1030.25,24.0,94
2025-03-25 22:00:00,1068.96,26.8,86
2025-03-25 23:00:00,1129.18,25.4,60
2025-03-26 00:00:00,1077.16,23.8,73
2025-03-26 01:00:00,1107.42,22.4,89
2025-03-26 02:00:00,1080.69,21.6,73
2025-03-26 03:00:00,1051.81,24.2,70
2025-03-26 04:00:00,1074.63,26.5,90
2025-03-26 05:00:00,1035.31,25.0,87
2025-03-26 06:00:00,1086.94,25.6,86
2025-03-26 07:00:00,1187.44,26.9,62
2025-03-26 08:00:00,1269.68,30.6,65
2025-03-26 09:00:00,1421.65,29.9,78
2025-03-26 10:00:00,1478.64,28.9,93
2025-03-26 11:00:00,1580.42,30.9,87
2025-03-26 12:00:00,1593.6,31.9,71
2025-03-26 13:00:00,1580.04,30.6,69
2025-03-26 14:00:00,1487.53,32.9,84
2025-03-26 15:00:00,1392.03,30.9,82
2025-03-26 16:00:00,1295.49,29.7,85
2025-03-26 17:00:00,1194.99,30.9,78
2025-03-26 18:00:00,1106.99,29.9,79
2025-03-26 19:00:00,1118.2,29.0,77
2025-03-26 20:00:00,1007.47,27.1,70
2025-03-26 21:00:00,1048.13,26.2,84
2025-03-26 22:00:00,1015.58,27.4,60
2025-03-26 23:00:00,1102.63,25.7,91
2025-03-27 00:00:00,1061.22,23.4,92
2025-03-27 01:00:00,1082.96,21.8,66
2025-03-27 02:00:00,1060.74,22.9,90
2025-03-27 03:00:00,1063.33,24.3,85
2025-03-27 04:00:00,1025.93,23.8,66
2025-03-27 05:00:00,1040.82,24.3,83
2025-03-27 06:00:00,1160.55,25.3,64
2025-03-27 07:00:00,1201.04,26.9,81
2025-03-27 08:00:00,1275.67,28.9,62
2025-03-27 09:00:00,1398.31,29.0,65
2025-03-27 10:00:00,1564.41,30.1,84
2025-03-27 11:00:00,1567.49,30.6,82
2025-03-27 12:00:00,1576.2,30.9,71
2025-03-27 13:00:00,1551.76,32.9,87
2025-03-27 14:00:00,1487.62,32.9,91
2025-03-27 15:00:00,1386.31,34.3,84
2025-03-27 16:00:00,1250.56,32.2,93
2025-03-27 17:00:00,1151.79,30.2,89
2025-03-27 18:00:00,1081.33,28.9,77
2025-03-27 19:00:00,1082.44,30.2,94
2025-03-27 20:00:00,1032.03,27.0,65
2025-03-27 21:00:00,1046.35,27.9,78
2025-03-27 22:00:00,1118.33,25.1,81
2025-03-27 23:00:00,1138.16,25.6,91
2025-03-28 00:00:00,1093.6,23.3,86
2025-03-28 01:00:00,1073.84,25.1,75
2025-03-28 02:00:00,1046.72,22.5,85
2025-03-28 03:00:00,1080.96,24.5,63
2025-03-28 04:00:00,1041.33,24.3,75
2025-03-28 05:00:00,1051.35,25.3,78
2025-03-28 06:00:00,1085.03,25.5,87
2025-03-28 07:00:00,1167.36,26.5,76
2025-03-28 08:00:00,1309.72,28.2,61
2025-03-28 09:00:00,1364.26,27.8,61
2025-03-28 10:00:00,1544.86,28.8,83
2025-03-28 11:00:00,1560.26,30.4,86
2025-03-28 12:00:00,1598.31,31.0,63
2025-03-28 13:00:00,1532.16,30.7,79
2025-03-28 14:00:00,1509.63,33.1,71
2025-03-28 15:00:00,1398.85,31.5,87
2025-03-28 16:00:00,1296.81,31.2,88
2025-03-28 17:00:00,1245.86,29.2,92
2025-03-28 18:00:00,1119.8,32.5,77
2025-03-28 19:00:00,1037.14,31.9,71
2025-03-28 20:00:00,1023.69,27.1,69
2025-03-28 21:00:00,1077.65,28.4,83
2025-03-28 22:00:00,1122.55,25.9,76
2025-03-28 23:00:00,1105.91,27.1,91
2025-03-29 00:00:00,930.79,24.9,84
2025-03-29 01:00:00,920.47,24.3,66
2025-03-29 02:00:00,929.86,21.0,79
2025-03-29 03:00:00,791.69,23.1,88
2025-03-29 04:00:00,875.06,24.6,78
2025-03-29 05:00:00,902.52,25.4,70
2025-03-29 06:00:00,869.86,24.5,92
2025-03-29 07:00:00,966.51,26.1,74
2025-03-29 08:00:00,1071.95,28.7,90
2025-03-29 09:00:00,1188.0,27.4,72
2025-03-29 10:00:00,1296.39,30.2,78
2025-03-29 11:00:00,1390.64,32.3,65
2025-03-29 12:00:00,1437.05,31.9,87
2025-03-29 13:00:00,1420.01,32.3,81
2025-03-29 14:00:00,1283.95,29.6,87
2025-03-29 15:00:00,1183.98,30.9,75
2025-03-29 16:00:00,1147.83,33.9,92
2025-03-29 17:00:00,1020.2,30.1,85
2025-03-29 18:00:00,919.69,31.5,82
2025-03-29 19:00:00,884.73,28.3,60
2025-03-29 20:00:00,850.75,27.7,88
2025-03-29 21:00:00,878.39,27.6,67
2025-03-29 22:00:00,868.54,26.1,62
2025-03-29 23:00:00,908.66,25.6,72
2025-03-30 00:00:00,857.02,23.6,79
2025-03-30 01:00:00,878.26,22.8,64
2025-03-30 02:00:00,859.7,22.9,71
2025-03-30 03:00:00,850.02,23.5,76
2025-03-30 04:00:00,822.48,24.3,73
2025-03-30 05:00:00,852.61,26.4,85
2025-03-30 06:00:00,866.92,26.1,89
2025-03-30 07:00:00,1019.91,27.5,91
2025-03-30 08:00:00,1102.04,28.2,89
2025-03-30 09:00:00,1157.03,27.7,71
2025-03-30 10:00:00,1287.23,30.0,78
2025-03-30 11:00:00,1397.13,31.0,84
2025-03-30 12:00:00,1390.95,32.4,92
2025-03-30 13:00:00,1360.97,30.6,80
2025-03-30 14:00:00,1313.86,29.6,61
2025-03-30 15:00:00,1228.77,32.1,80
2025-03-30 16:00:00,1054.7,31.9,85
2025-03-30 17:00:00,1020.02,30.6,91
2025-03-30 18:00:00,891.98,30.0,86
2025-03-30 19:00:00,870.74,30.1,76
2025-03-30 20:00:00,853.76,27.4,63
2025-03-30 21:00:00,844.78,26.6,74
2025-03-30 22:00:00,847.68,26.1,92
2025-03-30 23:00:00,892.46,23.7,73
2025-03-31 00:00:00,1169.97,24.4,85
2025-03-31 01:00:00,1057.87,24.1,61
2025-03-31 02:00:00,1145.82,26.0,79
2025-03-31 03:00:00,1057.23,23.8,85
2025-03-31 04:00:00,1059.34,24.8,61
2025-03-31 05:00:00,1036.45,26.3,61
2025-03-31 06:00:00,1096.12,25.0,76
2025-03-31 07:00:00,1186.3,28.6,77
2025-03-31 08:00:00,1271.53,30.1,63
2025-03-31 09:00:00,1412.6,29.0,76
2025-03-31 10:00:00,1505.4,29.4,92
2025-03-31 11:00:00,1653.32,32.8,82
2025-03-31 12:00:00,1572.34,32.4,72
2025-03-31 13:00:00,1592.15,32.0,66
2025-03-31 14:00:00,1528.34,33.7,60
2025-03-31 15:00:00,1382.48,33.4,90
2025-03-31 16:00:00,1332.21,31.1,84
2025-03-31 17:00:00,1190.02,31.1,89
2025-03-31 18:00:00,1035.95,30.7,80
2025-03-31 19:00:00,1097.66,29.1,78
2025-03-31 20:00:00,1019.1,26.3,75
2025-03-31 21:00:00,1029.75,25.8,92
2025-03-31 22:00:00,1110.78,24.4,65
2025-03-31 23:00:00,1093.5,25.8,67
2025-04-01 00:00:00,1148.39,23.1,60
2025-04-01 01:00:00,1151.07,24.4,72
2025-04-01 02:00:00,1067.2,26.2,85
2025-04-01 03:00:00,1097.27,25.8,75
2025-04-01 04:00:00,1034.85,22.3,87
2025-04-01 05:00:00,1155.82,23.6,82
2025-04-01 06:00:00,1102.05,25.1,66
2025-04-01 07:00:00,1243.0,25.6,83
2025-04-01 08:00:00,1340.84,26.0,67
2025-04-01 09:00:00,1434.16,29.0,60
2025-04-01 10:00:00,1499.36,30.8,63
2025-04-01 11:00:00,1586.43,32.0,78
2025-04-01 12:00:00,1540.96,30.9,81
2025-04-01 13:00:00,1599.6,31.5,60
2025-04-01 14:00:00,1535.09,32.4,78
2025-04-01 15:00:00,1427.8,31.7,88
2025-04-01 16:00:00,1207.29,32.4,78
2025-04-01 17:00:00,1162.85,31.3,65
2025-04-01 18:00:00,1100.18,29.5,84
2025-04-01 19:00:00,1087.95,26.8,82
2025-04-01 20:00:00,1071.51,29.8,60
2025-04-01 21:00:00,1063.65,26.1,74
2025-04-01 22:00:00,1112.12,26.4,84
2025-04-01 23:00:00,1072.92,22.9,63
2025-04-02 00:00:00,1140.8,24.5,60
2025-04-02 01:00:00,1128.5,24.3,80
2025-04-02 02:00:00,1106.16,24.2,69
2025-04-02 03:00:00,1066.31,27.8,61
2025-04-02 04:00:00,1128.54,23.8,76
2025-04-02 05:00:00,1098.1,26.2,72
2025-04-02 06:00:00,1095.58,26.6,86
2025-04-02 07:00:00,1218.95,26.2,87
2025-04-02 08:00:00,1340.82,29.0,69
2025-04-02 09:00:00,1405.68,28.8,69
2025-04-02 10:00:00,1564.13,31.1,68
2025-04-02 11:00:00,1608.28,33.2,93
2025-04-02 12:00:00,1537.52,31.6,63
2025-04-02 13:00:00,1605.41,31.5,63
2025-04-02 14:00:00,1511.81,33.3,63
2025-04-02 15:00:00,1445.1,33.5,70
2025-04-02 16:00:00,1347.58,30.4,60
2025-04-02 17:00:00,1217.15,30.3,80
2025-04-02 18:00:00,1187.83,30.8,84
2025-04-02 19:00:00,1074.67,28.9,68
2025-04-02 20:00:00,1086.42,26.9,84
2025-04-02 21:00:00,1100.96,27.6,77
2025-04-02 22:00:00,1089.65,26.8,66
2025-04-02 23:00:00,1139.27,24.8,85
2025-04-03 00:00:00,1101.79,24.6,77
2025-04-03 01:00:00,1100.26,23.4,60
2025-04-03 02:00:00,1050.17,22.7,68
2025-04-03 03:00:00,1084.29,23.5,69
2025-04-03 04:00:00,1079.01,24.6,70
2025-04-03 05:00:00,1125.28,23.4,91
2025-04-03 06:00:00,1160.33,25.5,80
2025-04-03 07:00:00,1203.46,27.1,91
2025-04-03 08:00:00,1276.41,29.4,78
2025-04-03 09:00:00,1444.58,28.7,67
2025-04-03 10:00:00,1568.04,28.5,94
2025-04-03 11:00:00,1624.5,30.6,81
2025-04-03 12:00:00,1660.63,30.8,63
2025-04-03 13:00:00,1590.67,32.5,88
2025-04-03 14:00:00,1512.86,31.6,90
2025-04-03 15:00:00,1403.67,28.6,67
2025-04-03 16:00:00,1315.74,35.9,71
2025-04-03 17:00:00,1210.73,31.0,64
2025-04-03 18:00:00,1139.94,30.1,89
2025-04-03 19:00:00,1079.56,27.2,94
2025-04-03 20:00:00,1063.04,26.2,63
2025-04-03 21:00:00,1048.76,26.9,80
2025-04-03 22:00:00,1129.18,26.4,75
2025-04-03 23:00:00,1117.85,26.0,77
2025-04-04 00:00:00,1119.65,24.8,90
2025-04-04 01:00:00,1092.04,22.7,91
2025-04-04 02:00:00,1052.64,21.0,92
2025-04-04 03:00:00,1124.77,24.0,78
2025-04-04 04:00:00,1090.19,23.9,79
2025-04-04 05:00:00,1030.32,23.7,69
2025-04-04 06:00:00,1162.5,27.0,85
2025-04-04 07:00:00,1248.86,25.1,77
2025-04-04 08:00:00,1325.15,28.7,74
2025-04-04 09:00:00,1488.52,27.3,77
2025-04-04 10:00:00,1539.9,30.2,90
2025-04-04 11:00:00,1551.63,31.9,74
2025-04-04 12:00:00,1638.6,31.1,88
2025-04-04 13:00:00,1609.81,33.9,74
2025-04-04 14:00:00,1511.23,34.3,60
2025-04-04 15:00:00,1452.69,32.1,82
2025-04-04 16:00:00,1262.48,32.1,70
2025-04-04 17:00:00,1251.3,32.1,75
2025-04-04 18:00:00,1105.12,30.7,89
2025-04-04 19:00:00,1052.76,29.6,88
2025-04-04 20:00:00,1066.89,27.4,62
2025-04-04 21:00:00,1094.25,24.9,76
2025-04-04 22:00:00,1105.11,24.3,85
2025-04-04 23:00:00,1092.34,28.0,68
2025-04-05 00:00:00,911.18,24.9,76
2025-04-05 01:00:00,881.69,23.8,90
2025-04-05 02:00:00,894.54,25.5,90
2025-04-05 03:00:00,919.76,23.2,70
2025-04-05 04:00:00,873.77,25.2,81
2025-04-05 05:00:00,920.37,25.3,62
2025-04-05 06:00:00,989.87,26.6,87
2025-04-05 07:00:00,999.14,26.6,91
2025-04-05 08:00:00,1117.41,26.8,63
2025-04-05 09:00:00,1311.71,28.0,70
2025-04-05 10:00:00,1386.01,29.1,60
2025-04-05 11:00:00,1345.83,30.8,75
2025-04-05 12:00:00,1442.51,29.6,93
2025-04-05 13:00:00,1404.39,30.4,91
2025-04-05 14:00:00,1364.41,32.2,92
2025-04-05 15:00:00,1209.68,31.7,70
2025-04-05 16:00:00,1094.6,31.7,72
2025-04-05 17:00:00,996.11,30.8,79
2025-04-05 18:00:00,918.98,33.0,84
2025-04-05 19:00:00,918.91,29.2,65
2025-04-05 20:00:00,832.67,27.5,85
2025-04-05 21:00:00,860.45,27.1,63
2025-04-05 22:00:00,839.9,27.2,85
2025-04-05 23:00:00,956.72,25.1,77
2025-04-06 00:00:00,976.51,25.4,72
2025-04-06 01:00:00,913.02,24.6,67
2025-04-06 02:00:00,895.1,23.7,92
2025-04-06 03:00:00,901.12,24.3,75
2025-04-06 04:00:00,928.65,26.5,90
2025-04-06 05:00:00,907.72,25.5,82
2025-04-06 06:00:00,917.64,24.8,75
2025-04-06 07:00:00,966.18,26.6,69
2025-04-06 08:00:00,1088.04,25.5,90
2025-04-06 09:00:00,1241.41,29.2,91
2025-04-06 10:00:00,1315.65,31.6,80
2025-04-06 11:00:00,1414.31,29.2,75
2025-04-06 12:00:00,1412.74,31.6,88
2025-04-06 13:00:00,1370.46,33.0,75
2025-04-06 14:00:00,1297.41,33.3,74
2025-04-06 15:00:00,1293.56,33.4,67
2025-04-06 16:00:00,1158.23,29.2,74
2025-04-06 17:00:00,1083.47,31.4,80
2025-04-06 18:00:00,961.02,28.2,80
2025-04-06 19:00:00,878.45,27.8,66
2025-04-06 20:00:00,923.45,29.0,78
2025-04-06 21:00:00,884.21,27.2,81
2025-04-06 22:00:00,913.37,26.9,72
2025-04-06 23:00:00,923.09,24.1,85
2025-04-07 00:00:00,1031.99,26.3,81
2025-04-07 01:00:00,1183.74,25.0,66
2025-04-07 02:00:00,1125.82,25.1,94
2025-04-07 03:00:00,1099.92,22.8,62
2025-04-07 04:00:00,1077.99,25.9,94
2025-04-07 05:00:00,1102.25,24.8,75
2025-04-07 06:00:00,1124.26,25.3,75
2025-04-07 07:00:00,1247.53,27.7,61
2025-04-07 08:00:00,1284.43,28.7,76
2025-04-07 09:00:00,1448.47,28.0,83
2025-04-07 10:00:00,1561.35,32.5,81
2025-04-07 11:00:00,1603.65,33.0,82
2025-04-07 12:00:00,1648.18,32.2,78
2025-04-07 13:00:00,1575.91,32.4,81
2025-04-07 14:00:00,1507.91,32.4,76
2025-04-07 15:00:00,1450.28,30.0,61
2025-04-07 16:00:00,1353.97,31.6,73
2025-04-07 17:00:00,1160.39,30.9,87
2025-04-07 18:00:00,1163.5,29.3,72
2025-04-07 19:00:00,1077.6,28.7,76
2025-04-07 20:00:00,1073.5,25.1,68
2025-04-07 21:00:00,1041.59,25.6,73
2025-04-07 22:00:00,1078.94,27.1,61
2025-04-07 23:00:00,1161.52,27.2,80
2025-04-08 00:00:00,1139.38,23.4,94
2025-04-08 01:00:00,1117.28,24.4,89
2025-04-08 02:00:00,1107.66,25.3,76
2025-04-08 03:00:00,1108.59,23.5,84
2025-04-08 04:00:00,1098.67,25.3,94
2025-04-08 05:00:00,1097.0,25.1,65
2025-04-08 06:00:00,1186.52,27.4,62
2025-04-08 07:00:00,1263.02,25.4,60
2025-04-08 08:00:00,1347.74,26.7,93
2025-04-08 09:00:00,1446.97,29.4,60
2025-04-08 10:00:00,1567.8,30.1,85
2025-04-08 11:00:00,1624.69,30.8,77
2025-04-08 12:00:00,1675.42,32.2,65
2025-04-08 13:00:00,1645.19,30.7,70
2025-04-08 14:00:00,1509.17,30.4,89
2025-04-08 15:00:00,1407.08,31.3,73
2025-04-08 16:00:00,1308.77,31.0,69
2025-04-08 17:00:00,1263.27,30.5,90
2025-04-08 18:00:00,1093.16,31.5,74
2025-04-08 19:00:00,1113.52,30.0,89
2025-04-08 20:00:00,1096.03,28.6,73
2025-04-08 21:00:00,1132.26,27.2,82
2025-04-08 22:00:00,1118.16,25.5,76
2025-04-08 23:00:00,1083.79,24.1,86
2025-04-09 00:00:00,1107.73,23.1,72
2025-04-09 01:00:00,1092.38,23.3,73
2025-04-09 02:00:00,1095.98,23.9,85
2025-04-09 03:00:00,1088.15,22.8,70
2025-04-09 04:00:00,1045.54,24.7,60
2025-04-09 05:00:00,1154.18,24.9,83
2025-04-09 06:00:00,1104.96,25.5,79
2025-04-09 07:00:00,1279.24,28.4,67
2025-04-09 08:00:00,1377.83,25.0,67
2025-04-09 09:00:00,1479.58,28.6,89
2025-04-09 10:00:00,1523.59,27.2,77
2025-04-09 11:00:00,1628.76,31.1,72
2025-04-09 12:00:00,1596.67,32.4,78
2025-04-09 13:00:00,1648.67,30.2,72
2025-04-09 14:00:00,1545.3,30.5,85
2025-04-09 15:00:00,1433.84,29.8,68
2025-04-09 16:00:00,1293.57,31.5,93
2025-04-09 17:00:00,1145.47,30.4,90
2025-04-09 18:00:00,1115.06,29.7,66
2025-04-09 19:00:00,1141.74,28.6,68
2025-04-09 20:00:00,1072.32,26.8,85
2025-04-09 21:00:00,1088.72,28.3,92
2025-04-09 22:00:00,1137.87,26.3,92
2025-04-09 23:00:00,1197.08,23.7,63
2025-04-10 00:00:00,1190.74,23.7,87
2025-04-10 01:00:00,1102.78,23.1,63
2025-04-10 02:00:00,1049.88,25.7,93
2025-04-10 03:00:00,1180.2,25.0,65
2025-04-10 04:00:00,1168.81,24.4,92
2025-04-10 05:00:00,1112.37,27.2,64
2025-04-10 06:00:00,1109.94,27.7,78
2025-04-10 07:00:00,1268.9,26.7,77
2025-04-10 08:00:00,1335.64,27.5,62
2025-04-10 09:00:00,1447.24,28.6,93
2025-04-10 10:00:00,1582.24,28.9,61
2025-04-10 11:00:00,1631.54,32.9,60
2025-04-10 12:00:00,1602.93,30.3,94
2025-04-10 13:00:00,1608.48,32.9,63
2025-04-10 14:00:00,1574.1,32.8,94
2025-04-10 15:00:00,1469.09,31.5,67
2025-04-10 16:00:00,1348.63,33.6,88
2025-04-10 17:00:00,1267.92,29.0,73
2025-04-10 18:00:00,1141.81,29.9,89
2025-04-10 19:00:00,1112.1,28.4,66
2025-04-10 20:00:00,971.34,29.2,72
2025-04-10 21:00:00,1081.97,27.4,81
2025-04-10 22:00:00,1144.72,23.9,61
2025-04-10 23:00:00,1123.28,26.7,67
2025-04-11 00:00:00,1131.1,25.1,80
2025-04-11 01:00:00,1103.41,22.9,79
2025-04-11 02:00:00,1156.04,23.6,70
2025-04-11 03:00:00,1119.85,22.6,93
2025-04-11 04:00:00,1121.33,24.3,64
2025-04-11 05:00:00,1048.4,25.4,89
2025-04-11 06:00:00,1151.83,25.6,92
2025-04-11 07:00:00,1228.43,26.4,71
2025-04-11 08:00:00,1332.64,26.1,64
2025-04-11 09:00:00,1432.68,29.4,60
2025-04-11 10:00:00,1541.86,27.7,94
2025-04-11 11:00:00,1652.62,30.9,84
2025-04-11 12:00:00,1580.53,29.3,63
2025-04-11 13:00:00,1685.1,31.9,68
2025-04-11 14:00:00,1570.93,32.0,62
2025-04-11 15:00:00,1452.79,32.3,89
2025-04-11 16:00:00,1374.24,32.5,79
2025-04-11 17:00:00,1187.48,32.1,69
2025-04-11 18:00:00,1134.25,28.1,79
2025-04-11 19:00:00,1104.66,29.0,62
2025-04-11 20:00:00,1140.32,30.4,70
2025-04-11 21:00:00,1099.13,27.1,74
2025-04-11 22:00:00,1136.78,25.0,87
2025-04-11 23:00:00,1119.35,25.1,94
2025-04-12 00:00:00,967.48,24.1,66
2025-04-12 01:00:00,1001.59,22.7,92
2025-04-12 02:00:00,958.79,25.0,78
2025-04-12 03:00:00,900.83,24.8,88
2025-04-12 04:00:00,919.1,22.9,61
2025-04-12 05:00:00,932.05,25.1,78
2025-04-12 06:00:00,978.2,25.3,68
2025-04-12 07:00:00,1080.18,25.0,65
2025-04-12 08:00:00,1184.14,26.3,76
2025-04-12 09:00:00,1252.82,27.5,61
2025-04-12 10:00:00,1379.47,29.9,65
2025-04-12 11:00:00,1412.5,30.3,73
2025-04-12 12:00:00,1418.2,30.3,85
2025-04-12 13:00:00,1416.49,31.4,77
2025-04-12 14:00:00,1354.36,32.9,65
2025-04-12 15:00:00,1199.15,32.3,71
2025-04-12 16:00:00,1175.64,32.7,81
2025-04-12 17:00:00,944.46,30.6,73
2025-04-12 18:00:00,1055.56,31.9,72
2025-04-12 19:00:00,964.49,29.5,68
2025-04-12 20:00:00,886.42,27.4,91
2025-04-12 21:00:00,904.11,27.1,69
2025-04-12 22:00:00,934.66,24.5,86
2025-04-12 23:00:00,922.39,24.8,73
2025-04-13 00:00:00,960.19,25.1,68
2025-04-13 01:00:00,940.85,24.9,68
2025-04-13 02:00:00,923.65,23.5,85
2025-04-13 03:00:00,913.04,27.4,91
2025-04-13 04:00:00,852.49,24.3,94
2025-04-13 05:00:00,916.23,23.2,85
2025-04-13 06:00:00,969.2,27.5,62
2025-04-13 07:00:00,1048.78,27.7,89
2025-04-13 08:00:00,1140.94,28.3,88
2025-04-13 09:00:00,1300.1,28.5,79
2025-04-13 10:00:00,1347.63,30.5,63
2025-04-13 11:00:00,1436.87,32.8,73
2025-04-13 12:00:00,1498.92,31.7,80
2025-04-13 13:00:00,1426.15,30.1,66
2025-04-13 14:00:00,1367.54,27.9,65
2025-04-13 15:00:00,1256.93,32.3,65
2025-04-13 16:00:00,1191.84,30.3,84
2025-04-13 17:00:00,1035.3,30.7,63
2025-04-13 18:00:00,1008.46,29.0,84
2025-04-13 19:00:00,911.3,28.0,77
2025-04-13 20:00:00,868.48,27.1,93
2025-04-13 21:00:00,930.57,26.2,84
2025-04-13 22:00:00,916.4,26.9,81
2025-04-13 23:00:00,967.74,25.9,73
2025-04-14 00:00:00,1060.9,23.1,70
2025-04-14 01:00:00,1149.06,22.9,86
2025-04-14 02:00:00,1113.85,24.5,85
2025-04-14 03:00:00,1072.46,25.4,94
2025-04-14 04:00:00,1082.09,25.8,75
2025-04-14 05:00:00,1097.75,24.0,79
2025-04-14 06:00:00,1164.78,27.2,74
2025-04-14 07:00:00,1199.4,24.8,73
2025-04-14 08:00:00,1362.55,27.8,67
2025-04-14 09:00:00,1511.08,29.6,83
2025-04-14 10:00:00,1572.83,27.5,92
2025-04-14 11:00:00,1660.21,33.3,75
2025-04-14 12:00:00,1694.81,33.1,86
2025-04-14 13:00:00,1675.19,32.6,87
2025-04-14 14:00:00,1628.47,30.8,73
2025-04-14 15:00:00,1445.82,31.8,68
2025-04-14 16:00:00,1326.37,32.4,72
2025-04-14 17:00:00,1274.73,29.5,81
2025-04-14 18:00:00,1191.32,29.8,89
2025-04-14 19:00:00,1145.06,30.1,91
2025-04-14 20:00:00,1167.67,26.2,75
2025-04-14 21:00:00,1110.17,27.4,84
2025-04-14 22:00:00,1144.96,23.9,82
2025-04-14 23:00:00,1114.69,24.0,87
2025-04-15 00:00:00,1234.13,23.9,62
2025-04-15 01:00:00,1140.06,24.8,82
2025-04-15 02:00:00,1122.11,23.2,92
2025-04-15 03:00:00,1100.5,24.3,84
2025-04-15 04:00:00,1081.85,23.7,84
2025-04-15 05:00:00,1095.26,24.5,80
2025-04-15 06:00:00,1151.1,27.5,90
2025-04-15 07:00:00,1202.41,25.6,89
2025-04-15 08:00:00,1326.95,28.9,93
2025-04-15 09:00:00,1534.44,29.0,66
2025-04-15 10:00:00,1591.71,29.3,86
2025-04-15 11:00:00,1667.27,29.4,72
2025-04-15 12:00:00,1700.66,30.1,88
2025-04-15 13:00:00,1699.07,31.0,82
2025-04-15 14:00:00,1503.98,31.8,67
2025-04-15 15:00:00,1423.21,32.6,80
2025-04-15 16:00:00,1326.35,31.1,72
2025-04-15 17:00:00,1233.83,30.5,85
2025-04-15 18:00:00,1158.98,29.9,69
2025-04-15 19:00:00,1105.23,29.6,88
2025-04-15 20:00:00,1112.18,28.8,86
2025-04-15 21:00:00,1113.97,25.3,63
2025-04-15 22:00:00,1107.71,25.7,90
2025-04-15 23:00:00,1075.82,26.6,76
2025-04-16 00:00:00,1127.59,23.0,67
2025-04-16 01:00:00,1135.56,24.2,79
2025-04-16 02:00:00,1127.19,23.8,69
2025-04-16 03:00:00,1076.04,23.5,93
2025-04-16 04:00:00,1090.18,26.4,70
2025-04-16 05:00:00,1084.15,25.2,71
2025-04-16 06:00:00,1167.97,27.8,69
2025-04-16 07:00:00,1215.6,27.0,72
2025-04-16 08:00:00,1327.67,28.6,93
2025-04-16 09:00:00,1423.36,28.3,89
2025-04-16 10:00:00,1563.53,29.3,74
2025-04-16 11:00:00,1607.48,31.3,67
2025-04-16 12:00:00,1694.14,32.0,81
2025-04-16 13:00:00,1652.02,32.6,64
2025-04-16 14:00:00,1566.48,32.5,91
2025-04-16 15:00:00,1441.29,30.3,79
2025-04-16 16:00:00,1370.74,30.5,82
2025-04-16 17:00:00,1277.39,31.8,61
2025-04-16 18:00:00,1177.43,27.6,78
2025-04-16 19:00:00,1179.95,29.4,85
2025-04-16 20:00:00,1123.54,27.9,73
2025-04-16 21:00:00,1147.65,28.0,66
2025-04-16 22:00:00,1140.63,26.5,75
2025-04-16 23:00:00,1178.56,24.4,69
2025-04-17 00:00:00,1137.37,23.7,81
2025-04-17 01:00:00,1141.66,23.5,85
2025-04-17 02:00:00,1150.99,24.7,64
2025-04-17 03:00:00,1130.47,21.4,71
2025-04-17 04:00:00,1128.04,24.7,83
2025-04-17 05:00:00,1165.17,24.1,83
2025-04-17 06:00:00,1125.41,26.2,74
2025-04-17 07:00:00,1221.97,27.4,83
2025-04-17 08:00:00,1368.33,26.0,83
2025-04-17 09:00:00,1446.73,28.8,85
2025-04-17 10:00:00,1690.04,30.2,93
2025-04-17 11:00:00,1658.77,30.9,77
2025-04-17 12:00:00,1662.58,31.3,65
2025-04-17 13:00:00,1622.69,30.4,84
2025-04-17 14:00:00,1555.03,30.7,76
2025-04-17 15:00:00,1473.17,30.2,75
2025-04-17 16:00:00,1364.26,32.1,88
2025-04-17 17:00:00,1240.15,30.7,60
2025-04-17 18:00:00,1165.8,29.9,79
2025-04-17 19:00:00,1173.78,27.0,85
2025-04-17 20:00:00,1158.83,28.0,80
2025-04-17 21:00:00,1127.42,27.7,86
2025-04-17 22:00:00,1091.93,23.8,94
2025-04-17 23:00:00,1176.67,24.5,75
2025-04-18 00:00:00,1222.55,22.7,88
2025-04-18 01:00:00,1208.54,23.6,66
2025-04-18 02:00:00,1167.36,22.9,66
2025-04-18 03:00:00,1171.17,24.6,93
2025-04-18 04:00:00,1115.04,24.7,64
2025-04-18 05:00:00,1151.53,26.7,67
2025-04-18 06:00:00,1154.36,25.9,67
2025-04-18 07:00:00,1269.2,27.4,88
2025-04-18 08:00:00,1409.73,27.3,69
2025-04-18 09:00:00,1454.35,27.7,60
2025-04-18 10:00:00,1544.56,31.0,87
2025-04-18 11:00:00,1647.03,32.3,66
2025-04-18 12:00:00,1660.28,32.3,76
2025-04-18 13:00:00,1666.35,32.0,83
2025-04-18 14:00:00,1558.87,30.8,94
2025-04-18 15:00:00,1535.16,33.2,68
2025-04-18 16:00:00,1318.1,32.2,62
2025-04-18 17:00:00,1302.91,33.3,63
2025-04-18 18:00:00,1151.48,28.6,91
2025-04-18 19:00:00,1066.77,30.1,72
2025-04-18 20:00:00,1121.59,28.7,83
2025-04-18 21:00:00,1112.58,26.6,66
2025-04-18 22:00:00,1102.93,27.6,78
2025-04-18 23:00:00,1101.87,25.7,86
2025-04-19 00:00:00,970.73,23.4,86
2025-04-19 01:00:00,997.62,24.0,77
2025-04-19 02:00:00,965.0,22.9,89
2025-04-19 03:00:00,926.24,23.6,87
2025-04-19 04:00:00,932.8,25.4,88
2025-04-19 05:00:00,931.47,26.4,68
2025-04-19 06:00:00,931.01,26.3,80
2025-04-19 07:00:00,1012.11,26.1,66
2025-04-19 08:00:00,1158.95,28.5,84
2025-04-19 09:00:00,1272.22,29.9,85
2025-04-19 10:00:00,1407.37,27.6,65
2025-04-19 11:00:00,1472.99,31.0,79
2025-04-19 12:00:00,1492.27,31.2,77
2025-04-19 13:00:00,1436.69,33.0,79
2025-04-19 14:00:00,1329.28,32.5,77
2025-04-19 15:00:00,1292.3,32.4,60
2025-04-19 16:00:00,1184.49,30.9,92
2025-04-19 17:00:00,978.3,30.8,82
2025-04-19 18:00:00,951.92,31.1,73
2025-04-19 19:00:00,908.31,29.0,87
2025-04-19 20:00:00,920.27,28.2,80
2025-04-19 21:00:00,896.24,25.1,66
2025-04-19 22:00:00,943.3,25.9,71
2025-04-19 23:00:00,956.22,22.8,87
2025-04-20 00:00:00,968.29,23.9,66
2025-04-20 01:00:00,941.24,24.2,76
2025-04-20 02:00:00,925.0,24.9,73
2025-04-20 03:00:00,889.29,22.9,63
2025-04-20 04:00:00,932.19,25.0,81
2025-04-20 05:00:00,955.25,26.9,76
2025-04-20 06:00:00,956.93,25.2,94
2025-04-20 07:00:00,1117.91,25.1,91
2025-04-20 08:00:00,1157.9,28.3,90
2025-04-20 09:00:00,1334.25,27.6,84
2025-04-20 10:00:00,1357.95,29.0,69
2025-04-20 11:00:00,1378.4,31.9,61
2025-04-20 12:00:00,1488.01,33.7,86
2025-04-20 13:00:00,1458.04,30.7,71
2025-04-20 14:00:00,1381.65,31.1,75
2025-04-20 15:00:00,1258.25,31.3,75
2025-04-20 16:00:00,1167.74,30.8,62
2025-04-20 17:00:00,1046.85,33.1,84
2025-04-20 18:00:00,973.38,29.4,77
2025-04-20 19:00:00,964.8,28.6,91
2025-04-20 20:00:00,925.42,29.9,62
2025-04-20 21:00:00,948.55,27.7,67
2025-04-20 22:00:00,939.37,27.2,64
2025-04-20 23:00:00,954.46,24.1,79
2025-04-21 00:00:00,1136.31,23.9,84
2025-04-21 01:00:00,1156.18,22.9,65
2025-04-21 02:00:00,1033.95,25.0,87
2025-04-21 03:00:00,1109.26,25.6,82
2025-04-21 04:00:00,1118.84,23.8,83
2025-04-21 05:00:00,1157.81,24.7,69
2025-04-21 06:00:00,1177.31,25.6,69
2025-04-21 07:00:00,1279.67,25.1,92
2025-04-21 08:00:00,1295.43,27.2,68
2025-04-21 09:00:00,1481.52,30.0,77
2025-04-21 10:00:00,1524.46,28.9,62
2025-04-21 11:00:00,1609.86,30.9,92
2025-04-21 12:00:00,1670.2,29.9,69
2025-04-21 13:00:00,1696.83,31.7,86
2025-04-21 14:00:00,1596.26,31.3,94
2025-04-21 15:00:00,1484.18,30.4,77
2025-04-21 16:00:00,1371.09,32.4,66
2025-04-21 17:00:00,1242.58,31.8,66
2025-04-21 18:00:00,1167.74,28.8,81
2025-04-21 19:00:00,1153.12,28.8,69
2025-04-21 20:00:00,1073.31,28.1,86
2025-04-21 21:00:00,1150.78,24.8,63
2025-04-21 22:00:00,1136.7,24.3,71
2025-04-21 23:00:00,1198.15,26.7,62
2025-04-22 00:00:00,1213.11,23.3,62
2025-04-22 01:00:00,1113.36,25.6,84
2025-04-22 02:00:00,1132.62,22.4,85
2025-04-22 03:00:00,1102.77,24.9,66
2025-04-22 04:00:00,1061.05,24.2,93
2025-04-22 05:00:00,1104.73,25.0,69
2025-04-22 06:00:00,1274.95,28.2,62
2025-04-22 07:00:00,1291.63,25.5,87
2025-04-22 08:00:00,1441.62,28.7,70
2025-04-22 09:00:00,1515.32,29.7,91
2025-04-22 10:00:00,1560.07,34.0,67
2025-04-22 11:00:00,1641.58,29.5,79
2025-04-22 12:00:00,1700.14,30.7,64
2025-04-22 13:00:00,1670.26,32.8,72
2025-04-22 14:00:00,1565.85,31.8,70
2025-04-22 15:00:00,1433.48,31.3,93
2025-04-22 16:00:00,1489.63,32.6,62
2025-04-22 17:00:00,1265.41,30.5,74
2025-04-22 18:00:00,1178.17,28.9,92
2025-04-22 19:00:00,1144.92,29.9,69
2025-04-22 20:00:00,1116.09,28.5,62
2025-04-22 21:00:00,1137.11,26.6,73
2025-04-22 22:00:00,1198.13,25.6,92
2025-04-22 23:00:00,1167.69,24.1,92
2025-04-23 00:00:00,1141.54,25.4,82
2025-04-23 01:00:00,1169.02,23.7,60
2025-04-23 02:00:00,1139.49,23.1,86
2025-04-23 03:00:00,1185.31,22.6,91
2025-04-23 04:00:00,1168.25,25.0,80
2025-04-23 05:00:00,1147.4,24.6,79
2025-04-23 06:00:00,1147.51,23.6,86
2025-04-23 07:00:00,1230.15,25.5,91
2025-04-23 08:00:00,1377.81,27.7,88
2025-04-23 09:00:00,1500.83,28.8,82
2025-04-23 10:00:00,1575.69,29.7,94
2025-04-23 11:00:00,1640.9,30.4,74
2025-04-23 12:00:00,1661.55,29.7,69
2025-04-23 13:00:00,1656.89,30.8,74
2025-04-23 14:00:00,1505.42,33.4,84
2025-04-23 15:00:00,1450.55,33.1,76
2025-04-23 16:00:00,1355.38,32.2,90
2025-04-23 17:00:00,1315.38,31.4,70
2025-04-23 18:00:00,1163.85,31.1,79
2025-04-23 19:00:00,1150.03,27.7,90
2025-04-23 20:00:00,1135.28,28.0,75
2025-04-23 21:00:00,1181.0,25.6,70
2025-04-23 22:00:00,1200.04,24.7,79
2025-04-23 23:00:00,1172.79,25.6,85
2025-04-24 00:00:00,1168.33,25.7,85
2025-04-24 01:00:00,1154.18,23.9,65
2025-04-24 02:00:00,1150.04,26.0,94
2025-04-24 03:00:00,1123.02,24.4,67
2025-04-24 04:00:00,1149.37,23.6,66
2025-04-24 05:00:00,1161.08,23.9,75
2025-04-24 06:00:00,1215.72,27.2,68
2025-04-24 07:00:00,1319.87,27.1,70
2025-04-24 08:00:00,1445.21,28.8,80
2025-04-24 09:00:00,1496.16,25.8,66
2025-04-24 10:00:00,1630.01,30.3,71
2025-04-24 11:00:00,1648.13,30.2,80
2025-04-24 12:00:00,1726.51,29.8,64
2025-04-24 13:00:00,1697.6,31.8,65
2025-04-24 14:00:00,1626.85,33.3,85
2025-04-24 15:00:00,1495.12,34.6,88
2025-04-24 16:00:00,1356.67,31.8,62
2025-04-24 17:00:00,1227.04,30.0,70
2025-04-24 18:00:00,1193.67,29.1,82
2025-04-24 19:00:00,1200.1,30.2,84
2025-04-24 20:00:00,1119.24,26.8,71
2025-04-24 21:00:00,1165.79,27.7,60
2025-04-24 22:00:00,1188.13,26.4,63
2025-04-24 23:00:00,1167.61,25.4,60
2025-04-25 00:00:00,1233.75,22.7,65
2025-04-25 01:00:00,1078.32,23.7,93
2025-04-25 02:00:00,1118.38,22.3,86
2025-04-25 03:00:00,1108.87,23.4,75
2025-04-25 04:00:00,1104.01,25.6,70
2025-04-25 05:00:00,1160.84,26.6,73
2025-04-25 06:00:00,1207.86,26.3,69
2025-04-25 07:00:00,1292.28,26.3,72
2025-04-25 08:00:00,1403.58,29.9,93
2025-04-25 09:00:00,1461.25,28.3,92
2025-04-25 10:00:00,1551.6,28.6,92
2025-04-25 11:00:00,1677.01,31.7,72
2025-04-25 12:00:00,1665.68,32.0,76
2025-04-25 13:00:00,1608.19,31.2,68
2025-04-25 14:00:00,1628.26,32.1,72
2025-04-25 15:00:00,1543.36,32.4,75
2025-04-25 16:00:00,1437.27,31.7,89
2025-04-25 17:00:00,1285.1,31.4,92
2025-04-25 18:00:00,1219.68,29.4,65
2025-04-25 19:00:00,1197.1,29.7,71
2025-04-25 20:00:00,1110.34,28.0,61
2025-04-25 21:00:00,1179.89,26.4,92
2025-04-25 22:00:00,1170.93,25.7,74
2025-04-25 23:00:00,1212.23,25.1,76
2025-04-26 00:00:00,996.86,22.8,94
2025-04-26 01:00:00,1028.16,23.4,90
2025-04-26 02:00:00,971.68,24.1,89
2025-04-26 03:00:00,891.65,22.5,75
2025-04-26 04:00:00,986.19,23.8,76
2025-04-26 05:00:00,918.59,28.0,66
2025-04-26 06:00:00,1044.24,24.6,64
2025-04-26 07:00:00,1078.01,26.5,86
2025-04-26 08:00:00,1226.55,27.0,60
2025-04-26 09:00:00,1336.89,28.9,61
2025-04-26 10:00:00,1411.97,29.0,63
2025-04-26 11:00:00,1483.61,30.5,60
2025-04-26 12:00:00,1505.21,30.6,88
2025-04-26 13:00:00,1395.34,33.1,80
2025-04-26 14:00:00,1401.08,32.1,94
2025-04-26 15:00:00,1258.15,30.7,93
2025-04-26 16:00:00,1191.43,32.5,61
2025-04-26 17:00:00,1041.22,29.7,84
2025-04-26 18:00:00,958.98,28.1,65
2025-04-26 19:00:00,1008.0,29.0,67
2025-04-26 20:00:00,972.89,30.3,94
2025-04-26 21:00:00,943.55,24.8,78
2025-04-26 22:00:00,970.43,24.4,68
2025-04-26 23:00:00,974.24,26.1,92
2025-04-27 00:00:00,1012.94,23.8,67
2025-04-27 01:00:00,961.78,24.9,91
2025-04-27 02:00:00,1001.28,23.0,82
2025-04-27 03:00:00,937.37,24.3,93
2025-04-27 04:00:00,923.32,26.6,82
2025-04-27 05:00:00,955.15,23.7,91
2025-04-27 06:00:00,982.34,27.2,60
2025-04-27 07:00:00,1095.32,27.8,66
2025-04-27 08:00:00,1169.23,26.2,83
2025-04-27 09:00:00,1316.22,29.7,61
2025-04-27 10:00:00,1442.12,30.1,77
2025-04-27 11:00:00,1443.28,30.9,78
2025-04-27 12:00:00,1488.49,31.9,87
2025-04-27 13:00:00,1484.62,31.4,94
2025-04-27 14:00:00,1384.32,32.1,91
2025-04-27 15:00:00,1316.11,32.2,72
2025-04-27 16:00:00,1207.52,32.4,65
2025-04-27 17:00:00,1121.78,29.0,88
2025-04-27 18:00:00,981.88,31.5,69
2025-04-27 19:00:00,921.47,27.6,69
2025-04-27 20:00:00,927.34,28.9,93
2025-04-27 21:00:00,912.46,27.1,79
2025-04-27 22:00:00,986.37,24.5,92
2025-04-27 23:00:00,944.9,25.8,70
2025-04-28 00:00:00,1277.26,23.4,83
2025-04-28 01:00:00,1233.41,25.4,92
2025-04-28 02:00:00,1169.55,23.1,81
2025-04-28 03:00:00,1179.2,22.3,71
2025-04-28 04:00:00,1083.34,26.4,89
2025-04-28 05:00:00,1245.32,25.4,91
2025-04-28 06:00:00,1184.98,27.0,78
2025-04-28 07:00:00,1282.21,25.9,61
2025-04-28 08:00:00,1325.69,25.7,73
2025-04-28 09:00:00,1519.45,31.0,92
2025-04-28 10:00:00,1563.44,30.0,91
2025-04-28 11:00:00,1674.63,31.4,78
2025-04-28 12:00:00,1676.62,32.3,73
2025-04-28 13:00:00,1633.36,31.5,63
2025-04-28 14:00:00,1574.04,32.3,61
2025-04-28 15:00:00,1510.37,33.8,69
2025-04-28 16:00:00,1345.84,31.4,88
2025-04-28 17:00:00,1260.27,32.0,74
2025-04-28 18:00:00,1228.92,27.6,90
2025-04-28 19:00:00,1248.17,30.4,92
2025-04-28 20:00:00,1157.43,26.2,88
2025-04-28 21:00:00,1116.84,28.2,70
2025-04-28 22:00:00,1156.37,26.5,68
2025-04-28 23:00:00,1189.28,25.1,88
2025-04-29 00:00:00,1185.95,24.4,80
2025-04-29 01:00:00,1222.24,23.8,90
2025-04-29 02:00:00,1179.3,23.0,81
2025-04-29 03:00:00,1183.2,23.9,77
2025-04-29 04:00:00,1132.2,27.2,61
2025-04-29 05:00:00,1205.98,26.7,81
2025-04-29 06:00:00,1202.39,25.0,79
2025-04-29 07:00:00,1255.01,27.3,63
2025-04-29 08:00:00,1469.43,28.1,85
2025-04-29 09:00:00,1441.14,28.9,79
2025-04-29 10:00:00,1578.89,28.8,81
2025-04-29 11:00:00,1651.7,31.4,79
2025-04-29 12:00:00,1786.04,32.5,88
2025-04-29 13:00:00,1736.9,30.9,90
2025-04-29 14:00:00,1657.06,34.3,82
2025-04-29 15:00:00,1493.47,33.7,75
2025-04-29 16:00:00,1478.19,32.1,78
2025-04-29 17:00:00,1301.95,29.4,70
2025-04-29 18:00:00,1242.49,30.5,71
2025-04-29 19:00:00,1165.95,29.4,72
2025-04-29 20:00:00,1141.57,28.6,61
2025-04-29 21:00:00,1142.71,28.9,70
2025-04-29 22:00:00,1164.46,25.8,60
2025-04-29 23:00:00,1212.05,27.6,69
2025-04-30 00:00:00,1213.58,25.0,62
2025-04-30 01:00:00,1192.07,23.8,67
2025-04-30 02:00:00,1227.07,26.9,75
2025-04-30 03:00:00,1050.13,25.1,79
2025-04-30 04:00:00,1163.6,24.0,67
2025-04-30 05:00:00,1187.25,25.3,69
2025-04-30 06:00:00,1250.91,26.8,91
2025-04-30 07:00:00,1289.28,26.8,86
2025-04-30 08:00:00,1403.05,28.2,90
2025-04-30 09:00:00,1542.07,28.1,62
2025-04-30 10:00:00,1659.48,28.0,65
2025-04-30 11:00:00,1665.68,31.0,76
2025-04-30 12:00:00,1710.14,31.6,69
2025-04-30 13:00:00,1734.96,32.5,80
2025-04-30 14:00:00,1532.97,31.3,88
2025-04-30 15:00:00,1483.44,30.3,88
2025-04-30 16:00:00,1447.12,30.3,79
2025-04-30 17:00:00,1329.85,32.1,74
2025-04-30 18:00:00,1229.12,29.2,61
2025-04-30 19:00:00,1146.51,28.5,92
2025-04-30 20:00:00,1114.98,27.6,71
2025-04-30 21:00:00,1133.38,26.2,72
2025-04-30 22:00:00,1228.53,25.2,80
2025-04-30 23:00:00,1171.31,24.1,75
2025-05-01 00:00:00,1206.79,26.2,93
2025-05-01 01:00:00,1169.31,25.0,86
2025-05-01 02:00:00,1206.24,25.5,62
2025-05-01 03:00:00,1137.63,25.9,68
2025-05-01 04:00:00,1144.85,21.7,93
2025-05-01 05:00:00,1105.72,25.6,78
2025-05-01 06:00:00,1156.81,25.3,85
2025-05-01 07:00:00,1294.33,28.3,82
2025-05-01 08:00:00,1351.91,27.1,77
2025-05-01 09:00:00,1583.75,27.8,69
2025-05-01 10:00:00,1537.65,28.3,69
2025-05-01 11:00:00,1650.7,30.5,80
2025-05-01 12:00:00,1703.89,32.6,66
2025-05-01 13:00:00,1665.94,32.2,71
2025-05-01 14:00:00,1571.18,30.6,92
2025-05-01 15:00:00,1476.58,34.4,84
2025-05-01 16:00:00,1363.66,32.2,87
2025-05-01 17:00:00,1284.08,31.8,83
2025-05-01 18:00:00,1281.66,31.5,90
2025-05-01 19:00:00,1167.45,27.1,77
2025-05-01 20:00:00,1189.76,26.9,82
2025-05-01 21:00:00,1174.33,28.0,66
2025-05-01 22:00:00,1215.85,25.0,67
2025-05-01 23:00:00,1097.82,24.8,74
2025-05-02 00:00:00,1195.06,24.4,87
2025-05-02 01:00:00,1243.92,22.6,86
2025-05-02 02:00:00,1159.21,23.6,80
2025-05-02 03:00:00,1220.65,25.2,86
2025-05-02 04:00:00,1202.68,25.4,73
2025-05-02 05:00:00,1150.7,26.5,80
2025-05-02 06:00:00,1198.14,27.2,73
2025-05-02 07:00:00,1261.06,27.5,65
2025-05-02 08:00:00,1378.73,28.4,71
2025-05-02 09:00:00,1469.41,29.3,87
2025-05-02 10:00:00,1627.29,29.2,88
2025-05-02 11:00:00,1630.22,29.6,62
2025-05-02 12:00:00,1726.92,30.6,92
2025-05-02 13:00:00,1703.18,31.5,71
2025-05-02 14:00:00,1554.16,31.2,71
2025-05-02 15:00:00,1566.82,32.4,70
2025-05-02 16:00:00,1418.79,31.7,87
2025-05-02 17:00:00,1322.84,31.2,94
2025-05-02 18:00:00,1189.27,30.4,93
2025-05-02 19:00:00,1188.98,30.5,81
2025-05-02 20:00:00,1190.26,28.0,82
2025-05-02 21:00:00,1155.61,28.2,71
2025-05-02 22:00:00,1249.41,26.6,78
2025-05-02 23:00:00,1199.83,26.5,90
2025-05-03 00:00:00,1048.09,26.5,72
2025-05-03 01:00:00,1010.86,24.8,78
2025-05-03 02:00:00,1002.16,24.1,81
2025-05-03 03:00:00,902.91,24.3,89
2025-05-03 04:00:00,966.17,24.0,63
2025-05-03 05:00:00,943.84,24.6,72
2025-05-03 06:00:00,988.57,27.1,79
2025-05-03 07:00:00,1160.03,25.8,65
2025-05-03 08:00:00,1195.73,29.9,71
2025-05-03 09:00:00,1279.87,28.9,75
2025-05-03 10:00:00,1402.16,33.4,76
2025-05-03 11:00:00,1438.11,30.0,67
2025-05-03 12:00:00,1558.42,31.8,92
2025-05-03 13:00:00,1459.29,31.4,71
2025-05-03 14:00:00,1433.27,31.0,85
2025-05-03 15:00:00,1362.49,33.1,78
2025-05-03 16:00:00,1185.75,30.1,72
2025-05-03 17:00:00,1117.66,30.0,69
2025-05-03 18:00:00,982.21,30.7,93
2025-05-03 19:00:00,1055.24,29.9,90
2025-05-03 20:00:00,986.05,26.3,86
2025-05-03 21:00:00,954.76,27.7,62
2025-05-03 22:00:00,954.73,26.2,64
2025-05-03 23:00:00,996.74,24.1,64
2025-05-04 00:00:00,998.67,23.6,66
2025-05-04 01:00:00,1071.37,21.7,72
2025-05-04 02:00:00,941.18,26.1,93
2025-05-04 03:00:00,968.53,25.4,93
2025-05-04 04:00:00,954.95,23.0,62
2025-05-04 05:00:00,967.86,26.1,69
2025-05-04 06:00:00,1016.8,25.3,94
2025-05-04 07:00:00,1097.33,28.1,65
2025-05-04 08:00:00,1236.17,27.4,80
2025-05-04 09:00:00,1338.71,28.6,64
2025-05-04 10:00:00,1431.79,29.7,62
2025-05-04 11:00:00,1379.85,30.0,79
2025-05-04 12:00:00,1521.13,33.1,89
2025-05-04 13:00:00,1428.1,32.9,71
2025-05-04 14:00:00,1439.78,32.1,94
2025-05-04 15:00:00,1369.04,33.1,91
2025-05-04 16:00:00,1173.24,29.5,78
2025-05-04 17:00:00,1092.28,29.4,74
2025-05-04 18:00:00,999.69,30.6,69
2025-05-04 19:00:00,1015.29,29.9,85
2025-05-04 20:00:00,959.01,28.3,65
2025-05-04 21:00:00,1024.4,24.7,85
2025-05-04 22:00:00,998.67,24.7,61
2025-05-04 23:00:00,1011.63,25.7,91
2025-05-05 00:00:00,1215.33,27.4,62
2025-05-05 01:00:00,1234.01,25.6,78
2025-05-05 02:00:00,1125.62,25.9,79
2025-05-05 03:00:00,1169.17,24.5,89
2025-05-05 04:00:00,1155.51,24.9,79
2025-05-05 05:00:00,1199.73,23.9,93
2025-05-05 06:00:00,1216.4,27.1,76
2025-05-05 07:00:00,1267.4,26.9,82
2025-05-05 08:00:00,1408.24,28.8,68
2025-05-05 09:00:00,1481.87,29.1,86
2025-05-05 10:00:00,1552.12,30.3,76
2025-05-05 11:00:00,1713.85,30.7,76
2025-05-05 12:00:00,1733.27,31.7,61
2025-05-05 13:00:00,1704.76,33.1,74
2025-05-05 14:00:00,1665.13,30.5,70
2025-05-05 15:00:00,1496.52,30.1,68
2025-05-05 16:00:00,1357.94,32.0,73
2025-05-05 17:00:00,1301.37,32.6,67
2025-05-05 18:00:00,1210.88,32.0,71
2025-05-05 19:00:00,1144.94,27.6,66
2025-05-05 20:00:00,1155.26,27.5,62
2025-05-05 21:00:00,1144.87,25.2,85
2025-05-05 22:00:00,1122.3,25.3,62
2025-05-05 23:00:00,1190.07,26.5,63
2025-05-06 00:00:00,1175.5,24.5,91
2025-05-06 01:00:00,1215.83,23.7,73
2025-05-06 02:00:00,1165.81,24.7,62
2025-05-06 03:00:00,1207.42,23.2,72
2025-05-06 04:00:00,1216.43,26.4,67
2025-05-06 05:00:00,1200.45,25.2,61
2025-05-06 06:00:00,1171.02,25.5,90
2025-05-06 07:00:00,1358.77,27.7,86
2025-05-06 08:00:00,1465.47,29.1,76
2025-05-06 09:00:00,1522.76,31.0,94
2025-05-06 10:00:00,1668.14,29.7,83
2025-05-06 11:00:00,1671.43,32.1,60
2025-05-06 12:00:00,1650.02,31.6,88
2025-05-06 13:00:00,1664.14,31.1,85
2025-05-06 14:00:00,1682.38,31.1,94
2025-05-06 15:00:00,1469.94,30.5,83
2025-05-06 16:00:00,1410.34,30.6,92
2025-05-06 17:00:00,1307.34,32.2,85
2025-05-06 18:00:00,1207.42,30.8,85
2025-05-06 19:00:00,1161.23,27.5,70
2025-05-06 20:00:00,1162.91,25.9,88
2025-05-06 21:00:00,1148.94,25.6,88
2025-05-06 22:00:00,1139.12,25.1,62
2025-05-06 23:00:00,1215.37,24.8,68
2025-05-07 00:00:00,1255.13,25.9,94
2025-05-07 01:00:00,1240.45,23.5,65
2025-05-07 02:00:00,1162.73,26.0,68
2025-05-07 03:00:00,1127.01,22.1,67
2025-05-07 04:00:00,1152.64,24.1,86
2025-05-07 05:00:00,1233.84,26.1,93
2025-05-07 06:00:00,1250.19,27.0,83
2025-05-07 07:00:00,1333.03,26.6,64
2025-05-07 08:00:00,1443.76,29.2,69
2025-05-07 09:00:00,1539.12,30.0,79
2025-05-07 10:00:00,1628.35,29.2,81
2025-05-07 11:00:00,1716.21,31.2,71
2025-05-07 12:00:00,1698.52,32.3,88
2025-05-07 13:00:00,1643.54,31.1,90
2025-05-07 14:00:00,1649.46,34.0,65
2025-05-07 15:00:00,1567.75,30.9,66
2025-05-07 16:00:00,1373.52,31.6,92
2025-05-07 17:00:00,1337.21,29.3,74
2025-05-07 18:00:00,1286.49,30.1,72
2025-05-07 19:00:00,1178.97,27.8,83
2025-05-07 20:00:00,1134.05,27.6,89
2025-05-07 21:00:00,1175.21,25.1,92
2025-05-07 22:00:00,1171.92,27.0,79
2025-05-07 23:00:00,1188.55,25.6,78
2025-05-08 00:00:00,1234.98,25.8,78
2025-05-08 01:00:00,1156.14,23.7,83
2025-05-08 02:00:00,1142.79,25.4,64
2025-05-08 03:00:00,1173.74,24.2,81
2025-05-08 04:00:00,1164.06,24.7,81
2025-05-08 05:00:00,1193.25,27.7,87
2025-05-08 06:00:00,1295.49,25.4,76
2025-05-08 07:00:00,1314.3,28.4,90
2025-05-08 08:00:00,1435.8,28.6,66
2025-05-08 09:00:00,1492.51,28.3,76
2025-05-08 10:00:00,1653.26,28.4,71
2025-05-08 11:00:00,1676.86,29.6,66
2025-05-08 12:00:00,1722.39,32.8,88
2025-05-08 13:00:00,1691.49,33.9,67
2025-05-08 14:00:00,1662.56,32.1,63
2025-05-08 15:00:00,1480.83,32.0,75
2025-05-08 16:00:00,1335.0,32.4,75
2025-05-08 17:00:00,1303.23,30.9,81
2025-05-08 18:00:00,1246.32,31.3,70
2025-05-08 19:00:00,1186.63,29.4,70
2025-05-08 20:00:00,1208.06,28.2,64
2025-05-08 21:00:00,1188.47,26.1,71
2025-05-08 22:00:00,1173.71,24.9,84
2025-05-08 23:00:00,1131.0,21.4,72
2025-05-09 00:00:00,1213.73,26.0,85
2025-05-09 01:00:00,1250.46,24.0,70
2025-05-09 02:00:00,1181.82,23.5,82
2025-05-09 03:00:00,1176.27,21.8,72
2025-05-09 04:00:00,1181.81,23.8,92
2025-05-09 05:00:00,1147.9,24.2,87
2025-05-09 06:00:00,1253.88,25.0,63
2025-05-09 07:00:00,1370.16,27.4,87
2025-05-09 08:00:00,1411.03,28.1,93
2025-05-09 09:00:00,1489.35,27.4,69
2025-05-09 10:00:00,1626.27,28.4,67
2025-05-09 11:00:00,1619.65,29.3,68
2025-05-09 12:00:00,1733.9,33.6,77
2025-05-09 13:00:00,1713.35,33.7,61
2025-05-09 14:00:00,1687.27,31.0,77
2025-05-09 15:00:00,1522.11,29.5,61
2025-05-09 16:00:00,1431.43,31.6,81
2025-05-09 17:00:00,1282.77,30.9,75
2025-05-09 18:00:00,1219.67,30.4,91
2025-05-09 19:00:00,1130.14,29.9,69
2025-05-09 20:00:00,1160.33,28.5,93
2025-05-09 21:00:00,1164.69,25.6,75
2025-05-09 22:00:00,1206.13,26.4,93
2025-05-09 23:00:00,1192.78,26.2,93
2025-05-10 00:00:00,1027.13,23.7,72
2025-05-10 01:00:00,1004.99,24.5,71
2025-05-10 02:00:00,986.12,23.3,74
2025-05-10 03:00:00,980.27,26.5,89
2025-05-10 04:00:00,970.66,22.9,90
2025-05-10 05:00:00,1012.26,26.6,88
2025-05-10 06:00:00,1030.03,24.0,93
2025-05-10 07:00:00,1102.79,29.1,91
2025-05-10 08:00:00,1212.93,26.6,82
2025-05-10 09:00:00,1306.03,29.3,69
2025-05-10 10:00:00,1418.18,28.0,67
2025-05-10 11:00:00,1570.77,29.2,80
2025-05-10 12:00:00,1492.34,32.5,70
2025-05-10 13:00:00,1489.94,33.1,71
2025-05-10 14:00:00,1417.24,32.3,78
2025-05-10 15:00:00,1322.43,32.8,93
2025-05-10 16:00:00,1207.71,32.7,93
2025-05-10 17:00:00,1124.87,30.0,85
2025-05-10 18:00:00,974.46,28.3,75
2025-05-10 19:00:00,1022.0,29.0,78
2025-05-10 20:00:00,991.47,27.3,88
2025-05-10 21:00:00,934.06,27.4,80
2025-05-10 22:00:00,918.42,26.7,69
2025-05-10 23:00:00,982.59,24.4,82
2025-05-11 00:00:00,1017.86,25.4,66
2025-05-11 01:00:00,1109.11,24.9,64
2025-05-11 02:00:00,1018.87,24.9,78
2025-05-11 03:00:00,916.33,23.6,92
2025-05-11 04:00:00,947.24,25.5,83
2025-05-11 05:00:00,985.89,25.8,82
2025-05-11 06:00:00,1045.26,26.8,81
2025-05-11 07:00:00,1071.16,29.0,80
2025-05-11 08:00:00,1216.67,28.4,77
2025-05-11 09:00:00,1308.06,28.3,86
2025-05-11 10:00:00,1394.28,28.7,84
2025-05-11 11:00:00,1510.9,32.2,89
2025-05-11 12:00:00,1553.5,31.9,73
2025-05-11 13:00:00,1531.27,33.9,93
2025-05-11 14:00:00,1453.04,29.6,91
2025-05-11 15:00:00,1315.81,33.0,90
2025-05-11 16:00:00,1246.45,31.2,61
2025-05-11 17:00:00,1128.05,30.4,94
2025-05-11 18:00:00,1041.14,29.1,82
2025-05-11 19:00:00,966.42,30.1,65
2025-05-11 20:00:00,954.07,28.7,80
2025-05-11 21:00:00,982.28,25.6,85
2025-05-11 22:00:00,1085.37,26.2,89
2025-05-11 23:00:00,1029.47,26.0,89
2025-05-12 00:00:00,1207.05,24.7,67
2025-05-12 01:00:00,1191.76,25.5,92
2025-05-12 02:00:00,1184.74,23.7,69
2025-05-12 03:00:00,1257.89,21.4,77
2025-05-12 04:00:00,1159.5,24.8,70
2025-05-12 05:00:00,1221.59,25.4,67
2025-05-12 06:00:00,1225.32,26.4,60
2025-05-12 07:00:00,1328.41,28.3,67
2025-05-12 08:00:00,1451.2,25.7,64
2025-05-12 09:00:00,1515.26,28.7,60
2025-05-12 10:00:00,1612.57,28.9,62
2025-05-12 11:00:00,1761.97,29.4,86
2025-05-12 12:00:00,1762.98,31.4,82
2025-05-12 13:00:00,1731.6,32.7,70
2025-05-12 14:00:00,1662.59,32.4,70
2025-05-12 15:00:00,1551.39,31.0,90
2025-05-12 16:00:00,1494.16,31.3,83
2025-05-12 17:00:00,1320.86,31.9,78
2025-05-12 18:00:00,1258.75,30.8,91
2025-05-12 19:00:00,1139.14,28.4,76
2025-05-12 20:00:00,1144.69,27.3,94
2025-05-12 21:00:00,1139.76,24.9,71
2025-05-12 22:00:00,1246.66,25.5,74
2025-05-12 23:00:00,1131.68,23.1,72
2025-05-13 00:00:00,1216.42,27.0,89
2025-05-13 01:00:00,1118.17,23.1,78
2025-05-13 02:00:00,1174.91,25.3,68
2025-05-13 03:00:00,1166.56,26.3,87
2025-05-13 04:00:00,1223.99,24.8,84
2025-05-13 05:00:00,1205.78,25.1,63
2025-05-13 06:00:00,1211.37,24.4,66
2025-05-13 07:00:00,1358.63,26.4,63
2025-05-13 08:00:00,1426.17,29.9,82
2025-05-13 09:00:00,1538.64,29.5,65
2025-05-13 10:00:00,1594.97,30.0,68
2025-05-13 11:00:00,1671.32,32.4,68
2025-05-13 12:00:00,1701.69,32.3,80
2025-05-13 13:00:00,1707.6,31.7,62
2025-05-13 14:00:00,1639.81,32.3,72
2025-05-13 15:00:00,1591.41,30.9,77
2025-05-13 16:00:00,1439.07,30.8,90
2025-05-13 17:00:00,1226.61,30.6,88
2025-05-13 18:00:00,1249.8,30.7,61
2025-05-13 19:00:00,1141.23,27.5,90
2025-05-13 20:00:00,1141.8,28.1,66
2025-05-13 21:00:00,1155.42,26.5,69
2025-05-13 22:00:00,1180.9,24.9,72
2025-05-13 23:00:00,1174.94,24.7,60
2025-05-14 00:00:00,1239.63,21.8,84
2025-05-14 01:00:00,1175.58,23.2,89
2025-05-14 02:00:00,1218.5,22.7,61
2025-05-14 03:00:00,1264.05,23.8,83
2025-05-14 04:00:00,1131.01,21.8,71
2025-05-14 05:00:00,1183.95,25.4,64
2025-05-14 06:00:00,1154.22,27.1,74
2025-05-14 07:00:00,1312.8,26.8,66
2025-05-14 08:00:00,1450.05,28.6,61
2025-05-14 09:00:00,1564.56,28.4,62
2025-05-14 10:00:00,1641.78,28.1,63
2025-05-14 11:00:00,1739.1,30.8,75
2025-05-14 12:00:00,1821.69,32.3,86
2025-05-14 13:00:00,1767.92,30.3,81
2025-05-14 14:00:00,1620.81,31.4,62
2025-05-14 15:00:00,1488.59,31.6,76
2025-05-14 16:00:00,1413.39,34.9,81
2025-05-14 17:00:00,1290.25,31.1,66
2025-05-14 18:00:00,1258.41,27.7,89
2025-05-14 19:00:00,1152.65,26.5,67
2025-05-14 20:00:00,1175.08,28.9,78
2025-05-14 21:00:00,1215.19,29.9,66
2025-05-14 22:00:00,1202.61,25.7,60
2025-05-14 23:00:00,1191.96,24.8,75
2025-05-15 00:00:00,1275.6,25.1,90
2025-05-15 01:00:00,1161.16,23.2,86
2025-05-15 02:00:00,1196.51,20.9,69
2025-05-15 03:00:00,1186.26,25.4,93
2025-05-15 04:00:00,1180.06,23.8,73
2025-05-15 05:00:00,1202.2,26.4,61
2025-05-15 06:00:00,1265.88,25.1,81
2025-05-15 07:00:00,1324.06,27.1,85
2025-05-15 08:00:00,1416.64,29.0,64
2025-05-15 09:00:00,1527.04,30.3,75
2025-05-15 10:00:00,1619.64,30.3,71
2025-05-15 11:00:00,1737.51,31.0,76
2025-05-15 12:00:00,1711.92,32.2,84
2025-05-15 13:00:00,1739.6,32.4,83
2025-05-15 14:00:00,1641.73,30.5,70
2025-05-15 15:00:00,1523.1,30.3,77
2025-05-15 16:00:00,1451.22,28.9,62
2025-05-15 17:00:00,1299.9,31.7,78
2025-05-15 18:00:00,1266.92,29.5,65
2025-05-15 19:00:00,1203.41,30.0,82
2025-05-15 20:00:00,1158.72,28.5,66
2025-05-15 21:00:00,1206.33,25.8,68
2025-05-15 22:00:00,1227.23,25.9,61
2025-05-15 23:00:00,1267.57,24.6,70
2025-05-16 00:00:00,1270.22,23.8,62
2025-05-16 01:00:00,1246.05,25.2,89
2025-05-16 02:00:00,1170.45,27.0,67
2025-05-16 03:00:00,1275.35,25.5,80
2025-05-16 04:00:00,1132.3,24.5,67
2025-05-16 05:00:00,1231.03,26.7,70
2025-05-16 06:00:00,1261.54,28.1,93
2025-05-16 07:00:00,1286.13,25.3,75
2025-05-16 08:00:00,1427.1,29.5,66
2025-05-16 09:00:00,1540.48,30.0,63
2025-05-16 10:00:00,1688.66,31.4,91
2025-05-16 11:00:00,1686.91,31.8,81
2025-05-16 12:00:00,1727.31,31.2,66
2025-05-16 13:00:00,1630.12,34.3,72
2025-05-16 14:00:00,1703.71,32.4,77
2025-05-16 15:00:00,1505.8,31.3,93
2025-05-16 16:00:00,1442.94,32.1,72
2025-05-16 17:00:00,1323.74,32.0,93
2025-05-16 18:00:00,1243.08,30.1,88
2025-05-16 19:00:00,1226.23,29.5,64
2025-05-16 20:00:00,1240.01,28.1,90
2025-05-16 21:00:00,1198.55,26.2,70
2025-05-16 22:00:00,1232.95,25.0,63
2025-05-16 23:00:00,1240.49,23.5,66
2025-05-17 00:00:00,1073.9,26.4,82
2025-05-17 01:00:00,1014.53,23.9,90
2025-05-17 02:00:00,1049.43,19.9,76
2025-05-17 03:00:00,1030.4,24.6,69
2025-05-17 04:00:00,1021.2,25.0,81
2025-05-17 05:00:00,976.58,22.9,89
2025-05-17 06:00:00,1042.43,25.0,88
2025-05-17 07:00:00,1137.49,25.9,76
2025-05-17 08:00:00,1185.35,27.1,80
2025-05-17 09:00:00,1400.94,30.5,81
2025-05-17 10:00:00,1444.42,29.8,81
2025-05-17 11:00:00,1523.69,30.3,86
2025-05-17 12:00:00,1518.16,32.8,82
2025-05-17 13:00:00,1467.33,32.5,63
2025-05-17 14:00:00,1423.73,29.9,85
2025-05-17 15:00:00,1352.82,31.1,76
2025-05-17 16:00:00,1256.95,31.9,62
2025-05-17 17:00:00,1134.83,29.7,76
2025-05-17 18:00:00,1060.53,32.4,78
2025-05-17 19:00:00,987.97,29.2,77
2025-05-17 20:00:00,1000.77,27.1,87
2025-05-17 21:00:00,1043.53,25.6,74
2025-05-17 22:00:00,1036.57,27.1,85
2025-05-17 23:00:00,1059.19,24.4,94
2025-05-18 00:00:00,1050.42,25.0,75
2025-05-18 01:00:00,979.96,22.8,74
2025-05-18 02:00:00,977.07,24.1,64
2025-05-18 03:00:00,1009.29,23.4,83
2025-05-18 04:00:00,984.77,24.2,61
2025-05-18 05:00:00,1016.92,24.2,90
2025-05-18 06:00:00,1108.83,27.2,89
2025-05-18 07:00:00,1156.36,26.4,71
2025-05-18 08:00:00,1279.23,27.8,80
2025-05-18 09:00:00,1350.27,28.9,71
2025-05-18 10:00:00,1418.44,31.9,94
2025-05-18 11:00:00,1513.57,31.9,81
2025-05-18 12:00:00,1512.03,32.4,67
2025-05-18 13:00:00,1570.14,30.0,86
2025-05-18 14:00:00,1474.37,31.2,86
2025-05-18 15:00:00,1365.21,33.3,66
2025-05-18 16:00:00,1278.47,30.1,62
2025-05-18 17:00:00,1060.3,30.9,63
2025-05-18 18:00:00,1070.81,28.7,83
2025-05-18 19:00:00,955.73,27.9,67
2025-05-18 20:00:00,984.99,30.0,72
2025-05-18 21:00:00,982.56,27.8,68
2025-05-18 22:00:00,1036.9,27.2,79
2025-05-18 23:00:00,1040.68,26.1,79
2025-05-19 00:00:00,1289.0,24.4,64
2025-05-19 01:00:00,1213.3,23.3,64
2025-05-19 02:00:00,1240.24,23.5,94
2025-05-19 03:00:00,1200.84,23.9,60
2025-05-19 04:00:00,1129.71,26.7,74
2025-05-19 05:00:00,1171.17,23.6,76
2025-05-19 06:00:00,1246.71,25.3,71
2025-05-19 07:00:00,1371.67,25.9,74
2025-05-19 08:00:00,1453.19,29.3,73
2025-05-19 09:00:00,1507.88,31.3,86
2025-05-19 10:00:00,1643.57,30.4,81
2025-05-19 11:00:00,1788.01,31.3,68
2025-05-19 12:00:00,1745.88,31.6,80
2025-05-19 13:00:00,1705.94,32.4,62
2025-05-19 14:00:00,1665.71,32.9,90
2025-05-19 15:00:00,1575.5,32.4,72
2025-05-19 16:00:00,1421.04,32.1,61
2025-05-19 17:00:00,1350.39,31.8,73
2025-05-19 18:00:00,1240.51,27.9,66
2025-05-19 19:00:00,1228.57,29.0,88
2025-05-19 20:00:00,1192.97,28.4,63
2025-05-19 21:00:00,1212.13,27.5,63
2025-05-19 22:00:00,1188.97,25.8,83
2025-05-19 23:00:00,1205.75,25.4,80
2025-05-20 00:00:00,1276.76,23.7,87
2025-05-20 01:00:00,1233.33,22.0,67
2025-05-20 02:00:00,1227.15,25.2,76
2025-05-20 03:00:00,1186.18,22.8,68
2025-05-20 04:00:00,1220.14,24.3,79
2025-05-20 05:00:00,1183.79,24.3,64
2025-05-20 06:00:00,1248.95,27.9,94
2025-05-20 07:00:00,1362.0,26.9,88
2025-05-20 08:00:00,1479.76,27.6,71
2025-05-20 09:00:00,1532.16,29.9,91
2025-05-20 10:00:00,1718.82,32.6,90
2025-05-20 11:00:00,1730.1,31.3,90
2025-05-20 12:00:00,1707.23,31.0,60
2025-05-20 13:00:00,1732.06,32.7,64
2025-05-20 14:00:00,1636.85,30.1,71
2025-05-20 15:00:00,1565.72,31.9,75
2025-05-20 16:00:00,1437.26,33.9,75
2025-05-20 17:00:00,1337.14,31.0,80
2025-05-20 18:00:00,1221.86,30.1,92
2025-05-20 19:00:00,1239.8,29.1,85
2025-05-20 20:00:00,1148.31,27.5,62
2025-05-20 21:00:00,1158.2,27.3,82
2025-05-20 22:00:00,1230.14,26.9,84
2025-05-20 23:00:00,1292.34,24.8,79
2025-05-21 00:00:00,1233.03,21.5,94
2025-05-21 01:00:00,1262.35,24.7,92
2025-05-21 02:00:00,1256.44,26.6,64
2025-05-21 03:00:00,1227.12,23.7,63
2025-05-21 04:00:00,1179.5,22.8,67
2025-05-21 05:00:00,1168.58,26.0,70
2025-05-21 06:00:00,1178.14,28.1,86
2025-05-21 07:00:00,1326.99,27.6,69
2025-05-21 08:00:00,1481.64,30.1,79
2025-05-21 09:00:00,1512.85,30.0,91
2025-05-21 10:00:00,1676.44,30.8,86
2025-05-21 11:00:00,1687.58,30.2,77
2025-05-21 12:00:00,1749.15,31.8,85
2025-05-21 13:00:00,1745.62,31.8,94
2025-05-21 14:00:00,1628.87,31.9,87
2025-05-21 15:00:00,1558.2,31.6,60
2025-05-21 16:00:00,1425.93,31.7,93
2025-05-21 17:00:00,1360.93,29.3,85
2025-05-21 18:00:00,1263.71,31.0,65
2025-05-21 19:00:00,1208.82,28.0,84
2025-05-21 20:00:00,1245.02,27.7,76
2025-05-21 21:00:00,1221.89,27.4,85
2025-05-21 22:00:00,1194.82,24.9,80
2025-05-21 23:00:00,1234.93,22.8,91
2025-05-22 00:00:00,1244.37,24.1,84
2025-05-22 01:00:00,1242.28,22.4,91
2025-05-22 02:00:00,1308.88,24.9,78
2025-05-22 03:00:00,1213.24,22.8,61
2025-05-22 04:00:00,1120.79,26.3,94
2025-05-22 05:00:00,1189.42,25.2,75
2025-05-22 06:00:00,1189.42,26.1,75
2025-05-22 07:00:00,1326.3,24.6,92
2025-05-22 08:00:00,1372.51,28.2,83
2025-05-22 09:00:00,1523.34,28.9,90
2025-05-22 10:00:00,1600.36,28.4,82
2025-05-22 11:00:00,1735.93,30.9,76
2025-05-22 12:00:00,1747.11,31.0,92
2025-05-22 13:00:00,1733.1,31.6,78
2025-05-22 14:00:00,1649.95,32.0,80
2025-05-22 15:00:00,1505.08,31.3,78
2025-05-22 16:00:00,1460.09,31.8,67
2025-05-22 17:00:00,1405.18,30.7,85
2025-05-22 18:00:00,1271.45,30.6,77
2025-05-22 19:00:00,1193.59,28.4,73
2025-05-22 20:00:00,1142.15,26.7,77
2025-05-22 21:00:00,1168.58,26.1,87
2025-05-22 22:00:00,1236.5,27.7,92
2025-05-22 23:00:00,1277.15,26.3,65
2025-05-23 00:00:00,1257.76,26.0,66
2025-05-23 01:00:00,1269.07,25.7,64
2025-05-23 02:00:00,1246.9,23.4,86
2025-05-23 03:00:00,1219.6,24.5,67
2025-05-23 04:00:00,1170.61,24.6,92
2025-05-23 05:00:00,1216.12,26.0,71
2025-05-23 06:00:00,1228.97,25.7,74
2025-05-23 07:00:00,1340.06,27.1,76
2025-05-23 08:00:00,1455.26,28.1,88
2025-05-23 09:00:00,1614.22,29.7,62
2025-05-23 10:00:00,1609.35,30.8,70
2025-05-23 11:00:00,1740.95,30.9,85
2025-05-23 12:00:00,1800.54,31.6,65
2025-05-23 13:00:00,1750.67,32.1,94
2025-05-23 14:00:00,1684.37,34.0,83
2025-05-23 15:00:00,1576.06,29.8,93
2025-05-23 16:00:00,1489.16,30.3,83
2025-05-23 17:00:00,1301.45,31.6,78
2025-05-23 18:00:00,1210.23,30.3,72
2025-05-23 19:00:00,1209.89,29.4,68
2025-05-23 20:00:00,1118.1,28.8,78
2025-05-23 21:00:00,1245.05,27.2,91
2025-05-23 22:00:00,1264.97,25.3,80
2025-05-23 23:00:00,1226.04,25.9,91
2025-05-24 00:00:00,1037.21,24.6,71
2025-05-24 01:00:00,1040.11,23.6,88
2025-05-24 02:00:00,1025.52,24.8,92
2025-05-24 03:00:00,1007.88,24.9,60
2025-05-24 04:00:00,1014.75,24.8,63
2025-05-24 05:00:00,1005.55,27.2,72
2025-05-24 06:00:00,1093.24,27.6,82
2025-05-24 07:00:00,1156.62,28.2,87
2025-05-24 08:00:00,1223.99,31.1,71
2025-05-24 09:00:00,1403.75,28.9,78
2025-05-24 10:00:00,1409.22,29.4,92
2025-05-24 11:00:00,1522.43,31.9,77
2025-05-24 12:00:00,1584.1,31.2,93
2025-05-24 13:00:00,1500.36,31.9,89
2025-05-24 14:00:00,1467.61,30.8,65
2025-05-24 15:00:00,1376.07,32.6,63
2025-05-24 16:00:00,1215.16,29.7,71
2025-05-24 17:00:00,1138.53,30.7,82
2025-05-24 18:00:00,1054.82,30.0,87
2025-05-24 19:00:00,992.36,28.5,70
2025-05-24 20:00:00,1075.86,25.9,87
2025-05-24 21:00:00,976.83,24.8,93
2025-05-24 22:00:00,1058.98,25.1,93
2025-05-24 23:00:00,1029.02,25.8,80
2025-05-25 00:00:00,1013.67,24.9,87
2025-05-25 01:00:00,1047.75,24.1,93
2025-05-25 02:00:00,1047.93,22.9,88
2025-05-25 03:00:00,1037.16,24.5,85
2025-05-25 04:00:00,1051.41,22.4,72
2025-05-25 05:00:00,1116.19,22.3,93
2025-05-25 06:00:00,1070.51,25.7,78
2025-05-25 07:00:00,1119.32,26.3,67
2025-05-25 08:00:00,1262.6,29.2,88
2025-05-25 09:00:00,1349.22,29.2,75
2025-05-25 10:00:00,1490.68,32.0,87
2025-05-25 11:00:00,1481.77,30.2,89
2025-05-25 12:00:00,1634.67,32.0,82
2025-05-25 13:00:00,1557.15,31.6,88
2025-05-25 14:00:00,1399.35,33.7,79
2025-05-25 15:00:00,1333.75,31.6,76
2025-05-25 16:00:00,1275.36,32.5,85
2025-05-25 17:00:00,1183.76,29.5,92
2025-05-25 18:00:00,1017.28,29.5,73
2025-05-25 19:00:00,1038.14,28.9,90
2025-05-25 20:00:00,928.66,29.5,75
2025-05-25 21:00:00,1001.92,24.3,80
2025-05-25 22:00:00,1064.25,25.6,94
2025-05-25 23:00:00,1024.97,24.7,78
2025-05-26 00:00:00,1200.43,22.0,65
2025-05-26 01:00:00,1250.74,23.6,82
2025-05-26 02:00:00,1205.51,22.2,85
2025-05-26 03:00:00,1228.45,21.3,68
2025-05-26 04:00:00,1167.21,24.2,72
2025-05-26 05:00:00,1187.53,24.8,74
2025-05-26 06:00:00,1192.47,25.7,91
2025-05-26 07:00:00,1349.94,27.3,76
2025-05-26 08:00:00,1442.58,26.9,88
2025-05-26 09:00:00,1518.41,31.2,77
2025-05-26 10:00:00,1666.52,30.0,93
2025-05-26 11:00:00,1764.59,32.4,84
2025-05-26 12:00:00,1745.69,29.4,71
2025-05-26 13:00:00,1738.04,30.9,74
2025-05-26 14:00:00,1669.32,32.8,83
2025-05-26 15:00:00,1517.88,31.6,68
2025-05-26 16:00:00,1520.24,30.2,79
2025-05-26 17:00:00,1327.57,28.6,84
2025-05-26 18:00:00,1286.24,30.9,83
2025-05-26 19:00:00,1241.57,29.8,85
2025-05-26 20:00:00,1193.4,28.3,73
2025-05-26 21:00:00,1227.75,26.4,64
2025-05-26 22:00:00,1235.39,24.7,88
2025-05-26 23:00:00,1196.13,25.1,67
2025-05-27 00:00:00,1242.96,23.0,76
2025-05-27 01:00:00,1225.6,23.2,81
2025-05-27 02:00:00,1211.93,25.5,77
2025-05-27 03:00:00,1162.19,21.9,86
2025-05-27 04:00:00,1239.04,25.3,61
2025-05-27 05:00:00,1272.06,27.0,60
2025-05-27 06:00:00,1298.85,27.0,67
2025-05-27 07:00:00,1389.88,27.4,80
2025-05-27 08:00:00,1437.57,27.4,83
2025-05-27 09:00:00,1539.15,28.3,61
2025-05-27 10:00:00,1633.9,27.3,87
2025-05-27 11:00:00,1752.6,30.9,93
2025-05-27 12:00:00,1762.6,31.0,71
2025-05-27 13:00:00,1727.36,31.0,64
2025-05-27 14:00:00,1706.5,32.0,67
2025-05-27 15:00:00,1575.62,31.9,89
2025-05-27 16:00:00,1420.33,30.7,69
2025-05-27 17:00:00,1321.63,32.8,80
2025-05-27 18:00:00,1288.56,30.9,93
2025-05-27 19:00:00,1252.53,30.1,93
2025-05-27 20:00:00,1219.01,27.9,63
2025-05-27 21:00:00,1274.32,27.6,70
2025-05-27 22:00:00,1285.43,24.9,81
2025-05-27 23:00:00,1262.6,26.0,82
2025-05-28 00:00:00,1226.61,24.3,93
2025-05-28 01:00:00,1202.55,22.9,89
2025-05-28 02:00:00,1215.9,24.0,84
2025-05-28 03:00:00,1235.56,23.8,83
2025-05-28 04:00:00,1264.91,27.3,84
2025-05-28 05:00:00,1231.97,25.7,89
2025-05-28 06:00:00,1306.9,27.9,75
2025-05-28 07:00:00,1338.19,28.3,69
2025-05-28 08:00:00,1472.8,28.0,90
2025-05-28 09:00:00,1591.6,28.5,70
2025-05-28 10:00:00,1593.23,27.9,68
2025-05-28 11:00:00,1716.95,29.8,78
2025-05-28 12:00:00,1789.26,32.3,64
2025-05-28 13:00:00,1741.04,31.5,71
2025-05-28 14:00:00,1620.66,32.5,69
2025-05-28 15:00:00,1477.76,29.4,73
2025-05-28 16:00:00,1438.25,32.0,79
2025-05-28 17:00:00,1344.33,32.1,79
2025-05-28 18:00:00,1235.12,27.9,84
2025-05-28 19:00:00,1222.45,29.5,64
2025-05-28 20:00:00,1218.79,29.6,86
2025-05-28 21:00:00,1232.77,29.0,61
2025-05-28 22:00:00,1147.12,25.4,71
2025-05-28 23:00:00,1202.53,26.1,87
2025-05-29 00:00:00,1246.61,26.3,72
2025-05-29 01:00:00,1269.75,24.6,80
2025-05-29 02:00:00,1247.9,25.5,67
2025-05-29 03:00:00,1227.03,24.1,71
2025-05-29 04:00:00,1188.88,25.0,70
2025-05-29 05:00:00,1207.21,24.4,78
2025-05-29 06:00:00,1241.82,25.8,67
2025-05-29 07:00:00,1374.98,27.5,86
2025-05-29 08:00:00,1420.1,27.2,66
2025-05-29 09:00:00,1593.86,28.8,80
2025-05-29 10:00:00,1671.11,30.9,86
2025-05-29 11:00:00,1731.17,33.3,73
2025-05-29 12:00:00,1734.36,29.0,91
2025-05-29 13:00:00,1685.31,34.2,88
2025-05-29 14:00:00,1641.19,31.7,83
2025-05-29 15:00:00,1552.59,33.0,87
2025-05-29 16:00:00,1369.45,32.9,83
2025-05-29 17:00:00,1341.25,32.7,61
2025-05-29 18:00:00,1299.73,29.1,90
2025-05-29 19:00:00,1238.61,28.8,71
2025-05-29 20:00:00,1185.02,27.9,60
2025-05-29 21:00:00,1212.26,26.5,80
2025-05-29 22:00:00,1211.43,27.6,88
2025-05-29 23:00:00,1255.06,25.1,89
2025-05-30 00:00:00,1312.45,22.6,60
2025-05-30 01:00:00,1284.89,23.4,81
2025-05-30 02:00:00,1250.28,22.1,67
2025-05-30 03:00:00,1194.54,23.9,72
2025-05-30 04:00:00,1229.82,25.3,73
2025-05-30 05:00:00,1160.91,24.4,60
2025-05-30 06:00:00,1259.75,25.5,91
2025-05-30 07:00:00,1369.8,26.6,71
2025-05-30 08:00:00,1479.51,28.2,75
2025-05-30 09:00:00,1588.82,29.7,83
2025-05-30 10:00:00,1675.43,31.0,79
2025-05-30 11:00:00,1727.16,33.5,91
2025-05-30 12:00:00,1777.44,31.6,86
2025-05-30 13:00:00,1700.67,32.7,93
2025-05-30 14:00:00,1635.57,30.1,81
2025-05-30 15:00:00,1567.57,31.4,62
2025-05-30 16:00:00,1459.7,31.1,76
2025-05-30 17:00:00,1285.53,29.6,73
2025-05-30 18:00:00,1284.58,29.4,86
2025-05-30 19:00:00,1247.07,28.9,79
2025-05-30 20:00:00,1200.96,27.4,90
2025-05-30 21:00:00,1295.0,30.1,90
2025-05-30 22:00:00,1208.26,26.6,88
2025-05-30 23:00:00,1238.48,27.6,91
2025-05-31 00:00:00,1045.94,26.3,89
2025-05-31 01:00:00,1049.55,23.4,86
2025-05-31 02:00:00,1021.77,24.0,78
2025-05-31 03:00:00,963.77,23.6,87
2025-05-31 04:00:00,985.66,24.3,69
2025-05-31 05:00:00,1017.75,24.0,75
2025-05-31 06:00:00,1112.8,25.5,90
2025-05-31 07:00:00,1227.67,27.4,69
2025-05-31 08:00:00,1301.55,28.4,69
2025-05-31 09:00:00,1339.46,29.3,87
2025-05-31 10:00:00,1441.98,29.9,71
2025-05-31 11:00:00,1529.66,31.9,92
2025-05-31 12:00:00,1622.29,31.2,87
2025-05-31 13:00:00,1529.46,33.5,77
2025-05-31 14:00:00,1419.89,29.8,87
2025-05-31 15:00:00,1349.09,32.7,87
2025-05-31 16:00:00,1281.35,32.1,73
2025-05-31 17:00:00,1174.79,30.0,67
2025-05-31 18:00:00,1062.86,29.6,89
2025-05-31 19:00:00,1045.17,29.6,62
2025-05-31 20:00:00,925.32,29.1,69
2025-05-31 21:00:00,1016.74,24.9,68
2025-05-31 22:00:00,1063.51,26.8,72
2025-05-31 23:00:00,1023.19,24.6,81
2025-06-01 00:00:00,1031.66,25.9,83
2025-06-01 01:00:00,988.06,21.9,66
2025-06-01 02:00:00,1090.09,26.9,72
2025-06-01 03:00:00,988.97,23.1,65
2025-06-01 04:00:00,1014.4,26.3,69
2025-06-01 05:00:00,1043.47,25.1,70
2025-06-01 06:00:00,1123.89,25.0,88
2025-06-01 07:00:00,1146.37,27.3,75
2025-06-01 08:00:00,1237.1,29.2,79
2025-06-01 09:00:00,1373.82,27.2,80
2025-06-01 10:00:00,1512.44,30.8,88
2025-06-01 11:00:00,1530.45,30.8,73
2025-06-01 12:00:00,1527.58,32.2,75
2025-06-01 13:00:00,1482.49,31.9,68
2025-06-01 14:00:00,1424.78,31.3,65
2025-06-01 15:00:00,1398.05,30.5,88
2025-06-01 16:00:00,1244.81,32.3,77
2025-06-01 17:00:00,1130.55,31.6,83
2025-06-01 18:00:00,1045.98,30.8,76
2025-06-01 19:00:00,1025.39,29.5,80
2025-06-01 20:00:00,997.67,29.1,78
2025-06-01 21:00:00,1004.72,28.7,82
2025-06-01 22:00:00,1081.78,23.7,86
2025-06-01 23:00:00,1107.34,22.4,70
2025-06-02 00:00:00,1205.71,26.6,85
2025-06-02 01:00:00,1265.97,22.5,70
2025-06-02 02:00:00,1208.37,22.7,81
2025-06-02 03:00:00,1206.61,23.8,78
2025-06-02 04:00:00,1217.9,22.6,67
2025-06-02 05:00:00,1216.01,24.7,82
2025-06-02 06:00:00,1280.16,24.9,82
2025-06-02 07:00:00,1376.43,26.7,68
2025-06-02 08:00:00,1467.41,28.3,83
2025-06-02 09:00:00,1546.24,28.6,71
2025-06-02 10:00:00,1646.6,29.5,71
2025-06-02 11:00:00,1687.13,31.1,91
2025-06-02 12:00:00,1732.24,32.7,61
2025-06-02 13:00:00,1806.21,33.8,65
2025-06-02 14:00:00,1640.92,31.7,63
2025-06-02 15:00:00,1527.15,34.1,72
2025-06-02 16:00:00,1468.34,32.5,77
2025-06-02 17:00:00,1349.07,29.4,74
2025-06-02 18:00:00,1265.31,28.5,92
2025-06-02 19:00:00,1272.85,28.3,89
2025-06-02 20:00:00,1226.39,29.7,84
2025-06-02 21:00:00,1196.85,26.4,63
2025-06-02 22:00:00,1220.82,23.7,77
2025-06-02 23:00:00,1237.04,24.9,92
2025-06-03 00:00:00,1293.74,22.2,79
2025-06-03 01:00:00,1244.79,22.9,80
2025-06-03 02:00:00,1173.87,23.3,60
2025-06-03 03:00:00,1214.67,24.3,93
2025-06-03 04:00:00,1154.35,25.8,68
2025-06-03 05:00:00,1300.97,26.0,60
2025-06-03 06:00:00,1239.36,24.6,86
2025-06-03 07:00:00,1348.28,26.5,74
2025-06-03 08:00:00,1467.21,28.1,83
2025-06-03 09:00:00,1559.85,28.7,84
2025-06-03 10:00:00,1659.54,29.7,93
2025-06-03 11:00:00,1753.36,28.8,69
2025-06-03 12:00:00,1816.61,30.1,89
2025-06-03 13:00:00,1765.47,31.4,84
2025-06-03 14:00:00,1721.46,28.3,62
2025-06-03 15:00:00,1533.36,32.6,81
2025-06-03 16:00:00,1469.32,29.8,83
2025-06-03 17:00:00,1359.44,31.7,86
2025-06-03 18:00:00,1285.52,30.7,85
2025-06-03 19:00:00,1272.77,28.4,75
2025-06-03 20:00:00,1200.51,29.2,63
2025-06-03 21:00:00,1202.28,27.9,82
2025-06-03 22:00:00,1255.43,25.6,78
2025-06-03 23:00:00,1193.46,24.7,74
2025-06-04 00:00:00,1255.85,25.9,90
2025-06-04 01:00:00,1251.89,24.4,83
2025-06-04 02:00:00,1205.44,25.3,70
2025-06-04 03:00:00,1254.38,21.3,69
2025-06-04 04:00:00,1171.99,24.7,67
2025-06-04 05:00:00,1220.79,23.3,62
2025-06-04 06:00:00,1284.44,26.0,78
2025-06-04 07:00:00,1402.34,27.8,63
2025-06-04 08:00:00,1458.82,30.1,88
2025-06-04 09:00:00,1603.74,27.9,80
2025-06-04 10:00:00,1695.23,29.4,68
2025-06-04 11:00:00,1743.93,30.7,77
2025-06-04 12:00:00,1726.08,30.3,78
2025-06-04 13:00:00,1689.41,33.0,76
2025-06-04 14:00:00,1674.46,31.9,83
2025-06-04 15:00:00,1552.01,32.0,65
2025-06-04 16:00:00,1491.41,32.2,90
2025-06-04 17:00:00,1381.13,30.7,86
2025-06-04 18:00:00,1267.78,29.0,93
2025-06-04 19:00:00,1185.1,29.0,86
2025-06-04 20:00:00,1227.13,27.0,86
2025-06-04 21:00:00,1181.86,27.1,94
2025-06-04 22:00:00,1211.22,27.2,71
2025-06-04 23:00:00,1222.44,23.8,88
2025-06-05 00:00:00,1260.26,22.7,65
2025-06-05 01:00:00,1298.51,24.2,66
2025-06-05 02:00:00,1238.44,23.1,65
2025-06-05 03:00:00,1202.84,24.2,78
2025-06-05 04:00:00,1156.74,24.9,73
2025-06-05 05:00:00,1245.83,22.6,80
2025-06-05 06:00:00,1247.83,26.8,73
2025-06-05 07:00:00,1360.04,25.6,73
2025-06-05 08:00:00,1447.76,28.0,91
2025-06-05 09:00:00,1601.27,28.2,85
2025-06-05 10:00:00,1666.17,29.3,62
2025-06-05 11:00:00,1738.51,32.9,74
2025-06-05 12:00:00,1782.18,31.8,80
2025-06-05 13:00:00,1814.33,32.9,89
2025-06-05 14:00:00,1702.79,32.2,73
2025-06-05 15:00:00,1568.87,32.6,87
2025-06-05 16:00:00,1460.31,32.0,61
2025-06-05 17:00:00,1337.62,31.1,81
2025-06-05 18:00:00,1241.96,31.3,66
2025-06-05 19:00:00,1207.24,29.2,91
2025-06-05 20:00:00,1183.2,30.7,75
2025-06-05 21:00:00,1241.32,28.1,61
2025-06-05 22:00:00,1201.24,24.6,76
2025-06-05 23:00:00,1304.34,25.0,62
2025-06-06 00:00:00,1292.35,25.0,82
2025-06-06 01:00:00,1259.19,24.2,87
2025-06-06 02:00:00,1239.54,24.8,67
2025-06-06 03:00:00,1199.76,25.1,92
2025-06-06 04:00:00,1220.5,22.9,63
2025-06-06 05:00:00,1265.51,26.7,66
2025-06-06 06:00:00,1251.45,25.4,70
2025-06-06 07:00:00,1303.18,26.2,67
2025-06-06 08:00:00,1485.68,27.3,79
2025-06-06 09:00:00,1584.21,30.0,87
2025-06-06 10:00:00,1633.38,29.7,70
2025-06-06 11:00:00,1715.82,30.0,81
2025-06-06 12:00:00,1736.02,31.0,65
2025-06-06 13:00:00,1716.14,29.7,66
2025-06-06 14:00:00,1661.28,31.0,69
2025-06-06 15:00:00,1563.56,30.4,63
2025-06-06 16:00:00,1438.34,31.1,68
2025-06-06 17:00:00,1330.37,31.6,78
2025-06-06 18:00:00,1268.12,30.7,92
2025-06-06 19:00:00,1233.37,30.5,81
2025-06-06 20:00:00,1200.07,29.2,60
2025-06-06 21:00:00,1259.92,26.3,80
2025-06-06 22:00:00,1257.43,26.0,66
2025-06-06 23:00:00,1202.92,25.1,66
2025-06-07 00:00:00,1085.22,22.0,81
2025-06-07 01:00:00,1080.53,22.7,72
2025-06-07 02:00:00,1025.18,23.8,82
2025-06-07 03:00:00,967.8,23.9,81
2025-06-07 04:00:00,1012.19,25.2,85
2025-06-07 05:00:00,1028.02,25.7,77
2025-06-07 06:00:00,1037.66,23.9,66
2025-06-07 07:00:00,1106.92,27.6,61
2025-06-07 08:00:00,1258.87,28.2,78
2025-06-07 09:00:00,1365.56,29.8,73
2025-06-07 10:00:00,1458.85,31.3,84
2025-06-07 11:00:00,1539.44,30.7,92
2025-06-07 12:00:00,1528.36,33.0,79
2025-06-07 13:00:00,1527.15,30.8,64
2025-06-07 14:00:00,1492.14,30.9,80
2025-06-07 15:00:00,1361.5,32.4,72
2025-06-07 16:00:00,1203.46,31.0,73
2025-06-07 17:00:00,1141.22,31.1,75
2025-06-07 18:00:00,1039.54,32.4,87
2025-06-07 19:00:00,1037.72,29.5,60
2025-06-07 20:00:00,1023.16,28.3,61
2025-06-07 21:00:00,962.17,25.9,67
2025-06-07 22:00:00,1067.07,24.0,72
2025-06-07 23:00:00,1020.53,25.1,78
2025-06-08 00:00:00,1122.27,25.8,61
2025-06-08 01:00:00,1058.44,23.7,90
2025-06-08 02:00:00,997.58,24.5,69
2025-06-08 03:00:00,980.97,25.8,64
2025-06-08 04:00:00,1024.91,26.2,82
2025-06-08 05:00:00,1015.4,25.7,89
2025-06-08 06:00:00,1074.35,26.2,91
2025-06-08 07:00:00,1214.97,25.1,60
2025-06-08 08:00:00,1238.27,27.2,62
2025-06-08 09:00:00,1376.63,28.7,89
2025-06-08 10:00:00,1523.96,29.0,87
2025-06-08 11:00:00,1552.63,31.1,80
2025-06-08 12:00:00,1511.54,33.8,72
2025-06-08 13:00:00,1560.87,33.7,85
2025-06-08 14:00:00,1433.58,32.3,89
2025-06-08 15:00:00,1423.8,32.8,83
2025-06-08 16:00:00,1233.99,30.6,64
2025-06-08 17:00:00,1262.51,32.6,75
2025-06-08 18:00:00,1129.16,28.1,75
2025-06-08 19:00:00,1001.3,30.1,69
2025-06-08 20:00:00,1013.51,28.6,77
2025-06-08 21:00:00,1047.42,26.1,76
2025-06-08 22:00:00,1068.75,25.7,90
2025-06-08 23:00:00,1075.75,23.8,85
2025-06-09 00:00:00,1312.28,23.2,85
2025-06-09 01:00:00,1256.6,22.2,71
2025-06-09 02:00:00,1229.13,24.9,77
2025-06-09 03:00:00,1209.56,25.6,93
2025-06-09 04:00:00,1243.52,21.9,94
2025-06-09 05:00:00,1242.64,27.4,70
2025-06-09 06:00:00,1288.69,26.0,89
2025-06-09 07:00:00,1387.11,27.3,70
2025-06-09 08:00:00,1391.72,26.2,63
2025-06-09 09:00:00,1586.14,30.6,69
2025-06-09 10:00:00,1682.67,30.2,93
2025-06-09 11:00:00,1802.33,32.2,90
2025-06-09 12:00:00,1715.03,32.9,91
2025-06-09 13:00:00,1798.44,33.5,87
2025-06-09 14:00:00,1677.68,31.2,91
2025-06-09 15:00:00,1592.44,31.6,91
2025-06-09 16:00:00,1522.21,30.7,76
2025-06-09 17:00:00,1378.96,31.9,93
2025-06-09 18:00:00,1292.57,30.4,94
2025-06-09 19:00:00,1238.42,30.3,80
2025-06-09 20:00:00,1196.65,29.3,91
2025-06-09 21:00:00,1220.8,24.9,93
2025-06-09 22:00:00,1217.03,27.6,93
2025-06-09 23:00:00,1259.47,26.3,67
2025-06-10 00:00:00,1187.41,24.1,75
2025-06-10 01:00:00,1276.63,24.6,94
2025-06-10 02:00:00,1238.41,23.9,82
2025-06-10 03:00:00,1210.64,24.9,81
2025-06-10 04:00:00,1221.88,24.1,90
2025-06-10 05:00:00,1180.39,25.7,88
2025-06-10 06:00:00,1346.72,26.1,78
2025-06-10 07:00:00,1356.39,26.4,68
2025-06-10 08:00:00,1459.11,28.2,94
2025-06-10 09:00:00,1542.2,32.3,60
2025-06-10 10:00:00,1676.57,29.2,92
2025-06-10 11:00:00,1793.18,30.5,76
2025-06-10 12:00:00,1805.49,30.7,85
2025-06-10 13:00:00,1774.55,31.2,72
2025-06-10 14:00:00,1694.88,33.0,64
2025-06-10 15:00:00,1563.48,32.7,78
2025-06-10 16:00:00,1413.5,31.5,68
2025-06-10 17:00:00,1353.01,32.1,65
2025-06-10 18:00:00,1271.01,31.0,80
2025-06-10 19:00:00,1267.35,28.8,81
2025-06-10 20:00:00,1225.11,26.2,64
2025-06-10 21:00:00,1278.94,28.0,81
2025-06-10 22:00:00,1284.7,26.2,66
2025-06-10 23:00:00,1245.76,25.2,85
2025-06-11 00:00:00,1206.99,24.0,84
2025-06-11 01:00:00,1310.76,25.0,64
2025-06-11 02:00:00,1290.9,24.4,91
2025-06-11 03:00:00,1175.24,23.9,67
2025-06-11 04:00:00,1267.67,23.1,68
2025-06-11 05:00:00,1244.59,26.5,87
2025-06-11 06:00:00,1285.48,26.7,79
2025-06-11 07:00:00,1417.16,27.3,63
2025-06-11 08:00:00,1511.93,24.8,62
2025-06-11 09:00:00,1599.44,29.0,70
2025-06-11 10:00:00,1692.95,29.7,88
2025-06-11 11:00:00,1766.86,30.1,81
2025-06-11 12:00:00,1755.89,32.4,67
2025-06-11 13:00:00,1743.37,32.7,93
2025-06-11 14:00:00,1644.83,32.5,90
2025-06-11 15:00:00,1565.03,33.1,63
2025-06-11 16:00:00,1452.08,30.2,74
2025-06-11 17:00:00,1338.46,30.3,77
2025-06-11 18:00:00,1284.71,30.1,70
2025-06-11 19:00:00,1219.96,28.3,86
2025-06-11 20:00:00,1232.51,28.9,78
2025-06-11 21:00:00,1166.38,26.3,68
2025-06-11 22:00:00,1239.47,27.6,84
2025-06-11 23:00:00,1267.0,24.1,81
2025-06-12 00:00:00,1259.55,27.1,82
2025-06-12 01:00:00,1256.84,26.6,69
2025-06-12 02:00:00,1188.44,23.9,76
2025-06-12 03:00:00,1236.14,25.5,72
2025-06-12 04:00:00,1238.11,24.1,63
2025-06-12 05:00:00,1249.1,26.4,91
2025-06-12 06:00:00,1316.81,25.8,87
2025-06-12 07:00:00,1368.3,25.4,89
2025-06-12 08:00:00,1482.22,23.8,80
2025-06-12 09:00:00,1582.71,28.7,74
2025-06-12 10:00:00,1701.05,30.3,62
2025-06-12 11:00:00,1690.69,32.4,76
2025-06-12 12:00:00,1739.21,31.5,74
2025-06-12 13:00:00,1801.44,33.1,92
2025-06-12 14:00:00,1590.89,31.5,64
2025-06-12 15:00:00,1572.38,31.5,67
2025-06-12 16:00:00,1506.54,32.7,68
2025-06-12 17:00:00,1358.04,27.9,85
2025-06-12 18:00:00,1266.35,30.0,61
2025-06-12 19:00:00,1236.43,28.6,71
2025-06-12 20:00:00,1203.18,29.6,78
2025-06-12 21:00:00,1224.84,26.3,86
2025-06-12 22:00:00,1220.12,26.6,83
2025-06-12 23:00:00,1301.8,26.3,61
2025-06-13 00:00:00,1320.79,22.7,75
2025-06-13 01:00:00,1258.75,24.0,61
2025-06-13 02:00:00,1195.95,23.5,80
2025-06-13 03:00:00,1205.88,25.3,69
2025-06-13 04:00:00,1209.55,25.3,76
2025-06-13 05:00:00,1250.07,24.9,71
2025-06-13 06:00:00,1245.72,24.7,66
2025-06-13 07:00:00,1334.87,28.2,68
2025-06-13 08:00:00,1483.89,27.9,69
2025-06-13 09:00:00,1610.66,27.1,75
2025-06-13 10:00:00,1655.78,28.2,60
2025-06-13 11:00:00,1699.78,31.4,68
2025-06-13 12:00:00,1885.98,29.9,72
2025-06-13 13:00:00,1773.87,34.1,75
2025-06-13 14:00:00,1668.21,30.9,93
2025-06-13 15:00:00,1608.25,31.9,89
2025-06-13 16:00:00,1461.71,31.7,72
2025-06-13 17:00:00,1392.2,30.0,67
2025-06-13 18:00:00,1286.65,27.3,70
2025-06-13 19:00:00,1235.65,29.3,90
2025-06-13 20:00:00,1212.11,27.1,70
2025-06-13 21:00:00,1173.66,27.1,66
2025-06-13 22:00:00,1312.42,25.9,60
2025-06-13 23:00:00,1230.59,25.5,82
2025-06-14 00:00:00,1023.87,26.4,91
2025-06-14 01:00:00,1056.46,23.5,74
2025-06-14 02:00:00,1011.32,23.4,77
2025-06-14 03:00:00,1022.9,22.1,87
2025-06-14 04:00:00,1040.56,24.3,73
2025-06-14 05:00:00,1067.7,25.7,72
2025-06-14 06:00:00,1110.02,25.4,93
2025-06-14 07:00:00,1151.59,27.5,79
2025-06-14 08:00:00,1268.25,27.8,83
2025-06-14 09:00:00,1392.57,27.5,87
2025-06-14 10:00:00,1416.51,30.4,70
2025-06-14 11:00:00,1566.9,30.6,87
2025-06-14 12:00:00,1520.53,31.6,81
2025-06-14 13:00:00,1618.36,31.2,89
2025-06-14 14:00:00,1463.89,31.2,76
2025-06-14 15:00:00,1371.86,32.1,81
2025-06-14 16:00:00,1239.62,31.2,60
2025-06-14 17:00:00,1140.3,32.9,79
2025-06-14 18:00:00,1161.16,31.0,64
2025-06-14 19:00:00,1065.86,29.7,92
2025-06-14 20:00:00,962.36,27.8,60
2025-06-14 21:00:00,1077.46,24.5,68
2025-06-14 22:00:00,1086.85,25.0,91
2025-06-14 23:00:00,1054.2,24.4,85
2025-06-15 00:00:00,1082.64,24.2,65
2025-06-15 01:00:00,1063.83,24.1,89
2025-06-15 02:00:00,1114.46,24.8,82
2025-06-15 03:00:00,997.28,24.5,84
2025-06-15 04:00:00,1022.04,25.9,84
2025-06-15 05:00:00,1018.33,24.8,72
2025-06-15 06:00:00,1031.79,26.3,84
2025-06-15 07:00:00,1239.44,27.4,76
2025-06-15 08:00:00,1225.6,28.3,86
2025-06-15 09:00:00,1386.44,30.6,70
2025-06-15 10:00:00,1417.55,31.0,65
2025-06-15 11:00:00,1533.41,29.2,74
2025-06-15 12:00:00,1586.75,31.3,91
2025-06-15 13:00:00,1518.52,31.8,83
2025-06-15 14:00:00,1499.03,34.6,70
2025-06-15 15:00:00,1369.36,31.5,88
2025-06-15 16:00:00,1307.6,30.3,67
2025-06-15 17:00:00,1210.45,31.4,69
2025-06-15 18:00:00,1061.48,30.6,69
2025-06-15 19:00:00,1036.08,28.9,60
2025-06-15 20:00:00,1023.44,27.7,82
2025-06-15 21:00:00,1046.93,28.1,77
2025-06-15 22:00:00,1046.03,25.0,82
2025-06-15 23:00:00,1071.14,24.8,64
2025-06-16 00:00:00,1263.78,23.9,90
2025-06-16 01:00:00,1268.78,25.4,79
2025-06-16 02:00:00,1291.23,24.3,88
2025-06-16 03:00:00,1248.15,22.9,92
2025-06-16 04:00:00,1241.87,23.4,91
2025-06-16 05:00:00,1259.01,27.4,84
2025-06-16 06:00:00,1276.95,27.3,86
2025-06-16 07:00:00,1374.28,28.0,82
2025-06-16 08:00:00,1429.36,28.0,61
2025-06-16 09:00:00,1623.54,30.8,63
2025-06-16 10:00:00,1581.46,28.7,84
2025-06-16 11:00:00,1744.72,31.7,82
2025-06-16 12:00:00,1812.3,30.9,82
2025-06-16 13:00:00,1700.04,31.6,92
2025-06-16 14:00:00,1692.88,32.9,87
2025-06-16 15:00:00,1555.34,31.7,67
2025-06-16 16:00:00,1454.48,30.9,92
2025-06-16 17:00:00,1396.29,30.2,88
2025-06-16 18:00:00,1289.33,27.6,74
2025-06-16 19:00:00,1162.58,30.0,74
2025-06-16 20:00:00,1183.24,26.8,78
2025-06-16 21:00:00,1259.78,29.2,80
2025-06-16 22:00:00,1261.63,25.7,94
2025-06-16 23:00:00,1326.06,26.7,85
2025-06-17 00:00:00,1331.53,22.4,87
2025-06-17 01:00:00,1253.11,25.0,81
2025-06-17 02:00:00,1333.75,25.2,75
2025-06-17 03:00:00,1226.73,25.7,71
2025-06-17 04:00:00,1183.97,22.7,87
2025-06-17 05:00:00,1211.86,24.3,66
2025-06-17 06:00:00,1203.69,26.7,92
2025-06-17 07:00:00,1419.7,27.1,83
2025-06-17 08:00:00,1523.5,28.4,70
2025-06-17 09:00:00,1543.92,28.6,74
2025-06-17 10:00:00,1671.22,31.9,78
2025-06-17 11:00:00,1751.45,34.0,74
2025-06-17 12:00:00,1739.09,31.6,68
2025-06-17 13:00:00,1686.69,32.4,72
2025-06-17 14:00:00,1671.86,32.1,88
2025-06-17 15:00:00,1568.26,33.4,85
2025-06-17 16:00:00,1454.13,32.5,82
2025-06-17 17:00:00,1371.31,29.5,76
2025-06-17 18:00:00,1332.77,29.3,64
2025-06-17 19:00:00,1223.51,27.8,75
2025-06-17 20:00:00,1223.72,31.2,89
2025-06-17 21:00:00,1251.42,27.7,80
2025-06-17 22:00:00,1265.65,25.3,64
2025-06-17 23:00:00,1243.7,24.4,85
2025-06-18 00:00:00,1276.29,25.5,89
2025-06-18 01:00:00,1284.53,25.2,81
2025-06-18 02:00:00,1206.93,25.0,61
2025-06-18 03:00:00,1270.38,23.6,71
2025-06-18 04:00:00,1268.05,24.9,86
2025-06-18 05:00:00,1209.02,25.3,85
2025-06-18 06:00:00,1289.73,24.9,84
2025-06-18 07:00:00,1386.22,25.9,78
2025-06-18 08:00:00,1448.87,28.5,86
2025-06-18 09:00:00,1596.6,29.3,76
2025-06-18 10:00:00,1685.2,30.7,65
2025-06-18 11:00:00,1697.01,31.8,82
2025-06-18 12:00:00,1789.06,33.3,77
2025-06-18 13:00:00,1709.89,30.9,61
2025-06-18 14:00:00,1712.38,32.8,78
2025-06-18 15:00:00,1556.29,32.8,63
2025-06-18 16:00:00,1462.37,31.1,92
2025-06-18 17:00:00,1411.83,31.0,93
2025-06-18 18:00:00,1300.4,29.7,91
2025-06-18 19:00:00,1196.62,31.6,77
2025-06-18 20:00:00,1182.51,28.1,68
2025-06-18 21:00:00,1205.29,27.5,62
2025-06-18 22:00:00,1260.35,25.7,77
2025-06-18 23:00:00,1278.03,24.6,84
2025-06-19 00:00:00,1243.64,23.0,61
2025-06-19 01:00:00,1224.74,25.5,60
2025-06-19 02:00:00,1256.51,24.9,83
2025-06-19 03:00:00,1220.03,23.8,83
2025-06-19 04:00:00,1293.68,23.5,63
2025-06-19 05:00:00,1235.83,25.4,94
2025-06-19 06:00:00,1346.68,25.4,94
2025-06-19 07:00:00,1323.01,26.7,71
2025-06-19 08:00:00,1413.13,26.5,82
2025-06-19 09:00:00,1540.77,29.3,81
2025-06-19 10:00:00,1721.33,30.3,85
2025-06-19 11:00:00,1810.08,32.1,63
2025-06-19 12:00:00,1745.84,31.3,66
2025-06-19 13:00:00,1732.51,31.5,82
2025-06-19 14:00:00,1638.82,30.1,90
2025-06-19 15:00:00,1516.6,33.2,66
2025-06-19 16:00:00,1493.39,32.5,81
2025-06-19 17:00:00,1371.83,30.9,78
2025-06-19 18:00:00,1283.62,28.4,89
2025-06-19 19:00:00,1185.63,27.6,85
2025-06-19 20:00:00,1275.66,27.3,81
2025-06-19 21:00:00,1208.88,28.1,68
2025-06-19 22:00:00,1265.45,26.3,88
2025-06-19 23:00:00,1214.81,23.4,91
2025-06-20 00:00:00,1266.66,25.0,77
2025-06-20 01:00:00,1275.97,23.1,90
2025-06-20 02:00:00,1258.28,23.4,91
2025-06-20 03:00:00,1231.98,25.3,68
2025-06-20 04:00:00,1235.66,25.5,89
2025-06-20 05:00:00,1195.16,26.5,91
2025-06-20 06:00:00,1290.27,26.0,67
2025-06-20 07:00:00,1368.13,28.0,83
2025-06-20 08:00:00,1476.48,27.3,63
2025-06-20 09:00:00,1582.69,28.7,76
2025-06-20 10:00:00,1635.33,29.6,80
2025-06-20 11:00:00,1702.67,30.9,68
2025-06-20 12:00:00,1695.9,29.9,64
2025-06-20 13:00:00,1777.42,31.6,64
2025-06-20 14:00:00,1708.88,33.7,89
2025-06-20 15:00:00,1609.71,30.6,65
2025-06-20 16:00:00,1479.16,29.9,67
2025-06-20 17:00:00,1289.55,29.3,92
2025-06-20 18:00:00,1247.49,33.2,74
2025-06-20 19:00:00,1240.77,29.6,68
2025-06-20 20:00:00,1223.18,27.7,62
2025-06-20 21:00:00,1218.87,27.0,90
2025-06-20 22:00:00,1259.86,26.3,66
2025-06-20 23:00:00,1266.31,24.4,75
2025-06-21 00:00:00,1077.68,23.9,87
2025-06-21 01:00:00,1043.53,23.9,94
2025-06-21 02:00:00,1081.33,23.1,74
2025-06-21 03:00:00,1011.61,23.7,66
2025-06-21 04:00:00,971.9,25.0,94
2025-06-21 05:00:00,1007.87,24.0,90
2025-06-21 06:00:00,1071.29,29.1,67
2025-06-21 07:00:00,1199.06,27.9,75
2025-06-21 08:00:00,1267.02,26.5,93
2025-06-21 09:00:00,1373.76,26.1,60
2025-06-21 10:00:00,1436.31,29.2,78
2025-06-21 11:00:00,1576.41,31.6,73
2025-06-21 12:00:00,1550.7,32.1,78
2025-06-21 13:00:00,1545.43,31.7,82
2025-06-21 14:00:00,1531.84,31.3,63
2025-06-21 15:00:00,1398.12,30.8,93
2025-06-21 16:00:00,1211.55,31.0,61
2025-06-21 17:00:00,1102.4,29.6,71
2025-06-21 18:00:00,1081.3,29.5,82
2025-06-21 19:00:00,992.48,30.6,77
2025-06-21 20:00:00,1041.26,27.1,91
2025-06-21 21:00:00,1028.27,27.7,76
2025-06-21 22:00:00,1052.86,26.9,90
2025-06-21 23:00:00,1041.29,23.9,85
2025-06-22 00:00:00,1134.47,23.5,71
2025-06-22 01:00:00,1165.46,25.4,94
2025-06-22 02:00:00,1037.27,22.9,75
2025-06-22 03:00:00,1039.12,24.1,63
2025-06-22 04:00:00,1021.95,27.0,87
2025-06-22 05:00:00,1025.83,26.3,92
2025-06-22 06:00:00,1054.43,26.1,69
2025-06-22 07:00:00,1126.37,28.0,90
2025-06-22 08:00:00,1228.82,27.9,73
2025-06-22 09:00:00,1394.53,30.3,64
2025-06-22 10:00:00,1461.9,27.5,69
2025-06-22 11:00:00,1458.75,30.7,84
2025-06-22 12:00:00,1589.16,29.0,76
2025-06-22 13:00:00,1547.66,32.1,79
2025-06-22 14:00:00,1527.24,31.7,92
2025-06-22 15:00:00,1393.44,33.5,68
2025-06-22 16:00:00,1216.86,32.3,90
2025-06-22 17:00:00,1086.36,30.2,64
2025-06-22 18:00:00,1058.44,29.5,88
2025-06-22 19:00:00,1013.12,29.5,63
2025-06-22 20:00:00,1051.64,27.3,90
2025-06-22 21:00:00,1026.55,26.9,63
2025-06-22 22:00:00,1086.82,27.6,77
2025-06-22 23:00:00,1019.72,24.2,77
2025-06-23 00:00:00,1307.32,24.0,93
2025-06-23 01:00:00,1291.22,23.8,73
2025-06-23 02:00:00,1176.4,27.8,85
2025-06-23 03:00:00,1273.07,24.9,82
2025-06-23 04:00:00,1221.83,25.9,92
2025-06-23 05:00:00,1248.66,26.1,76
2025-06-23 06:00:00,1253.3,27.0,91
2025-06-23 07:00:00,1408.99,27.5,94
2025-06-23 08:00:00,1427.08,28.4,89
2025-06-23 09:00:00,1609.49,27.3,74
2025-06-23 10:00:00,1708.82,30.4,66
2025-06-23 11:00:00,1714.91,30.7,65
2025-06-23 12:00:00,1843.02,32.1,68
2025-06-23 13:00:00,1757.12,31.8,72
2025-06-23 14:00:00,1703.01,32.9,77
2025-06-23 15:00:00,1526.95,33.0,94
2025-06-23 16:00:00,1542.75,28.0,60
2025-06-23 17:00:00,1321.56,30.3,83
2025-06-23 18:00:00,1319.51,27.8,75
2025-06-23 19:00:00,1200.2,29.3,77
2025-06-23 20:00:00,1196.99,27.6,62
2025-06-23 21:00:00,1254.49,28.6,67
2025-06-23 22:00:00,1283.12,26.2,77
2025-06-23 23:00:00,1221.61,24.6,88
2025-06-24 00:00:00,1311.67,25.7,86
2025-06-24 01:00:00,1302.52,23.8,88
2025-06-24 02:00:00,1214.18,23.4,63
2025-06-24 03:00:00,1282.69,24.6,71
2025-06-24 04:00:00,1167.53,26.5,72
2025-06-24 05:00:00,1213.03,26.2,73
2025-06-24 06:00:00,1300.3,26.7,73
2025-06-24 07:00:00,1334.45,30.3,69
2025-06-24 08:00:00,1477.78,27.1,81
2025-06-24 09:00:00,1588.77,28.1,68
2025-06-24 10:00:00,1673.52,30.2,83
2025-06-24 11:00:00,1778.1,32.6,76
2025-06-24 12:00:00,1765.58,30.3,83
2025-06-24 13:00:00,1757.08,34.0,64
2025-06-24 14:00:00,1720.21,30.3,93
2025-06-24 15:00:00,1608.04,31.7,60
2025-06-24 16:00:00,1496.1,31.7,86
2025-06-24 17:00:00,1324.16,29.8,67
2025-06-24 18:00:00,1301.97,29.3,65
2025-06-24 19:00:00,1204.23,30.0,64
2025-06-24 20:00:00,1173.77,29.7,77
2025-06-24 21:00:00,1224.33,24.4,66
2025-06-24 22:00:00,1215.47,26.2,92
2025-06-24 23:00:00,1293.75,25.0,93
2025-06-25 00:00:00,1301.92,24.7,91
2025-06-25 01:00:00,1199.27,23.8,62
2025-06-25 02:00:00,1217.93,22.5,60
2025-06-25 03:00:00,1175.56,26.0,80
2025-06-25 04:00:00,1202.24,25.9,72
2025-06-25 05:00:00,1250.74,25.0,67
2025-06-25 06:00:00,1274.97,25.4,89
2025-06-25 07:00:00,1343.59,26.2,67
2025-06-25 08:00:00,1513.96,24.9,86
2025-06-25 09:00:00,1499.57,29.5,82
2025-06-25 10:00:00,1723.26,30.9,67
2025-06-25 11:00:00,1729.83,31.0,74
2025-06-25 12:00:00,1770.75,31.4,66
2025-06-25 13:00:00,1730.43,32.0,71
2025-06-25 14:00:00,1734.0,31.0,89
2025-06-25 15:00:00,1537.19,31.3,69
2025-06-25 16:00:00,1468.91,31.3,78
2025-06-25 17:00:00,1382.75,31.7,77
2025-06-25 18:00:00,1227.13,31.7,79
2025-06-25 19:00:00,1202.7,28.8,61
2025-06-25 20:00:00,1213.34,26.7,89
2025-06-25 21:00:00,1195.72,27.0,70
2025-06-25 22:00:00,1218.48,28.4,81
2025-06-25 23:00:00,1253.74,24.0,78
2025-06-26 00:00:00,1296.0,25.6,62
2025-06-26 01:00:00,1253.72,25.7,63
2025-06-26 02:00:00,1284.52,23.6,94
2025-06-26 03:00:00,1191.59,23.3,68
2025-06-26 04:00:00,1174.47,25.2,67
2025-06-26 05:00:00,1302.09,25.6,93
2025-06-26 06:00:00,1260.27,26.8,90
2025-06-26 07:00:00,1318.21,29.5,78
2025-06-26 08:00:00,1407.34,28.2,91
2025-06-26 09:00:00,1617.72,27.6,87
2025-06-26 10:00:00,1667.89,30.1,77
2025-06-26 11:00:00,1739.86,31.1,84
2025-06-26 12:00:00,1767.76,33.0,69
2025-06-26 13:00:00,1784.2,31.6,64
2025-06-26 14:00:00,1673.57,31.5,74
2025-06-26 15:00:00,1662.17,30.2,84
2025-06-26 16:00:00,1473.04,32.1,79
2025-06-26 17:00:00,1401.31,34.8,69
2025-06-26 18:00:00,1311.55,29.7,87
2025-06-26 19:00:00,1233.47,29.6,65
2025-06-26 20:00:00,1197.84,27.3,70
2025-06-26 21:00:00,1238.23,25.4,78
2025-06-26 22:00:00,1264.74,26.5,75
2025-06-26 23:00:00,1245.8,25.2,91
2025-06-27 00:00:00,1278.89,21.7,61
2025-06-27 01:00:00,1308.79,26.1,85
2025-06-27 02:00:00,1319.03,24.5,80
2025-06-27 03:00:00,1256.22,24.2,74
2025-06-27 04:00:00,1283.29,24.0,72
2025-06-27 05:00:00,1212.44,25.7,66
2025-06-27 06:00:00,1307.67,26.5,62
2025-06-27 07:00:00,1410.74,27.4,74
2025-06-27 08:00:00,1436.75,29.3,79
2025-06-27 09:00:00,1562.9,30.6,62
2025-06-27 10:00:00,1740.46,32.4,86
2025-06-27 11:00:00,1714.41,29.8,74
2025-06-27 12:00:00,1726.2,30.8,62
2025-06-27 13:00:00,1802.03,32.3,87
2025-06-27 14:00:00,1721.55,31.1,60
2025-06-27 15:00:00,1595.06,31.1,79
2025-06-27 16:00:00,1466.56,32.0,70
2025-06-27 17:00:00,1348.6,31.9,84
2025-06-27 18:00:00,1293.04,31.5,63
2025-06-27 19:00:00,1289.85,28.8,78
2025-06-27 20:00:00,1226.54,28.6,87
2025-06-27 21:00:00,1302.26,27.3,69
2025-06-27 22:00:00,1215.26,26.0,80
2025-06-27 23:00:00,1264.96,24.2,75
2025-06-28 00:00:00,1059.77,23.4,92
2025-06-28 01:00:00,1027.29,24.9,72
2025-06-28 02:00:00,1040.97,23.0,88
2025-06-28 03:00:00,1040.67,22.0,63
2025-06-28 04:00:00,1036.19,24.5,86
2025-06-28 05:00:00,1110.19,26.9,67
2025-06-28 06:00:00,1099.11,22.6,67
2025-06-28 07:00:00,1203.9,26.6,84
2025-06-28 08:00:00,1270.18,28.8,85
2025-06-28 09:00:00,1438.38,26.8,60
2025-06-28 10:00:00,1563.33,29.7,92
2025-06-28 11:00:00,1566.88,29.5,78
2025-06-28 12:00:00,1538.15,30.3,79
2025-06-28 13:00:00,1529.09,31.4,77
2025-06-28 14:00:00,1489.28,30.7,85
2025-06-28 15:00:00,1395.66,30.4,68
2025-06-28 16:00:00,1292.36,31.4,86
2025-06-28 17:00:00,1179.81,33.5,65
2025-06-28 18:00:00,1083.17,30.9,79
2025-06-28 19:00:00,1012.04,30.2,60
2025-06-28 20:00:00,1031.98,29.0,75
2025-06-28 21:00:00,1091.09,26.1,63
2025-06-28 22:00:00,1082.14,26.4,62
2025-06-28 23:00:00,1084.11,26.5,81
2025-06-29 00:00:00,1108.56,25.5,68
2025-06-29 01:00:00,1051.98,24.4,67
2025-06-29 02:00:00,1028.24,24.6,66
2025-06-29 03:00:00,999.59,27.1,71
2025-06-29 04:00:00,1013.16,25.5,60
2025-06-29 05:00:00,1019.15,24.8,71
2025-06-29 06:00:00,1124.85,25.9,75
2025-06-29 07:00:00,1146.71,25.7,73
2025-06-29 08:00:00,1239.47,30.8,89
2025-06-29 09:00:00,1447.34,31.0,78
2025-06-29 10:00:00,1463.29,30.1,78
2025-06-29 11:00:00,1553.36,33.4,72
2025-06-29 12:00:00,1588.39,32.2,69
2025-06-29 13:00:00,1508.22,31.3,88
2025-06-29 14:00:00,1522.35,33.1,87
2025-06-29 15:00:00,1401.68,32.3,72
2025-06-29 16:00:00,1322.16,32.5,74
2025-06-29 17:00:00,1139.63,29.2,76
2025-06-29 18:00:00,1086.09,29.0,82
2025-06-29 19:00:00,1035.38,30.8,69
2025-06-29 20:00:00,1026.87,30.0,73
2025-06-29 21:00:00,974.95,28.7,91
2025-06-29 22:00:00,1050.02,28.7,93
2025-06-29 23:00:00,1015.17,25.9,90
2025-06-30 00:00:00,1284.71,25.1,91
2025-06-30 01:00:00,1190.11,23.0,75
2025-06-30 02:00:00,1180.87,23.3,85
2025-06-30 03:00:00,1254.06,21.8,76
2025-06-30 04:00:00,1198.05,24.2,81
2025-06-30 05:00:00,1198.99,22.7,94
2025-06-30 06:00:00,1326.68,27.3,82
2025-06-30 07:00:00,1374.46,27.4,84
2025-06-30 08:00:00,1497.74,25.6,64
2025-06-30 09:00:00,1573.18,28.8,65
2025-06-30 10:00:00,1772.52,32.4,85
2025-06-30 11:00:00,1726.48,30.7,65
2025-06-30 12:00:00,1833.29,30.3,78
2025-06-30 13:00:00,1745.5,29.7,78
2025-06-30 14:00:00,1620.85,29.9,90
2025-06-30 15:00:00,1595.93,32.5,82
2025-06-30 16:00:00,1478.28,30.9,71
2025-06-30 17:00:00,1326.25,30.4,72
2025-06-30 18:00:00,1249.99,29.5,81
2025-06-30 19:00:00,1232.78,28.9,62
2025-06-30 20:00:00,1229.52,26.5,71
2025-06-30 21:00:00,1139.04,27.3,90
2025-06-30 22:00:00,1282.65,24.3,72
2025-06-30 23:00:00,1247.43,24.3,82
2025-07-01 00:00:00,1225.15,25.7,72
2025-07-01 01:00:00,1297.14,24.6,65
2025-07-01 02:00:00,1244.44,24.8,62
2025-07-01 03:00:00,1267.57,26.7,66
2025-07-01 04:00:00,1232.11,24.5,69
2025-07-01 05:00:00,1233.11,25.2,90
2025-07-01 06:00:00,1276.45,25.7,63
2025-07-01 07:00:00,1379.48,26.4,65
2025-07-01 08:00:00,1452.33,26.8,77
2025-07-01 09:00:00,1548.75,29.1,66
2025-07-01 10:00:00,1699.67,30.4,93
2025-07-01 11:00:00,1742.17,31.3,82
2025-07-01 12:00:00,1773.0,31.5,67
2025-07-01 13:00:00,1785.37,33.0,83
2025-07-01 14:00:00,1674.36,32.0,87
2025-07-01 15:00:00,1579.15,31.4,62
2025-07-01 16:00:00,1445.86,30.4,72
2025-07-01 17:00:00,1377.71,29.0,92
2025-07-01 18:00:00,1294.11,31.8,75
2025-07-01 19:00:00,1264.77,28.2,70
2025-07-01 20:00:00,1196.6,26.9,88
2025-07-01 21:00:00,1209.08,26.5,84
2025-07-01 22:00:00,1273.1,25.7,76
2025-07-01 23:00:00,1273.16,27.1,65
2025-07-02 00:00:00,1239.58,24.1,73
2025-07-02 01:00:00,1309.48,27.3,78
2025-07-02 02:00:00,1185.36,24.1,71
2025-07-02 03:00:00,1251.99,26.6,78
2025-07-02 04:00:00,1172.04,25.6,80
2025-07-02 05:00:00,1298.7,25.6,88
2025-07-02 06:00:00,1227.27,27.9,87
2025-07-02 07:00:00,1402.45,28.3,76
2025-07-02 08:00:00,1463.49,28.8,61
2025-07-02 09:00:00,1565.3,31.8,65
2025-07-02 10:00:00,1684.35,29.4,84
2025-07-02 11:00:00,1768.88,29.6,78
2025-07-02 12:00:00,1739.71,30.7,65
2025-07-02 13:00:00,1718.23,34.0,60
2025-07-02 14:00:00,1700.62,33.7,93
2025-07-02 15:00:00,1518.41,31.2,80
2025-07-02 16:00:00,1445.94,28.6,80
2025-07-02 17:00:00,1468.6,30.6,86
2025-07-02 18:00:00,1247.52,28.8,82
2025-07-02 19:00:00,1272.95,28.4,91
2025-07-02 20:00:00,1195.91,26.7,76
2025-07-02 21:00:00,1242.46,25.0,73
2025-07-02 22:00:00,1267.82,28.3,81
2025-07-02 23:00:00,1303.39,24.4,76
2025-07-03 00:00:00,1263.78,26.2,88
2025-07-03 01:00:00,1332.85,23.9,85
2025-07-03 02:00:00,1223.67,22.6,90
2025-07-03 03:00:00,1232.23,24.7,93
2025-07-03 04:00:00,1224.4,24.1,86
2025-07-03 05:00:00,1192.92,24.9,76
2025-07-03 06:00:00,1270.82,26.2,82
2025-07-03 07:00:00,1367.26,26.0,93
2025-07-03 08:00:00,1450.71,26.1,77
2025-07-03 09:00:00,1663.05,29.0,80
2025-07-03 10:00:00,1648.0,31.2,79
2025-07-03 11:00:00,1787.54,29.7,91
2025-07-03 12:00:00,1800.83,31.6,71
2025-07-03 13:00:00,1745.78,33.7,63
2025-07-03 14:00:00,1647.09,31.9,68
2025-07-03 15:00:00,1550.76,32.0,70
2025-07-03 16:00:00,1447.75,31.5,89
2025-07-03 17:00:00,1299.17,30.0,85
2025-07-03 18:00:00,1245.77,28.8,91
2025-07-03 19:00:00,1180.38,27.8,87
2025-07-03 20:00:00,1263.01,28.4,75
2025-07-03 21:00:00,1245.78,27.9,67
2025-07-03 22:00:00,1271.92,27.0,62
2025-07-03 23:00:00,1283.97,24.7,62
2025-07-04 00:00:00,1276.07,25.8,69
2025-07-04 01:00:00,1313.8,24.5,71
2025-07-04 02:00:00,1222.35,24.1,74
2025-07-04 03:00:00,1227.2,20.1,86
2025-07-04 04:00:00,1241.39,23.6,70
2025-07-04 05:00:00,1185.38,23.3,65
2025-07-04 06:00:00,1388.64,26.8,71
2025-07-04 07:00:00,1362.05,27.1,77
2025-07-04 08:00:00,1470.24,26.7,84
2025-07-04 09:00:00,1621.04,29.4,93
2025-07-04 10:00:00,1708.81,28.3,85
2025-07-04 11:00:00,1747.02,29.6,83
2025-07-04 12:00:00,1774.85,30.6,75
2025-07-04 13:00:00,1693.06,32.5,80
2025-07-04 14:00:00,1657.33,33.7,89
2025-07-04 15:00:00,1595.19,31.2,79
2025-07-04 16:00:00,1480.85,33.1,78
2025-07-04 17:00:00,1403.84,30.9,70
2025-07-04 18:00:00,1276.11,30.3,73
2025-07-04 19:00:00,1183.15,29.0,75
2025-07-04 20:00:00,1252.32,27.8,62
2025-07-04 21:00:00,1273.83,27.5,81
2025-07-04 22:00:00,1275.28,26.9,64
2025-07-04 23:00:00,1257.07,24.1,61
2025-07-05 00:00:00,1106.16,24.3,71
2025-07-05 01:00:00,1182.07,26.1,61
2025-07-05 02:00:00,1047.14,24.2,78
2025-07-05 03:00:00,976.94,24.5,83
2025-07-05 04:00:00,994.11,25.9,64
2025-07-05 05:00:00,1052.9,24.6,85
2025-07-05 06:00:00,1023.48,26.0,87
2025-07-05 07:00:00,1166.36,27.9,94
2025-07-05 08:00:00,1277.97,29.5,78
2025-07-05 09:00:00,1430.17,26.2,90
2025-07-05 10:00:00,1522.03,29.1,78
2025-07-05 11:00:00,1575.34,29.6,78
2025-07-05 12:00:00,1493.98,31.3,79
2025-07-05 13:00:00,1577.32,30.8,76
2025-07-05 14:00:00,1500.89,32.8,71
2025-07-05 15:00:00,1385.43,32.1,94
2025-07-05 16:00:00,1204.14,32.5,85
2025-07-05 17:00:00,1133.3,32.0,67
2025-07-05 18:00:00,1038.87,30.8,84
2025-07-05 19:00:00,960.56,28.6,84
2025-07-05 20:00:00,1014.62,28.1,81
2025-07-05 21:00:00,995.03,26.4,72
2025-07-05 22:00:00,1135.11,24.4,74
2025-07-05 23:00:00,1056.27,26.3,82
2025-07-06 00:00:00,1114.22,24.4,87
2025-07-06 01:00:00,1006.47,22.3,72
2025-07-06 02:00:00,1023.89,24.6,91
2025-07-06 03:00:00,1025.57,23.9,70
2025-07-06 04:00:00,982.18,22.1,73
2025-07-06 05:00:00,1015.57,23.5,94
2025-07-06 06:00:00,1071.35,25.2,94
2025-07-06 07:00:00,1151.58,27.2,82
2025-07-06 08:00:00,1328.92,28.9,72
2025-07-06 09:00:00,1389.01,29.9,65
2025-07-06 10:00:00,1492.29,30.7,88
2025-07-06 11:00:00,1563.3,30.8,74
2025-07-06 12:00:00,1590.45,33.5,64
2025-07-06 13:00:00,1541.52,32.7,92
2025-07-06 14:00:00,1464.3,32.3,61
2025-07-06 15:00:00,1381.64,32.5,92
2025-07-06 16:00:00,1304.52,31.0,84
2025-07-06 17:00:00,1199.24,30.8,86
2025-07-06 18:00:00,1070.63,27.5,84
2025-07-06 19:00:00,1057.3,28.6,64
2025-07-06 20:00:00,1007.25,30.1,63
2025-07-06 21:00:00,1023.47,27.1,73
2025-07-06 22:00:00,1025.99,26.1,76
2025-07-06 23:00:00,1055.16,26.4,86
2025-07-07 00:00:00,1315.17,25.0,93
2025-07-07 01:00:00,1263.91,23.2,69
2025-07-07 02:00:00,1246.46,24.0,81
2025-07-07 03:00:00,1170.81,22.8,81
2025-07-07 04:00:00,1202.42,24.8,87
2025-07-07 05:00:00,1221.18,24.2,79
2025-07-07 06:00:00,1249.24,27.1,61
2025-07-07 07:00:00,1359.8,26.4,82
2025-07-07 08:00:00,1448.25,27.0,93
2025-07-07 09:00:00,1577.85,28.9,75
2025-07-07 10:00:00,1679.04,30.4,87
2025-07-07 11:00:00,1710.24,29.4,73
2025-07-07 12:00:00,1754.34,30.8,60
2025-07-07 13:00:00,1746.41,32.0,74
2025-07-07 14:00:00,1716.26,33.6,74
2025-07-07 15:00:00,1584.07,28.8,84
2025-07-07 16:00:00,1440.15,32.2,64
2025-07-07 17:00:00,1373.07,30.4,67
2025-07-07 18:00:00,1338.09,29.4,81
2025-07-07 19:00:00,1261.79,28.2,73
2025-07-07 20:00:00,1232.5,27.6,78
2025-07-07 21:00:00,1246.96,27.7,85
2025-07-07 22:00:00,1292.24,25.4,92
2025-07-07 23:00:00,1298.44,27.2,71
2025-07-08 00:00:00,1287.29,25.3,88
2025-07-08 01:00:00,1297.3,24.4,71
2025-07-08 02:00:00,1203.1,23.8,88
2025-07-08 03:00:00,1168.11,25.6,79
2025-07-08 04:00:00,1217.97,26.1,93
2025-07-08 05:00:00,1231.26,23.8,89
2025-07-08 06:00:00,1258.45,25.2,88
2025-07-08 07:00:00,1387.18,27.7,61
2025-07-08 08:00:00,1397.3,29.1,85
2025-07-08 09:00:00,1555.56,28.7,60
2025-07-08 10:00:00,1657.04,29.1,87
2025-07-08 11:00:00,1685.65,30.9,67
2025-07-08 12:00:00,1819.84,33.2,90
2025-07-08 13:00:00,1695.36,31.9,78
2025-07-08 14:00:00,1653.45,30.5,72
2025-07-08 15:00:00,1606.09,32.0,75
2025-07-08 16:00:00,1485.16,32.4,82
2025-07-08 17:00:00,1319.55,30.7,70
2025-07-08 18:00:00,1301.44,31.5,83
2025-07-08 19:00:00,1239.08,30.1,69
2025-07-08 20:00:00,1294.22,27.9,64
2025-07-08 21:00:00,1234.93,27.0,71
2025-07-08 22:00:00,1236.13,23.8,85
2025-07-08 23:00:00,1230.05,26.6,87
2025-07-09 00:00:00,1240.58,24.1,75
2025-07-09 01:00:00,1230.18,23.7,61
2025-07-09 02:00:00,1288.13,23.3,85
2025-07-09 03:00:00,1220.5,24.7,63
2025-07-09 04:00:00,1231.44,23.2,88
2025-07-09 05:00:00,1281.03,24.0,75
2025-07-09 06:00:00,1194.12,25.9,81
2025-07-09 07:00:00,1402.22,26.2,65
2025-07-09 08:00:00,1463.62,28.4,87
2025-07-09 09:00:00,1588.69,28.3,70
2025-07-09 10:00:00,1644.2,31.9,80
2025-07-09 11:00:00,1715.67,31.7,85
2025-07-09 12:00:00,1783.81,32.3,81
2025-07-09 13:00:00,1825.57,31.1,89
2025-07-09 14:00:00,1708.33,34.9,89
2025-07-09 15:00:00,1617.79,31.3,92
2025-07-09 16:00:00,1455.0,30.6,89
2025-07-09 17:00:00,1336.5,31.7,89
2025-07-09 18:00:00,1249.41,30.2,85
2025-07-09 19:00:00,1211.02,28.1,65
2025-07-09 20:00:00,1139.9,30.6,63
2025-07-09 21:00:00,1194.6,28.1,74
2025-07-09 22:00:00,1220.64,26.0,62
2025-07-09 23:00:00,1253.07,28.1,75
2025-07-10 00:00:00,1270.37,25.5,75
2025-07-10 01:00:00,1270.89,24.1,86
2025-07-10 02:00:00,1238.74,26.7,65
2025-07-10 03:00:00,1198.65,24.9,80
2025-07-10 04:00:00,1142.07,25.3,72
2025-07-10 05:00:00,1207.03,24.7,68
2025-07-10 06:00:00,1241.76,26.1,67
2025-07-10 07:00:00,1372.9,26.5,87
2025-07-10 08:00:00,1492.63,29.7,78
2025-07-10 09:00:00,1605.44,27.1,88
2025-07-10 10:00:00,1698.82,31.6,90
2025-07-10 11:00:00,1736.56,29.8,92
2025-07-10 12:00:00,1747.56,31.4,65
2025-07-10 13:00:00,1715.09,31.5,63
2025-07-10 14:00:00,1619.59,31.4,75
2025-07-10 15:00:00,1607.34,32.7,62
2025-07-10 16:00:00,1454.74,31.5,84
2025-07-10 17:00:00,1313.02,30.0,76
2025-07-10 18:00:00,1246.94,30.2,81
2025-07-10 19:00:00,1196.9,28.2,77
2025-07-10 20:00:00,1212.38,27.4,91
2025-07-10 21:00:00,1256.47,25.2,77
2025-07-10 22:00:00,1227.2,25.5,85
2025-07-10 23:00:00,1179.5,25.8,84
2025-07-11 00:00:00,1258.22,24.6,87
2025-07-11 01:00:00,1251.82,26.3,82
2025-07-11 02:00:00,1230.47,27.1,67
2025-07-11 03:00:00,1196.12,23.6,72
2025-07-11 04:00:00,1217.47,23.5,69
2025-07-11 05:00:00,1228.56,26.5,62
2025-07-11 06:00:00,1274.01,26.4,69
2025-07-11 07:00:00,1370.1,28.3,74
2025-07-11 08:00:00,1444.84,28.5,83
2025-07-11 09:00:00,1554.64,28.8,69
2025-07-11 10:00:00,1719.71,29.8,80
2025-07-11 11:00:00,1759.88,31.3,87
2025-07-11 12:00:00,1793.85,31.2,61
2025-07-11 13:00:00,1783.23,33.3,63
2025-07-11 14:00:00,1689.83,30.4,62
2025-07-11 15:00:00,1604.2,33.3,91
2025-07-11 16:00:00,1404.65,29.2,93
2025-07-11 17:00:00,1362.86,31.0,75
2025-07-11 18:00:00,1268.55,29.6,63
2025-07-11 19:00:00,1285.04,27.2,77
2025-07-11 20:00:00,1242.42,25.5,87
2025-07-11 21:00:00,1196.12,25.6,65
2025-07-11 22:00:00,1251.51,26.1,60
2025-07-11 23:00:00,1263.28,24.4,75
2025-07-12 00:00:00,1079.77,23.3,68
2025-07-12 01:00:00,1020.66,25.8,76
2025-07-12 02:00:00,1049.97,22.5,93
2025-07-12 03:00:00,1009.12,25.0,90
2025-07-12 04:00:00,1018.78,23.5,93
2025-07-12 05:00:00,999.92,23.8,93
2025-07-12 06:00:00,1053.43,25.3,60
2025-07-12 07:00:00,1195.77,27.7,74
2025-07-12 08:00:00,1222.11,26.4,90
2025-07-12 09:00:00,1336.48,29.4,73
2025-07-12 10:00:00,1468.63,28.8,93
2025-07-12 11:00:00,1512.32,29.9,60
2025-07-12 12:00:00,1532.96,31.9,94
2025-07-12 13:00:00,1543.02,34.5,70
2025-07-12 14:00:00,1417.78,30.9,76
2025-07-12 15:00:00,1335.45,32.7,64
2025-07-12 16:00:00,1330.85,31.1,76
2025-07-12 17:00:00,1170.83,30.3,77
2025-07-12 18:00:00,1047.84,31.3,84
2025-07-12 19:00:00,1039.99,28.0,94
2025-07-12 20:00:00,1028.84,26.6,75
2025-07-12 21:00:00,1052.02,27.5,82
2025-07-12 22:00:00,1033.04,27.9,80
2025-07-12 23:00:00,1090.62,26.1,88
2025-07-13 00:00:00,991.5,22.8,69
2025-07-13 01:00:00,1018.32,23.4,79
2025-07-13 02:00:00,1042.09,25.2,66
2025-07-13 03:00:00,1027.62,26.0,89
2025-07-13 04:00:00,975.96,24.8,88
2025-07-13 05:00:00,1033.33,24.5,60
2025-07-13 06:00:00,1051.05,28.0,80
2025-07-13 07:00:00,1143.98,26.9,66
2025-07-13 08:00:00,1293.76,27.3,63
2025-07-13 09:00:00,1401.49,28.1,74
2025-07-13 10:00:00,1434.51,28.6,93
2025-07-13 11:00:00,1501.31,34.2,61
2025-07-13 12:00:00,1548.52,33.2,62
2025-07-13 13:00:00,1537.39,31.1,63
2025-07-13 14:00:00,1446.41,34.1,86
2025-07-13 15:00:00,1406.13,32.5,63
2025-07-13 16:00:00,1270.1,32.0,78
2025-07-13 17:00:00,1167.94,30.0,93
2025-07-13 18:00:00,1028.62,29.4,75
2025-07-13 19:00:00,1065.18,29.0,81
2025-07-13 20:00:00,909.26,25.6,91
2025-07-13 21:00:00,1045.38,26.4,61
2025-07-13 22:00:00,1069.17,26.0,76
2025-07-13 23:00:00,1040.29,26.7,82
2025-07-14 00:00:00,1306.33,23.8,71
2025-07-14 01:00:00,1252.02,25.1,72
2025-07-14 02:00:00,1237.47,21.5,69
2025-07-14 03:00:00,1226.9,25.5,63
2025-07-14 04:00:00,1318.33,23.5,66
2025-07-14 05:00:00,1270.23,25.3,61
2025-07-14 06:00:00,1296.35,26.5,74
2025-07-14 07:00:00,1320.65,27.2,68
2025-07-14 08:00:00,1461.85,27.9,83
2025-07-14 09:00:00,1540.15,27.5,65
2025-07-14 10:00:00,1697.11,28.9,66
2025-07-14 11:00:00,1742.16,32.0,75
2025-07-14 12:00:00,1722.49,30.7,76
2025-07-14 13:00:00,1740.09,31.7,89
2025-07-14 14:00:00,1638.63,30.2,67
2025-07-14 15:00:00,1573.93,32.9,62
2025-07-14 16:00:00,1426.8,29.9,84
2025-07-14 17:00:00,1353.62,31.9,88
2025-07-14 18:00:00,1298.15,28.7,80
2025-07-14 19:00:00,1221.4,30.3,65
2025-07-14 20:00:00,1193.21,28.0,82
2025-07-14 21:00:00,1222.23,26.3,70
2025-07-14 22:00:00,1259.8,27.9,65
2025-07-14 23:00:00,1215.6,25.1,86
2025-07-15 00:00:00,1269.78,24.1,86
2025-07-15 01:00:00,1299.22,25.2,72
2025-07-15 02:00:00,1254.24,22.2,68
2025-07-15 03:00:00,1215.92,21.1,67
2025-07-15 04:00:00,1228.07,25.9,86
2025-07-15 05:00:00,1237.9,24.2,91
2025-07-15 06:00:00,1297.07,27.0,88
2025-07-15 07:00:00,1280.64,27.0,92
2025-07-15 08:00:00,1401.33,26.6,64
2025-07-15 09:00:00,1602.65,29.8,68
2025-07-15 10:00:00,1614.54,29.5,72
2025-07-15 11:00:00,1750.18,29.5,92
2025-07-15 12:00:00,1748.4,30.2,89
2025-07-15 13:00:00,1701.27,29.8,84
2025-07-15 14:00:00,1679.48,32.5,65
2025-07-15 15:00:00,1574.56,30.7,69
2025-07-15 16:00:00,1529.61,31.4,78
2025-07-15 17:00:00,1329.67,30.6,70
2025-07-15 18:00:00,1321.16,28.9,76
2025-07-15 19:00:00,1234.47,27.2,61
2025-07-15 20:00:00,1182.64,31.0,66
2025-07-15 21:00:00,1241.97,26.9,90
2025-07-15 22:00:00,1254.08,28.2,90
2025-07-15 23:00:00,1254.48,26.6,76
2025-07-16 00:00:00,1268.81,24.2,74
2025-07-16 01:00:00,1231.04,24.4,66
2025-07-16 02:00:00,1204.09,24.2,89
2025-07-16 03:00:00,1239.31,26.3,73
2025-07-16 04:00:00,1196.67,25.5,90
2025-07-16 05:00:00,1218.09,24.2,68
2025-07-16 06:00:00,1279.32,26.4,68
2025-07-16 07:00:00,1359.6,27.9,61
2025-07-16 08:00:00,1404.51,26.6,81
2025-07-16 09:00:00,1611.34,29.6,75
2025-07-16 10:00:00,1670.29,31.6,61
2025-07-16 11:00:00,1727.86,29.8,74
2025-07-16 12:00:00,1774.64,30.6,65
2025-07-16 13:00:00,1743.25,33.3,82
2025-07-16 14:00:00,1692.92,31.6,87
2025-07-16 15:00:00,1585.18,30.7,76
2025-07-16 16:00:00,1479.71,32.5,78
2025-07-16 17:00:00,1397.65,31.5,64
2025-07-16 18:00:00,1300.52,30.1,82
2025-07-16 19:00:00,1215.35,30.4,78
2025-07-16 20:00:00,1165.3,29.4,60
2025-07-16 21:00:00,1271.21,26.9,86
2025-07-16 22:00:00,1224.79,28.4,84
2025-07-16 23:00:00,1235.5,27.1,65
2025-07-17 00:00:00,1197.49,22.2,76
2025-07-17 01:00:00,1262.57,22.9,71
2025-07-17 02:00:00,1236.99,21.3,84
2025-07-17 03:00:00,1158.48,23.7,69
2025-07-17 04:00:00,1219.16,23.1,83
2025-07-17 05:00:00,1202.24,24.2,70
2025-07-17 06:00:00,1362.47,27.3,83
2025-07-17 07:00:00,1329.17,24.9,62
2025-07-17 08:00:00,1438.09,28.2,79
2025-07-17 09:00:00,1534.48,29.2,82
2025-07-17 10:00:00,1709.56,29.9,64
2025-07-17 11:00:00,1720.69,31.0,72
2025-07-17 12:00:00,1732.97,28.8,65
2025-07-17 13:00:00,1758.5,30.9,61
2025-07-17 14:00:00,1616.55,33.9,88
2025-07-17 15:00:00,1587.01,30.4,64
2025-07-17 16:00:00,1515.71,33.5,74
2025-07-17 17:00:00,1368.98,29.1,67
2025-07-17 18:00:00,1290.7,28.2,93
2025-07-17 19:00:00,1250.21,27.9,85
2025-07-17 20:00:00,1263.23,29.4,68
2025-07-17 21:00:00,1253.96,26.3,67
2025-07-17 22:00:00,1247.28,26.4,73
2025-07-17 23:00:00,1282.48,25.3,84
2025-07-18 00:00:00,1226.0,24.5,93
2025-07-18 01:00:00,1276.63,25.7,62
2025-07-18 02:00:00,1195.32,24.9,91
2025-07-18 03:00:00,1197.4,22.8,64
2025-07-18 04:00:00,1094.14,24.2,74
2025-07-18 05:00:00,1232.46,27.3,87
2025-07-18 06:00:00,1244.51,26.4,77
2025-07-18 07:00:00,1386.72,25.2,70
2025-07-18 08:00:00,1465.71,26.3,69
2025-07-18 09:00:00,1603.18,30.1,63
2025-07-18 10:00:00,1625.65,30.8,79
2025-07-18 11:00:00,1768.82,29.7,64
2025-07-18 12:00:00,1830.78,32.4,60
2025-07-18 13:00:00,1759.23,33.8,72
2025-07-18 14:00:00,1691.26,33.7,81
2025-07-18 15:00:00,1569.81,33.8,72
2025-07-18 16:00:00,1433.74,32.1,74
2025-07-18 17:00:00,1374.53,30.6,68
2025-07-18 18:00:00,1214.4,29.5,62
2025-07-18 19:00:00,1203.87,29.0,61
2025-07-18 20:00:00,1140.14,26.9,71
2025-07-18 21:00:00,1185.72,26.5,83
2025-07-18 22:00:00,1253.1,27.5,77
2025-07-18 23:00:00,1267.27,23.2,84
2025-07-19 00:00:00,1057.48,22.7,74
2025-07-19 01:00:00,1054.11,25.1,60
2025-07-19 02:00:00,963.2,23.6,67
2025-07-19 03:00:00,995.9,21.8,66
2025-07-19 04:00:00,976.87,24.5,94
2025-07-19 05:00:00,994.03,24.9,75
2025-07-19 06:00:00,1086.72,25.5,76
2025-07-19 07:00:00,1116.4,27.8,89
2025-07-19 08:00:00,1229.58,26.4,77
2025-07-19 09:00:00,1289.48,29.1,71
2025-07-19 10:00:00,1451.97,29.7,87
2025-07-19 11:00:00,1493.09,30.9,70
2025-07-19 12:00:00,1558.54,29.4,65
2025-07-19 13:00:00,1497.89,31.2,85
2025-07-19 14:00:00,1465.94,32.0,75
2025-07-19 15:00:00,1357.5,32.5,68
2025-07-19 16:00:00,1309.31,33.7,77
2025-07-19 17:00:00,1163.98,31.8,92
2025-07-19 18:00:00,1001.41,30.6,78
2025-07-19 19:00:00,972.91,30.6,68
2025-07-19 20:00:00,1002.74,27.6,68
2025-07-19 21:00:00,976.5,28.8,64
2025-07-19 22:00:00,925.42,27.3,82
2025-07-19 23:00:00,1095.5,24.6,93
2025-07-20 00:00:00,1079.55,26.8,81
2025-07-20 01:00:00,1065.02,24.7,64
2025-07-20 02:00:00,1006.59,26.6,60
2025-07-20 03:00:00,1022.55,24.5,85
2025-07-20 04:00:00,974.71,23.9,77
2025-07-20 05:00:00,1022.91,24.3,85
2025-07-20 06:00:00,1032.15,25.6,74
2025-07-20 07:00:00,1198.23,26.3,61
2025-07-20 08:00:00,1194.43,29.5,74
2025-07-20 09:00:00,1404.3,29.0,70
2025-07-20 10:00:00,1462.27,28.1,79
2025-07-20 11:00:00,1512.68,31.1,76
2025-07-20 12:00:00,1560.25,31.6,64
2025-07-20 13:00:00,1555.49,31.3,92
2025-07-20 14:00:00,1508.76,32.3,84
2025-07-20 15:00:00,1372.16,31.8,66
2025-07-20 16:00:00,1218.26,32.2,93
2025-07-20 17:00:00,1147.17,31.5,74
2025-07-20 18:00:00,1128.03,30.4,72
2025-07-20 19:00:00,1062.99,27.5,91
2025-07-20 20:00:00,1031.26,30.5,73
2025-07-20 21:00:00,1035.53,25.1,79
2025-07-20 22:00:00,1052.44,25.8,75
2025-07-20 23:00:00,1087.47,23.9,89
2025-07-21 00:00:00,1236.95,25.0,78
2025-07-21 01:00:00,1197.95,24.3,81
2025-07-21 02:00:00,1228.86,23.8,69
2025-07-21 03:00:00,1177.56,26.0,67
2025-07-21 04:00:00,1161.03,25.9,88
2025-07-21 05:00:00,1189.13,24.8,73
2025-07-21 06:00:00,1349.96,27.0,70
2025-07-21 07:00:00,1348.52,28.8,89
2025-07-21 08:00:00,1460.65,29.3,92
2025-07-21 09:00:00,1516.98,28.9,93
2025-07-21 10:00:00,1594.97,28.1,64
2025-07-21 11:00:00,1699.74,31.2,64
2025-07-21 12:00:00,1803.34,32.3,76
2025-07-21 13:00:00,1740.11,30.9,78
2025-07-21 14:00:00,1680.47,32.0,85
2025-07-21 15:00:00,1585.65,31.8,61
2025-07-21 16:00:00,1427.33,33.1,73
2025-07-21 17:00:00,1392.39,33.1,87
2025-07-21 18:00:00,1240.89,31.4,63
2025-07-21 19:00:00,1263.63,28.9,62
2025-07-21 20:00:00,1213.53,29.4,74
2025-07-21 21:00:00,1143.66,27.7,81
2025-07-21 22:00:00,1200.37,25.9,78
2025-07-21 23:00:00,1183.03,27.7,93
2025-07-22 00:00:00,1292.2,23.7,69
2025-07-22 01:00:00,1243.07,24.9,93
2025-07-22 02:00:00,1147.0,25.0,75
2025-07-22 03:00:00,1217.88,23.8,81
2025-07-22 04:00:00,1177.71,25.2,91
2025-07-22 05:00:00,1160.95,26.3,76
2025-07-22 06:00:00,1320.25,26.3,68
2025-07-22 07:00:00,1346.06,27.5,92
2025-07-22 08:00:00,1436.26,28.1,92
2025-07-22 09:00:00,1544.33,30.0,61
2025-07-22 10:00:00,1605.08,29.7,73
2025-07-22 11:00:00,1681.29,30.5,92
2025-07-22 12:00:00,1796.52,31.5,60
2025-07-22 13:00:00,1710.38,33.3,81
2025-07-22 14:00:00,1658.84,29.9,89
2025-07-22 15:00:00,1486.79,30.8,86
2025-07-22 16:00:00,1400.44,34.2,92
2025-07-22 17:00:00,1363.71,31.2,75
2025-07-22 18:00:00,1274.81,29.5,69
2025-07-22 19:00:00,1274.33,30.0,86
2025-07-22 20:00:00,1243.6,27.1,61
2025-07-22 21:00:00,1196.75,24.4,89
2025-07-22 22:00:00,1241.66,26.4,78
2025-07-22 23:00:00,1232.98,24.3,78
2025-07-23 00:00:00,1321.91,24.7,94
2025-07-23 01:00:00,1282.65,24.5,70
2025-07-23 02:00:00,1229.43,24.2,91
2025-07-23 03:00:00,1210.24,22.1,75
2025-07-23 04:00:00,1245.58,24.6,76
2025-07-23 05:00:00,1231.67,25.7,88
2025-07-23 06:00:00,1314.57,24.3,79
2025-07-23 07:00:00,1264.03,25.1,83
2025-07-23 08:00:00,1461.18,26.7,63
2025-07-23 09:00:00,1538.78,29.9,64
2025-07-23 10:00:00,1718.02,27.6,78
2025-07-23 11:00:00,1779.58,31.8,83
2025-07-23 12:00:00,1751.21,31.9,60
2025-07-23 13:00:00,1779.21,31.6,94
2025-07-23 14:00:00,1718.98,30.2,61
2025-07-23 15:00:00,1559.45,30.9,69
2025-07-23 16:00:00,1531.6,32.4,65
2025-07-23 17:00:00,1339.77,32.3,79
2025-07-23 18:00:00,1252.58,28.8,78
2025-07-23 19:00:00,1241.77,30.4,88
2025-07-23 20:00:00,1182.72,28.8,83
2025-07-23 21:00:00,1206.32,27.0,68
2025-07-23 22:00:00,1272.94,25.1,91
2025-07-23 23:00:00,1243.23,24.5,64
2025-07-24 00:00:00,1189.12,26.7,80
2025-07-24 01:00:00,1253.75,24.4,76
2025-07-24 02:00:00,1197.58,25.6,83
2025-07-24 03:00:00,1231.97,24.4,86
2025-07-24 04:00:00,1217.84,24.0,77
2025-07-24 05:00:00,1261.35,25.9,81
2025-07-24 06:00:00,1290.24,28.6,65
2025-07-24 07:00:00,1377.43,26.2,87
2025-07-24 08:00:00,1420.07,29.1,79
2025-07-24 09:00:00,1583.41,29.3,75
2025-07-24 10:00:00,1723.91,28.3,78
2025-07-24 11:00:00,1699.81,29.1,67
2025-07-24 12:00:00,1811.51,30.9,77
2025-07-24 13:00:00,1704.7,32.3,90
2025-07-24 14:00:00,1625.21,33.1,61
2025-07-24 15:00:00,1565.68,30.0,91
2025-07-24 16:00:00,1468.59,32.2,74
2025-07-24 17:00:00,1371.24,30.7,70
2025-07-24 18:00:00,1224.89,30.0,64
2025-07-24 19:00:00,1225.14,29.7,88
2025-07-24 20:00:00,1169.57,30.1,79
2025-07-24 21:00:00,1149.68,27.3,79
2025-07-24 22:00:00,1189.56,24.4,77
2025-07-24 23:00:00,1214.74,24.9,71
2025-07-25 00:00:00,1265.12,25.6,76
2025-07-25 01:00:00,1279.64,25.2,63
2025-07-25 02:00:00,1168.8,24.8,78
2025-07-25 03:00:00,1212.42,23.5,82
2025-07-25 04:00:00,1150.7,22.9,86
2025-07-25 05:00:00,1230.28,25.9,73
2025-07-25 06:00:00,1235.1,24.5,63
2025-07-25 07:00:00,1300.89,27.8,63
2025-07-25 08:00:00,1469.89,28.8,83
2025-07-25 09:00:00,1533.15,28.5,82
2025-07-25 10:00:00,1642.36,29.9,70
2025-07-25 11:00:00,1644.63,31.1,92
2025-07-25 12:00:00,1780.06,30.7,64
2025-07-25 13:00:00,1751.07,30.2,86
2025-07-25 14:00:00,1653.64,32.0,86
2025-07-25 15:00:00,1500.26,31.9,90
2025-07-25 16:00:00,1484.28,33.1,71
2025-07-25 17:00:00,1314.42,29.9,65
2025-07-25 18:00:00,1241.1,31.3,71
2025-07-25 19:00:00,1289.26,27.7,73
2025-07-25 20:00:00,1167.35,26.4,81
2025-07-25 21:00:00,1226.18,26.6,70
2025-07-25 22:00:00,1240.15,24.9,72
2025-07-25 23:00:00,1253.09,23.5,65
2025-07-26 00:00:00,1055.1,26.9,79
2025-07-26 01:00:00,1050.85,23.6,61
2025-07-26 02:00:00,1028.25,26.8,70
2025-07-26 03:00:00,996.65,22.9,67
2025-07-26 04:00:00,1043.15,22.5,89
2025-07-26 05:00:00,960.69,26.7,86
2025-07-26 06:00:00,1091.02,25.1,63
2025-07-26 07:00:00,1164.83,27.1,66
2025-07-26 08:00:00,1264.72,26.4,83
2025-07-26 09:00:00,1391.15,29.0,91
2025-07-26 10:00:00,1448.55,28.4,78
2025-07-26 11:00:00,1455.28,30.7,94
2025-07-26 12:00:00,1542.77,30.9,62
2025-07-26 13:00:00,1486.02,32.1,77
2025-07-26 14:00:00,1426.2,32.8,81
2025-07-26 15:00:00,1308.61,32.2,92
2025-07-26 16:00:00,1223.61,32.0,93
2025-07-26 17:00:00,1115.23,30.7,82
2025-07-26 18:00:00,972.12,29.5,94
2025-07-26 19:00:00,1031.22,29.6,88
2025-07-26 20:00:00,1068.06,27.9,61
2025-07-26 21:00:00,1019.79,26.9,73
2025-07-26 22:00:00,1011.75,26.5,67
2025-07-26 23:00:00,1035.89,23.9,60
2025-07-27 00:00:00,1028.82,26.3,87
2025-07-27 01:00:00,1039.16,23.8,62
2025-07-27 02:00:00,1015.77,24.1,66
2025-07-27 03:00:00,967.36,24.1,93
2025-07-27 04:00:00,1047.48,25.3,91
2025-07-27 05:00:00,952.91,25.6,68
2025-07-27 06:00:00,1078.73,25.9,94
2025-07-27 07:00:00,1130.84,28.7,78
2025-07-27 08:00:00,1305.13,24.2,74
2025-07-27 09:00:00,1362.31,30.5,90
2025-07-27 10:00:00,1437.52,31.1,75
2025-07-27 11:00:00,1510.35,28.6,66
2025-07-27 12:00:00,1545.02,32.6,94
2025-07-27 13:00:00,1479.04,33.1,88
2025-07-27 14:00:00,1423.3,32.7,61
2025-07-27 15:00:00,1287.95,30.0,93
2025-07-27 16:00:00,1206.34,32.3,94
2025-07-27 17:00:00,1137.72,32.0,90
2025-07-27 18:00:00,1064.17,29.3,71
2025-07-27 19:00:00,935.76,29.6,60
2025-07-27 20:00:00,983.87,27.6,88
2025-07-27 21:00:00,1016.62,28.0,60
2025-07-27 22:00:00,1011.47,25.6,60
2025-07-27 23:00:00,1013.95,24.5,74
2025-07-28 00:00:00,1227.41,24.5,62
2025-07-28 01:00:00,1215.36,22.5,73
2025-07-28 02:00:00,1193.06,23.8,69
2025-07-28 03:00:00,1201.16,24.6,62
2025-07-28 04:00:00,1267.63,25.6,79
2025-07-28 05:00:00,1177.21,25.5,86
2025-07-28 06:00:00,1240.74,24.3,70
2025-07-28 07:00:00,1330.85,28.6,62
2025-07-28 08:00:00,1412.83,29.7,83
2025-07-28 09:00:00,1587.11,29.2,69
2025-07-28 10:00:00,1565.42,29.1,85
2025-07-28 11:00:00,1698.72,30.2,91
2025-07-28 12:00:00,1770.55,31.2,67
2025-07-28 13:00:00,1707.03,32.2,72
2025-07-28 14:00:00,1619.7,31.6,62
2025-07-28 15:00:00,1564.13,30.8,74
2025-07-28 16:00:00,1468.65,32.7,80
2025-07-28 17:00:00,1340.09,31.1,88
2025-07-28 18:00:00,1223.9,28.7,86
2025-07-28 19:00:00,1219.29,29.4,89
2025-07-28 20:00:00,1172.88,28.2,73
2025-07-28 21:00:00,1221.26,26.1,74
2025-07-28 22:00:00,1267.37,27.4,73
2025-07-28 23:00:00,1143.22,25.3,84
2025-07-29 00:00:00,1243.97,24.3,86
2025-07-29 01:00:00,1171.78,24.0,61
2025-07-29 02:00:00,1299.05,24.5,76
2025-07-29 03:00:00,1176.94,24.0,74
2025-07-29 04:00:00,1211.23,24.4,86
2025-07-29 05:00:00,1200.25,26.5,69
2025-07-29 06:00:00,1222.01,24.3,68
2025-07-29 07:00:00,1298.63,25.5,62
2025-07-29 08:00:00,1490.63,28.9,83
2025-07-29 09:00:00,1580.37,31.9,60
2025-07-29 10:00:00,1714.67,31.1,65
2025-07-29 11:00:00,1717.49,33.1,64
2025-07-29 12:00:00,1750.23,30.9,63
2025-07-29 13:00:00,1706.21,31.1,62
2025-07-29 14:00:00,1636.62,32.5,89
2025-07-29 15:00:00,1510.48,33.0,82
2025-07-29 16:00:00,1438.11,29.9,66
2025-07-29 17:00:00,1303.34,30.6,91
2025-07-29 18:00:00,1265.65,30.0,69
2025-07-29 19:00:00,1207.51,28.2,92
2025-07-29 20:00:00,1195.26,27.3,85
2025-07-29 21:00:00,1252.05,28.0,90
2025-07-29 22:00:00,1212.38,26.6,89
2025-07-29 23:00:00,1259.14,26.1,82
2025-07-30 00:00:00,1310.08,24.9,88
2025-07-30 01:00:00,1276.46,23.1,67
2025-07-30 02:00:00,1252.15,24.5,75
2025-07-30 03:00:00,1180.79,23.0,68
2025-07-30 04:00:00,1191.34,24.2,63
2025-07-30 05:00:00,1153.54,23.9,78
2025-07-30 06:00:00,1265.78,25.3,72
2025-07-30 07:00:00,1338.71,27.1,71
2025-07-30 08:00:00,1434.14,27.5,68
2025-07-30 09:00:00,1581.06,28.0,71
2025-07-30 10:00:00,1602.57,31.4,83
2025-07-30 11:00:00,1770.97,30.7,72
2025-07-30 12:00:00,1769.91,30.8,94
2025-07-30 13:00:00,1711.29,30.6,91
2025-07-30 14:00:00,1639.66,29.8,73
2025-07-30 15:00:00,1561.96,31.6,61
2025-07-30 16:00:00,1486.6,29.8,80
2025-07-30 17:00:00,1332.71,31.7,90
2025-07-30 18:00:00,1253.42,30.0,94
2025-07-30 19:00:00,1200.39,30.9,75
2025-07-30 20:00:00,1245.76,28.3,85
2025-07-30 21:00:00,1178.71,26.1,62
2025-07-30 22:00:00,1210.87,23.7,61
2025-07-30 23:00:00,1282.07,26.1,81
2025-07-31 00:00:00,1241.58,23.0,62
2025-07-31 01:00:00,1268.68,23.6,85
2025-07-31 02:00:00,1178.05,26.0,86
2025-07-31 03:00:00,1182.49,24.9,67
2025-07-31 04:00:00,1233.42,25.0,82
2025-07-31 05:00:00,1174.17,26.3,65
2025-07-31 06:00:00,1241.18,27.1,84
2025-07-31 07:00:00,1336.24,28.9,75
2025-07-31 08:00:00,1396.86,27.3,85
2025-07-31 09:00:00,1528.78,28.6,74
2025-07-31 10:00:00,1646.94,28.9,91
2025-07-31 11:00:00,1713.54,30.8,78
2025-07-31 12:00:00,1781.32,31.3,73
2025-07-31 13:00:00,1765.87,29.8,94
2025-07-31 14:00:00,1613.06,31.2,85
2025-07-31 15:00:00,1547.19,33.6,72
2025-07-31 16:00:00,1455.13,31.8,67
2025-07-31 17:00:00,1380.39,31.7,73
2025-07-31 18:00:00,1271.69,29.9,85
2025-07-31 19:00:00,1208.1,26.8,89
2025-07-31 20:00:00,1204.88,27.8,72
2025-07-31 21:00:00,1213.36,28.2,70
2025-07-31 22:00:00,1177.59,24.6,61
2025-07-31 23:00:00,1235.76,26.1,89
2025-08-01 00:00:00,1285.62,22.5,83
2025-08-01 01:00:00,1219.74,24.2,77
2025-08-01 02:00:00,1212.59,24.7,82
2025-08-01 03:00:00,1179.31,23.8,65
2025-08-01 04:00:00,1098.59,27.5,70
2025-08-01 05:00:00,1196.68,24.6,66
2025-08-01 06:00:00,1255.15,25.3,92
2025-08-01 07:00:00,1307.44,27.2,69
2025-08-01 08:00:00,1389.19,27.1,80
2025-08-01 09:00:00,1510.56,27.3,68
2025-08-01 10:00:00,1667.86,28.7,89
2025-08-01 11:00:00,1779.06,31.7,84
2025-08-01 12:00:00,1783.01,31.1,84
2025-08-01 13:00:00,1662.98,33.9,83
2025-08-01 14:00:00,1671.05,31.5,71
2025-08-01 15:00:00,1518.21,32.7,66
2025-08-01 16:00:00,1409.27,32.1,93
2025-08-01 17:00:00,1309.26,30.3,62
2025-08-01 18:00:00,1269.37,28.9,65
2025-08-01 19:00:00,1229.61,27.0,86
2025-08-01 20:00:00,1176.24,28.7,78
2025-08-01 21:00:00,1185.06,28.4,67
2025-08-01 22:00:00,1224.42,24.1,77
2025-08-01 23:00:00,1247.01,24.7,66
2025-08-02 00:00:00,1073.8,23.7,60
2025-08-02 01:00:00,980.13,24.8,64
2025-08-02 02:00:00,1006.84,23.6,73
2025-08-02 03:00:00,948.49,25.7,60
2025-08-02 04:00:00,975.87,24.1,71
2025-08-02 05:00:00,986.12,23.7,78
2025-08-02 06:00:00,1041.03,25.4,61
2025-08-02 07:00:00,1095.46,26.5,73
2025-08-02 08:00:00,1175.62,28.6,62
2025-08-02 09:00:00,1266.15,28.6,94
2025-08-02 10:00:00,1434.6,30.5,72
2025-08-02 11:00:00,1493.01,29.9,62
2025-08-02 12:00:00,1509.04,31.1,73
2025-08-02 13:00:00,1554.4,30.9,93
2025-08-02 14:00:00,1409.14,31.0,68
2025-08-02 15:00:00,1389.08,33.4,69
2025-08-02 16:00:00,1284.56,30.6,67
2025-08-02 17:00:00,1055.23,30.4,88
2025-08-02 18:00:00,1045.97,31.3,92
2025-08-02 19:00:00,980.12,29.9,82
2025-08-02 20:00:00,875.83,30.0,67
2025-08-02 21:00:00,935.41,27.5,82
2025-08-02 22:00:00,1033.37,25.3,79
2025-08-02 23:00:00,1095.88,27.6,71
2025-08-03 00:00:00,1062.26,25.2,68
2025-08-03 01:00:00,1034.44,24.0,92
2025-08-03 02:00:00,1003.43,24.1,65
2025-08-03 03:00:00,1042.8,24.4,91
2025-08-03 04:00:00,1050.88,24.3,60
2025-08-03 05:00:00,971.53,23.5,83
2025-08-03 06:00:00,970.7,28.0,88
2025-08-03 07:00:00,1048.05,26.9,67
2025-08-03 08:00:00,1271.98,28.2,72
2025-08-03 09:00:00,1335.85,31.5,84
2025-08-03 10:00:00,1443.65,29.2,88
2025-08-03 11:00:00,1443.46,31.6,83
2025-08-03 12:00:00,1504.38,30.5,86
2025-08-03 13:00:00,1495.81,32.2,85
2025-08-03 14:00:00,1444.53,32.2,79
2025-08-03 15:00:00,1323.58,32.8,63
2025-08-03 16:00:00,1189.45,32.9,81
2025-08-03 17:00:00,1094.09,30.1,66
2025-08-03 18:00:00,1083.06,31.7,77
2025-08-03 19:00:00,1000.72,30.8,69
2025-08-03 20:00:00,997.21,27.7,90
2025-08-03 21:00:00,952.55,27.0,85
2025-08-03 22:00:00,900.9,25.4,85
2025-08-03 23:00:00,1004.93,24.8,84
2025-08-04 00:00:00,1198.34,23.1,77
2025-08-04 01:00:00,1233.33,25.1,83
2025-08-04 02:00:00,1317.17,21.5,74
2025-08-04 03:00:00,1206.24,23.3,67
2025-08-04 04:00:00,1269.45,24.5,84
2025-08-04 05:00:00,1209.97,26.7,94
2025-08-04 06:00:00,1216.65,25.3,83
2025-08-04 07:00:00,1331.67,27.5,80
2025-08-04 08:00:00,1486.03,27.9,60
2025-08-04 09:00:00,1599.53,30.2,85
2025-08-04 10:00:00,1615.09,30.5,69
2025-08-04 11:00:00,1713.0,31.8,85
2025-08-04 12:00:00,1678.71,30.8,61
2025-08-04 13:00:00,1733.01,30.6,73
2025-08-04 14:00:00,1689.62,32.4,92
2025-08-04 15:00:00,1536.92,31.3,60
2025-08-04 16:00:00,1400.4,31.5,89
2025-08-04 17:00:00,1332.15,31.2,77
2025-08-04 18:00:00,1253.38,31.5,89
2025-08-04 19:00:00,1192.99,30.0,86
2025-08-04 20:00:00,1180.04,27.2,89
2025-08-04 21:00:00,1175.93,25.6,80
2025-08-04 22:00:00,1237.14,28.0,75
2025-08-04 23:00:00,1247.01,23.3,76
2025-08-05 00:00:00,1192.22,24.0,77
2025-08-05 01:00:00,1183.7,24.9,93
2025-08-05 02:00:00,1191.23,26.0,80
2025-08-05 03:00:00,1205.66,23.9,71
2025-08-05 04:00:00,1176.83,24.6,90
2025-08-05 05:00:00,1165.52,24.1,69
2025-08-05 06:00:00,1245.81,26.2,63
2025-08-05 07:00:00,1305.87,25.6,74
2025-08-05 08:00:00,1452.49,27.1,87
2025-08-05 09:00:00,1545.11,30.0,66
2025-08-05 10:00:00,1622.16,29.5,70
2025-08-05 11:00:00,1710.2,31.9,88
2025-08-05 12:00:00,1772.72,31.3,93
2025-08-05 13:00:00,1682.17,30.2,89
2025-08-05 14:00:00,1647.31,33.4,86
2025-08-05 15:00:00,1531.02,30.3,84
2025-08-05 16:00:00,1436.66,30.7,82
2025-08-05 17:00:00,1294.6,30.6,88
2025-08-05 18:00:00,1240.59,31.2,70
2025-08-05 19:00:00,1226.88,28.4,63
2025-08-05 20:00:00,1138.95,26.9,90
2025-08-05 21:00:00,1133.44,27.2,69
2025-08-05 22:00:00,1155.04,25.7,75
2025-08-05 23:00:00,1178.23,24.6,89
2025-08-06 00:00:00,1245.39,24.8,94
2025-08-06 01:00:00,1167.79,22.7,76
2025-08-06 02:00:00,1187.63,21.9,64
2025-08-06 03:00:00,1199.43,26.7,62
2025-08-06 04:00:00,1184.15,24.7,75
2025-08-06 05:00:00,1172.46,25.4,63
2025-08-06 06:00:00,1241.27,25.1,68
2025-08-06 07:00:00,1319.12,28.0,63
2025-08-06 08:00:00,1411.75,27.4,80
2025-08-06 09:00:00,1524.0,25.7,69
2025-08-06 10:00:00,1709.35,29.3,90
2025-08-06 11:00:00,1728.34,30.5,76
2025-08-06 12:00:00,1811.44,31.3,75
2025-08-06 13:00:00,1682.63,31.6,65
2025-08-06 14:00:00,1628.16,31.2,89
2025-08-06 15:00:00,1484.79,31.0,74
2025-08-06 16:00:00,1391.31,31.1,90
2025-08-06 17:00:00,1381.99,28.9,89
2025-08-06 18:00:00,1216.38,27.7,75
2025-08-06 19:00:00,1253.2,29.2,61
2025-08-06 20:00:00,1126.15,28.1,87
2025-08-06 21:00:00,1141.02,28.0,76
2025-08-06 22:00:00,1186.22,25.7,91
2025-08-06 23:00:00,1214.89,23.7,84
2025-08-07 00:00:00,1254.74,22.2,72
2025-08-07 01:00:00,1230.66,23.1,73
2025-08-07 02:00:00,1181.37,24.5,84
2025-08-07 03:00:00,1171.01,25.9,94
2025-08-07 04:00:00,1156.29,24.6,88
2025-08-07 05:00:00,1151.82,23.7,74
2025-08-07 06:00:00,1201.39,24.9,74
2025-08-07 07:00:00,1349.23,25.9,76
2025-08-07 08:00:00,1353.49,27.5,84
2025-08-07 09:00:00,1585.87,30.4,82
2025-08-07 10:00:00,1616.99,31.4,91
2025-08-07 11:00:00,1670.86,30.6,90
2025-08-07 12:00:00,1748.39,31.7,82
2025-08-07 13:00:00,1749.9,30.9,76
2025-08-07 14:00:00,1668.14,29.9,88
2025-08-07 15:00:00,1546.86,34.0,61
2025-08-07 16:00:00,1455.57,28.7,70
2025-08-07 17:00:00,1253.24,28.6,75
2025-08-07 18:00:00,1214.27,32.2,76
2025-08-07 19:00:00,1152.02,29.1,80
2025-08-07 20:00:00,1210.41,26.6,80
2025-08-07 21:00:00,1162.36,27.8,65
2025-08-07 22:00:00,1225.64,26.9,82
2025-08-07 23:00:00,1233.76,23.6,91
2025-08-08 00:00:00,1190.1,23.9,88
2025-08-08 01:00:00,1192.19,25.2,90
2025-08-08 02:00:00,1239.07,23.0,84
2025-08-08 03:00:00,1146.38,24.5,61
2025-08-08 04:00:00,1169.68,26.2,81
2025-08-08 05:00:00,1154.3,22.3,74
2025-08-08 06:00:00,1219.33,25.6,65
2025-08-08 07:00:00,1309.49,27.3,92
2025-08-08 08:00:00,1387.93,25.8,70
2025-08-08 09:00:00,1493.5,28.4,71
2025-08-08 10:00:00,1636.87,31.3,83
2025-08-08 11:00:00,1666.18,30.0,62
2025-08-08 12:00:00,1691.98,29.7,89
2025-08-08 13:00:00,1662.9,33.2,78
2025-08-08 14:00:00,1624.14,32.5,66
2025-08-08 15:00:00,1560.18,31.8,71
2025-08-08 16:00:00,1468.1,31.3,88
2025-08-08 17:00:00,1285.75,32.1,67
2025-08-08 18:00:00,1305.65,30.4,80
2025-08-08 19:00:00,1146.6,29.8,72
2025-08-08 20:00:00,1203.32,27.2,86
2025-08-08 21:00:00,1148.37,24.7,63
2025-08-08 22:00:00,1163.42,26.7,91
2025-08-08 23:00:00,1186.79,26.5,83
2025-08-09 00:00:00,1016.26,24.3,68
2025-08-09 01:00:00,1030.84,25.2,69
2025-08-09 02:00:00,1015.05,23.6,70
2025-08-09 03:00:00,938.3,24.0,92
2025-08-09 04:00:00,928.48,26.6,66
2025-08-09 05:00:00,947.42,24.8,70
2025-08-09 06:00:00,1024.23,25.6,87
2025-08-09 07:00:00,1101.56,24.7,89
2025-08-09 08:00:00,1179.89,28.8,67
2025-08-09 09:00:00,1334.36,28.2,86
2025-08-09 10:00:00,1503.85,30.2,81
2025-08-09 11:00:00,1475.9,30.5,91
2025-08-09 12:00:00,1502.99,30.9,73
2025-08-09 13:00:00,1513.16,31.7,85
2025-08-09 14:00:00,1405.12,32.0,70
2025-08-09 15:00:00,1348.37,33.3,66
2025-08-09 16:00:00,1188.04,33.3,89
2025-08-09 17:00:00,1173.1,31.6,61
2025-08-09 18:00:00,1040.27,31.5,94
2025-08-09 19:00:00,957.88,30.1,85
2025-08-09 20:00:00,942.61,28.6,84
2025-08-09 21:00:00,953.46,28.7,60
2025-08-09 22:00:00,1039.76,24.4,88
2025-08-09 23:00:00,966.26,24.4,83
2025-08-10 00:00:00,992.5,23.6,60
2025-08-10 01:00:00,988.66,23.8,84
2025-08-10 02:00:00,988.83,24.8,93
2025-08-10 03:00:00,959.63,22.8,64
2025-08-10 04:00:00,908.71,25.1,71
2025-08-10 05:00:00,963.28,24.5,67
2025-08-10 06:00:00,1022.43,25.6,73
2025-08-10 07:00:00,1084.71,27.2,79
2025-08-10 08:00:00,1234.96,30.0,68
2025-08-10 09:00:00,1354.88,28.2,64
2025-08-10 10:00:00,1419.7,29.9,60
2025-08-10 11:00:00,1499.41,29.5,70
2025-08-10 12:00:00,1440.31,30.6,63
2025-08-10 13:00:00,1476.62,30.6,76
2025-08-10 14:00:00,1457.63,32.3,63
2025-08-10 15:00:00,1307.92,32.4,91
2025-08-10 16:00:00,1185.16,32.3,64
2025-08-10 17:00:00,1186.47,29.9,81
2025-08-10 18:00:00,1089.65,30.6,73
2025-08-10 19:00:00,993.72,29.2,80
2025-08-10 20:00:00,1000.85,27.9,77
2025-08-10 21:00:00,891.31,25.5,62
2025-08-10 22:00:00,961.93,26.2,70
2025-08-10 23:00:00,992.0,25.4,86
2025-08-11 00:00:00,1205.36,24.7,84
2025-08-11 01:00:00,1188.92,24.6,94
2025-08-11 02:00:00,1097.87,24.8,74
2025-08-11 03:00:00,1180.37,22.8,80
2025-08-11 04:00:00,1177.67,24.3,62
2025-08-11 05:00:00,1231.09,25.8,83
2025-08-11 06:00:00,1196.06,25.7,64
2025-08-11 07:00:00,1273.99,28.1,92
2025-08-11 08:00:00,1314.87,28.1,83
2025-08-11 09:00:00,1510.17,26.7,65
2025-08-11 10:00:00,1651.72,31.0,66
2025-08-11 11:00:00,1667.67,30.7,78
2025-08-11 12:00:00,1788.71,29.3,80
2025-08-11 13:00:00,1680.12,31.6,65
2025-08-11 14:00:00,1625.35,30.5,62
2025-08-11 15:00:00,1472.77,32.8,73
2025-08-11 16:00:00,1418.76,31.4,79
2025-08-11 17:00:00,1235.22,29.7,73
2025-08-11 18:00:00,1248.0,31.0,61
2025-08-11 19:00:00,1200.46,29.6,84
2025-08-11 20:00:00,1206.31,27.7,63
2025-08-11 21:00:00,1131.26,25.5,92
2025-08-11 22:00:00,1192.86,25.0,61
2025-08-11 23:00:00,1225.93,24.1,82
2025-08-12 00:00:00,1226.81,25.4,80
2025-08-12 01:00:00,1173.49,22.1,74
2025-08-12 02:00:00,1101.12,23.9,83
2025-08-12 03:00:00,1176.71,23.8,79
2025-08-12 04:00:00,1151.02,25.8,84
2025-08-12 05:00:00,1152.9,25.5,81
2025-08-12 06:00:00,1248.1,26.6,63
2025-08-12 07:00:00,1300.58,26.3,75
2025-08-12 08:00:00,1360.2,26.5,66
2025-08-12 09:00:00,1450.56,28.6,83
2025-08-12 10:00:00,1578.38,30.9,93
2025-08-12 11:00:00,1770.55,31.8,88
2025-08-12 12:00:00,1736.7,30.9,85
2025-08-12 13:00:00,1693.41,30.8,73
2025-08-12 14:00:00,1611.56,30.7,79
2025-08-12 15:00:00,1509.53,31.7,66
2025-08-12 16:00:00,1447.27,31.6,77
2025-08-12 17:00:00,1285.04,32.6,69
2025-08-12 18:00:00,1241.63,30.1,89
2025-08-12 19:00:00,1160.62,29.8,62
2025-08-12 20:00:00,1224.35,27.1,60
2025-08-12 21:00:00,1190.65,27.0,89
2025-08-12 22:00:00,1228.54,26.2,61
2025-08-12 23:00:00,1183.45,25.0,74
2025-08-13 00:00:00,1246.04,24.5,70
2025-08-13 01:00:00,1190.52,24.3,91
2025-08-13 02:00:00,1186.36,24.6,65
2025-08-13 03:00:00,1219.48,25.5,65
2025-08-13 04:00:00,1117.53,21.8,87
2025-08-13 05:00:00,1177.52,26.5,84
2025-08-13 06:00:00,1234.37,23.9,82
2025-08-13 07:00:00,1318.03,27.3,71
2025-08-13 08:00:00,1388.28,30.8,69
2025-08-13 09:00:00,1588.86,29.0,76
2025-08-13 10:00:00,1570.25,30.2,61
2025-08-13 11:00:00,1735.54,30.5,76
2025-08-13 12:00:00,1751.6,32.3,68
2025-08-13 13:00:00,1751.02,32.3,66
2025-08-13 14:00:00,1560.01,31.2,72
2025-08-13 15:00:00,1485.46,31.7,69
2025-08-13 16:00:00,1456.32,30.1,81
2025-08-13 17:00:00,1234.19,30.7,87
2025-08-13 18:00:00,1162.88,29.5,73
2025-08-13 19:00:00,1153.4,29.2,78
2025-08-13 20:00:00,1160.84,27.1,60
2025-08-13 21:00:00,1218.08,26.7,86
2025-08-13 22:00:00,1176.14,26.0,63
2025-08-13 23:00:00,1180.29,25.3,83
2025-08-14 00:00:00,1217.55,24.9,73
2025-08-14 01:00:00,1215.54,23.9,82
2025-08-14 02:00:00,1195.6,23.1,64
2025-08-14 03:00:00,1153.66,24.2,79
2025-08-14 04:00:00,1083.25,24.3,81
2025-08-14 05:00:00,1135.94,26.4,94
2025-08-14 06:00:00,1266.4,27.4,64
2025-08-14 07:00:00,1304.02,25.3,92
2025-08-14 08:00:00,1390.41,28.7,83
2025-08-14 09:00:00,1552.62,30.0,93
2025-08-14 10:00:00,1573.66,28.4,84
2025-08-14 11:00:00,1674.23,31.5,84
2025-08-14 12:00:00,1711.54,32.5,81
2025-08-14 13:00:00,1666.68,30.7,64
2025-08-14 14:00:00,1616.77,31.7,67
2025-08-14 15:00:00,1506.95,32.1,86
2025-08-14 16:00:00,1352.77,32.1,94
2025-08-14 17:00:00,1303.88,29.6,60
2025-08-14 18:00:00,1170.26,31.4,79
2025-08-14 19:00:00,1173.93,26.6,66
2025-08-14 20:00:00,1199.86,29.6,62
2025-08-14 21:00:00,1150.16,27.6,68
2025-08-14 22:00:00,1139.27,25.3,73
2025-08-14 23:00:00,1194.78,26.2,78
2025-08-15 00:00:00,1175.15,23.3,86
2025-08-15 01:00:00,1217.52,24.3,65
2025-08-15 02:00:00,1172.59,24.3,66
2025-08-15 03:00:00,1217.35,24.4,85
2025-08-15 04:00:00,1190.0,23.5,72
2025-08-15 05:00:00,1160.31,24.6,92
2025-08-15 06:00:00,1239.35,26.2,92
2025-08-15 07:00:00,1281.33,26.1,68
2025-08-15 08:00:00,1400.5,28.3,74
2025-08-15 09:00:00,1498.45,28.3,64
2025-08-15 10:00:00,1637.66,31.2,88
2025-08-15 11:00:00,1729.89,32.7,66
2025-08-15 12:00:00,1732.29,31.1,90
2025-08-15 13:00:00,1712.01,33.0,93
2025-08-15 14:00:00,1643.16,31.7,70
2025-08-15 15:00:00,1530.42,30.7,78
2025-08-15 16:00:00,1359.48,31.0,64
2025-08-15 17:00:00,1354.68,30.9,82
2025-08-15 18:00:00,1277.53,27.9,61
2025-08-15 19:00:00,1157.56,29.8,63
2025-08-15 20:00:00,1136.41,28.1,76
2025-08-15 21:00:00,1179.05,28.2,90
2025-08-15 22:00:00,1197.17,26.7,89
2025-08-15 23:00:00,1189.77,25.3,61
2025-08-16 00:00:00,958.1,24.1,83
2025-08-16 01:00:00,1005.0,26.0,69
2025-08-16 02:00:00,994.66,26.6,87
2025-08-16 03:00:00,980.5,23.7,91
2025-08-16 04:00:00,959.1,25.8,92
2025-08-16 05:00:00,953.76,24.3,77
2025-08-16 06:00:00,1046.68,25.3,83
2025-08-16 07:00:00,1094.98,26.5,89
2025-08-16 08:00:00,1180.63,28.8,64
2025-08-16 09:00:00,1302.36,27.7,82
2025-08-16 10:00:00,1347.31,31.9,89
2025-08-16 11:00:00,1470.94,32.0,63
2025-08-16 12:00:00,1526.02,32.3,83
2025-08-16 13:00:00,1489.22,31.5,62
2025-08-16 14:00:00,1461.66,33.0,74
2025-08-16 15:00:00,1299.51,28.4,60
2025-08-16 16:00:00,1214.0,32.0,69
2025-08-16 17:00:00,1120.48,31.0,85
2025-08-16 18:00:00,1093.96,27.7,71
2025-08-16 19:00:00,968.4,29.5,60
2025-08-16 20:00:00,910.42,28.7,61
2025-08-16 21:00:00,984.87,24.7,70
2025-08-16 22:00:00,1040.77,24.6,71
2025-08-16 23:00:00,983.14,27.6,87
2025-08-17 00:00:00,1028.84,24.3,92
2025-08-17 01:00:00,1034.86,25.3,62
2025-08-17 02:00:00,1008.51,25.4,78
2025-08-17 03:00:00,957.04,24.6,77
2025-08-17 04:00:00,919.98,25.8,87
2025-08-17 05:00:00,957.96,22.6,90
2025-08-17 06:00:00,1025.49,25.7,66
2025-08-17 07:00:00,1122.02,23.3,64
2025-08-17 08:00:00,1206.14,25.9,78
2025-08-17 09:00:00,1292.94,28.4,72
2025-08-17 10:00:00,1425.41,29.2,87
2025-08-17 11:00:00,1504.98,30.9,61
2025-08-17 12:00:00,1512.76,31.4,65
2025-08-17 13:00:00,1445.62,32.0,74
2025-08-17 14:00:00,1399.64,32.2,87
2025-08-17 15:00:00,1339.44,32.3,84
2025-08-17 16:00:00,1146.09,30.3,91
2025-08-17 17:00:00,1017.02,30.0,89
2025-08-17 18:00:00,1062.29,30.0,83
2025-08-17 19:00:00,978.79,29.0,77
2025-08-17 20:00:00,965.76,26.7,60
2025-08-17 21:00:00,915.06,28.3,62
2025-08-17 22:00:00,998.84,26.9,66
2025-08-17 23:00:00,1001.61,24.1,92
2025-08-18 00:00:00,1141.48,24.3,80
2025-08-18 01:00:00,1239.23,26.5,73
2025-08-18 02:00:00,1175.99,24.2,62
2025-08-18 03:00:00,1136.31,24.6,84
2025-08-18 04:00:00,1128.72,23.8,92
2025-08-18 05:00:00,1087.8,24.8,72
2025-08-18 06:00:00,1227.73,27.8,92
2025-08-18 07:00:00,1296.92,27.1,88
2025-08-18 08:00:00,1385.18,27.9,78
2025-08-18 09:00:00,1548.51,29.0,85
2025-08-18 10:00:00,1555.06,33.1,68
2025-08-18 11:00:00,1651.51,30.9,89
2025-08-18 12:00:00,1667.25,30.5,81
2025-08-18 13:00:00,1662.65,31.1,63
2025-08-18 14:00:00,1605.88,32.9,66
2025-08-18 15:00:00,1518.84,30.1,77
2025-08-18 16:00:00,1379.88,32.0,65
2025-08-18 17:00:00,1257.1,30.0,88
2025-08-18 18:00:00,1266.04,27.8,64
2025-08-18 19:00:00,1242.82,27.9,65
2025-08-18 20:00:00,1147.06,28.0,93
2025-08-18 21:00:00,1123.79,28.6,93
2025-08-18 22:00:00,1222.19,27.1,60
2025-08-18 23:00:00,1138.87,24.8,77
2025-08-19 00:00:00,1182.71,25.7,86
2025-08-19 01:00:00,1162.51,23.7,69
2025-08-19 02:00:00,1127.35,22.2,61
2025-08-19 03:00:00,1137.87,24.2,78
2025-08-19 04:00:00,1109.2,22.7,86
2025-08-19 05:00:00,1156.27,26.1,81
2025-08-19 06:00:00,1205.41,27.0,69
2025-08-19 07:00:00,1263.5,25.9,86
2025-08-19 08:00:00,1376.51,28.2,71
2025-08-19 09:00:00,1493.18,29.2,74
2025-08-19 10:00:00,1629.34,31.0,60
2025-08-19 11:00:00,1664.7,29.3,83
2025-08-19 12:00:00,1723.36,32.2,65
2025-08-19 13:00:00,1690.41,30.3,88
2025-08-19 14:00:00,1621.02,32.9,65
2025-08-19 15:00:00,1549.86,33.1,74
2025-08-19 16:00:00,1350.34,30.7,67
2025-08-19 17:00:00,1268.75,32.3,88
2025-08-19 18:00:00,1266.25,28.1,61
2025-08-19 19:00:00,1146.9,30.4,70
2025-08-19 20:00:00,1041.01,29.7,68
2025-08-19 21:00:00,1140.67,27.4,75
2025-08-19 22:00:00,1172.77,25.8,83
2025-08-19 23:00:00,1095.4,25.5,93
2025-08-20 00:00:00,1238.58,23.8,83
2025-08-20 01:00:00,1159.36,27.3,84
2025-08-20 02:00:00,1176.9,23.3,92
2025-08-20 03:00:00,1137.23,25.7,76
2025-08-20 04:00:00,1091.83,23.6,66
2025-08-20 05:00:00,1115.83,27.1,86
2025-08-20 06:00:00,1169.2,28.4,78
2025-08-20 07:00:00,1320.72,27.4,74
2025-08-20 08:00:00,1381.78,28.3,65
2025-08-20 09:00:00,1480.46,27.9,64
2025-08-20 10:00:00,1565.75,28.7,64
2025-08-20 11:00:00,1709.23,31.2,61
2025-08-20 12:00:00,1743.21,33.2,77
2025-08-20 13:00:00,1708.84,31.2,91
2025-08-20 14:00:00,1615.72,34.6,88
2025-08-20 15:00:00,1508.9,31.1,79
2025-08-20 16:00:00,1344.43,31.7,78
2025-08-20 17:00:00,1274.17,31.1,75
2025-08-20 18:00:00,1178.06,29.9,70
2025-08-20 19:00:00,1089.48,26.6,87
2025-08-20 20:00:00,1174.01,27.3,81
2025-08-20 21:00:00,1120.89,27.2,86
2025-08-20 22:00:00,1207.37,25.9,76
2025-08-20 23:00:00,1215.33,25.9,67
2025-08-21 00:00:00,1208.82,25.4,67
2025-08-21 01:00:00,1203.24,23.8,82
2025-08-21 02:00:00,1141.31,22.8,91
2025-08-21 03:00:00,1207.6,26.0,74
2025-08-21 04:00:00,1135.87,22.9,86
2025-08-21 05:00:00,1161.31,24.5,63
2025-08-21 06:00:00,1176.66,25.0,91
2025-08-21 07:00:00,1247.57,27.9,69
2025-08-21 08:00:00,1401.09,29.6,87
2025-08-21 09:00:00,1503.78,28.8,91
2025-08-21 10:00:00,1568.28,30.3,91
2025-08-21 11:00:00,1614.46,31.3,74
2025-08-21 12:00:00,1644.96,33.6,65
2025-08-21 13:00:00,1706.68,29.7,68
2025-08-21 14:00:00,1574.46,32.9,89
2025-08-21 15:00:00,1484.34,32.3,75
2025-08-21 16:00:00,1435.19,31.0,84
2025-08-21 17:00:00,1240.94,31.2,69
2025-08-21 18:00:00,1174.0,30.9,89
2025-08-21 19:00:00,1123.91,29.7,68
2025-08-21 20:00:00,1191.09,30.6,66
2025-08-21 21:00:00,1212.45,27.1,71
2025-08-21 22:00:00,1189.26,26.0,76
2025-08-21 23:00:00,1209.33,25.0,84
2025-08-22 00:00:00,1166.44,25.2,66
2025-08-22 01:00:00,1247.36,24.1,78
2025-08-22 02:00:00,1169.63,24.0,76
2025-08-22 03:00:00,1169.86,24.2,91
2025-08-22 04:00:00,1128.09,24.4,82
2025-08-22 05:00:00,1138.78,24.4,91
2025-08-22 06:00:00,1255.0,26.5,85
2025-08-22 07:00:00,1296.47,26.6,67
2025-08-22 08:00:00,1432.6,28.7,81
2025-08-22 09:00:00,1502.52,29.2,67
2025-08-22 10:00:00,1563.63,29.5,64
2025-08-22 11:00:00,1641.81,32.7,71
2025-08-22 12:00:00,1690.43,31.3,86
2025-08-22 13:00:00,1640.31,32.6,79
2025-08-22 14:00:00,1554.58,31.2,70
2025-08-22 15:00:00,1535.67,29.4,61
2025-08-22 16:00:00,1362.78,30.8,69
2025-08-22 17:00:00,1282.47,28.3,66
2025-08-22 18:00:00,1207.22,29.7,71
2025-08-22 19:00:00,1127.65,30.8,75
2025-08-22 20:00:00,1182.65,26.9,90
2025-08-22 21:00:00,1101.0,24.4,86
2025-08-22 22:00:00,1169.53,27.8,91
2025-08-22 23:00:00,1187.94,24.6,86
2025-08-23 00:00:00,982.25,24.5,84
2025-08-23 01:00:00,931.2,25.1,64
2025-08-23 02:00:00,988.13,24.6,63
2025-08-23 03:00:00,963.41,25.0,74
2025-08-23 04:00:00,905.53,25.6,72
2025-08-23 05:00:00,970.31,23.1,92
2025-08-23 06:00:00,1007.3,24.3,64
2025-08-23 07:00:00,1030.15,28.4,65
2025-08-23 08:00:00,1149.31,27.1,84
2025-08-23 09:00:00,1330.82,28.2,84
2025-08-23 10:00:00,1401.54,28.5,69
2025-08-23 11:00:00,1439.86,30.3,71
2025-08-23 12:00:00,1454.17,31.0,62
2025-08-23 13:00:00,1441.59,30.7,88
2025-08-23 14:00:00,1375.18,30.7,88
2025-08-23 15:00:00,1261.4,32.2,83
2025-08-23 16:00:00,1118.28,30.5,83
2025-08-23 17:00:00,1114.93,30.1,84
2025-08-23 18:00:00,1028.22,27.4,64
2025-08-23 19:00:00,901.06,31.4,70
2025-08-23 20:00:00,934.03,29.1,81
2025-08-23 21:00:00,905.91,26.4,74
2025-08-23 22:00:00,948.61,24.9,68
2025-08-23 23:00:00,964.65,25.2,65
2025-08-24 00:00:00,966.54,24.5,85
2025-08-24 01:00:00,1044.06,22.6,65
2025-08-24 02:00:00,939.61,20.9,91
2025-08-24 03:00:00,906.47,23.5,79
2025-08-24 04:00:00,899.85,22.7,94
2025-08-24 05:00:00,979.45,25.4,62
2025-08-24 06:00:00,933.72,26.2,77
2025-08-24 07:00:00,1045.64,25.8,94
2025-08-24 08:00:00,1227.2,27.4,69
2025-08-24 09:00:00,1296.88,31.2,89
2025-08-24 10:00:00,1394.79,30.9,85
2025-08-24 11:00:00,1531.61,30.3,89
2025-08-24 12:00:00,1490.2,34.2,90
2025-08-24 13:00:00,1432.21,30.4,63
2025-08-24 14:00:00,1378.23,31.0,83
2025-08-24 15:00:00,1248.64,31.7,60
2025-08-24 16:00:00,1220.56,29.6,85
2025-08-24 17:00:00,1092.5,33.0,88
2025-08-24 18:00:00,1030.97,30.2,68
2025-08-24 19:00:00,985.45,28.1,91
2025-08-24 20:00:00,912.13,28.5,77
2025-08-24 21:00:00,901.79,27.1,83
2025-08-24 22:00:00,953.32,25.6,77
2025-08-24 23:00:00,943.54,23.7,67
2025-08-25 00:00:00,1184.63,22.8,70
2025-08-25 01:00:00,1210.93,26.8,94
2025-08-25 02:00:00,1146.48,22.4,83
2025-08-25 03:00:00,1137.35,26.2,72
2025-08-25 04:00:00,1120.6,23.5,90
2025-08-25 05:00:00,1168.35,26.1,89
2025-08-25 06:00:00,1165.52,26.6,88
2025-08-25 07:00:00,1192.8,27.8,65
2025-08-25 08:00:00,1390.38,28.9,62
2025-08-25 09:00:00,1520.26,27.1,87
2025-08-25 10:00:00,1601.04,29.2,69
2025-08-25 11:00:00,1631.92,29.2,93
2025-08-25 12:00:00,1639.2,31.7,60
2025-08-25 13:00:00,1671.64,30.3,71
2025-08-25 14:00:00,1590.4,29.6,91
2025-08-25 15:00:00,1481.32,31.6,70
2025-08-25 16:00:00,1437.74,28.8,60
2025-08-25 17:00:00,1236.6,31.1,65
2025-08-25 18:00:00,1251.09,28.5,86
2025-08-25 19:00:00,1141.45,28.0,74
2025-08-25 20:00:00,1059.73,25.3,69
2025-08-25 21:00:00,1125.93,28.9,83
2025-08-25 22:00:00,1186.06,24.2,67
2025-08-25 23:00:00,1158.65,24.7,76
2025-08-26 00:00:00,1124.56,22.4,83
2025-08-26 01:00:00,1162.87,23.1,72
2025-08-26 02:00:00,1119.68,26.1,68
2025-08-26 03:00:00,1146.63,24.5,65
2025-08-26 04:00:00,1148.27,23.7,88
2025-08-26 05:00:00,1100.61,25.1,82
2025-08-26 06:00:00,1161.51,25.3,81
2025-08-26 07:00:00,1293.48,26.9,80
2025-08-26 08:00:00,1341.16,28.9,76
2025-08-26 09:00:00,1445.13,28.6,93
2025-08-26 10:00:00,1541.49,30.3,85
2025-08-26 11:00:00,1663.97,31.1,84
2025-08-26 12:00:00,1687.07,31.1,62
2025-08-26 13:00:00,1627.72,31.0,62
2025-08-26 14:00:00,1582.94,31.4,73
2025-08-26 15:00:00,1536.49,32.7,69
2025-08-26 16:00:00,1337.18,32.4,61
2025-08-26 17:00:00,1198.75,29.5,66
2025-08-26 18:00:00,1202.21,29.7,73
2025-08-26 19:00:00,1133.79,28.1,76
2025-08-26 20:00:00,1096.44,29.0,69
2025-08-26 21:00:00,1152.34,26.4,94
2025-08-26 22:00:00,1179.17,28.6,86
2025-08-26 23:00:00,1091.46,25.4,62
2025-08-27 00:00:00,1150.64,26.0,84
2025-08-27 01:00:00,1247.04,22.9,66
2025-08-27 02:00:00,1167.4,24.0,72
2025-08-27 03:00:00,1150.38,24.9,84
2025-08-27 04:00:00,1159.55,23.3,88
2025-08-27 05:00:00,1135.48,25.2,78
2025-08-27 06:00:00,1211.4,27.3,81
2025-08-27 07:00:00,1289.43,26.6,61
2025-08-27 08:00:00,1387.39,27.0,81
2025-08-27 09:00:00,1469.04,31.2,94
2025-08-27 10:00:00,1586.06,28.6,93
2025-08-27 11:00:00,1628.35,31.0,64
2025-08-27 12:00:00,1673.99,30.6,86
2025-08-27 13:00:00,1608.06,30.7,77
2025-08-27 14:00:00,1552.39,32.9,62
2025-08-27 15:00:00,1470.46,31.6,80
2025-08-27 16:00:00,1335.54,32.0,83
2025-08-27 17:00:00,1246.68,28.1,85
2025-08-27 18:00:00,1177.84,30.6,79
2025-08-27 19:00:00,1149.04,28.2,72
2025-08-27 20:00:00,1151.82,25.7,65
2025-08-27 21:00:00,1110.59,29.2,85
2025-08-27 22:00:00,1193.83,26.7,89
2025-08-27 23:00:00,1198.9,25.4,73
2025-08-28 00:00:00,1188.4,26.0,89
2025-08-28 01:00:00,1168.58,24.4,74
2025-08-28 02:00:00,1155.43,23.0,78
2025-08-28 03:00:00,1165.54,23.9,70
2025-08-28 04:00:00,1158.6,23.7,79
2025-08-28 05:00:00,1178.88,24.6,84
2025-08-28 06:00:00,1182.24,24.5,89
2025-08-28 07:00:00,1281.0,25.8,82
2025-08-28 08:00:00,1412.83,29.1,76
2025-08-28 09:00:00,1455.75,29.4,60
2025-08-28 10:00:00,1566.17,29.4,73
2025-08-28 11:00:00,1646.78,29.6,77
2025-08-28 12:00:00,1702.31,31.0,75
2025-08-28 13:00:00,1678.27,29.8,69
2025-08-28 14:00:00,1569.26,32.2,68
2025-08-28 15:00:00,1424.82,33.0,73
2025-08-28 16:00:00,1374.46,34.3,61
2025-08-28 17:00:00,1229.49,29.5,80
2025-08-28 18:00:00,1128.71,31.1,61
2025-08-28 19:00:00,1088.0,28.2,65
2025-08-28 20:00:00,1127.29,26.6,70
2025-08-28 21:00:00,1171.73,25.6,62
2025-08-28 22:00:00,1145.74,26.2,70
2025-08-28 23:00:00,1170.73,24.1,63
2025-08-29 00:00:00,1209.41,23.8,74
2025-08-29 01:00:00,1106.4,23.6,85
2025-08-29 02:00:00,1159.72,23.1,74
2025-08-29 03:00:00,1120.85,23.2,81
2025-08-29 04:00:00,1132.85,21.6,69
2025-08-29 05:00:00,1112.49,25.3,79
2025-08-29 06:00:00,1149.42,26.1,91
2025-08-29 07:00:00,1263.75,26.0,68
2025-08-29 08:00:00,1420.78,28.4,90
2025-08-29 09:00:00,1504.97,30.7,90
2025-08-29 10:00:00,1556.81,30.0,87
2025-08-29 11:00:00,1596.55,32.4,70
2025-08-29 12:00:00,1609.21,34.1,63
2025-08-29 13:00:00,1689.56,34.9,73
2025-08-29 14:00:00,1541.17,30.6,88
2025-08-29 15:00:00,1463.48,30.4,87
2025-08-29 16:00:00,1409.35,30.9,84
2025-08-29 17:00:00,1202.41,31.0,82
2025-08-29 18:00:00,1230.35,31.9,92
2025-08-29 19:00:00,1120.62,29.8,89
2025-08-29 20:00:00,1072.93,26.6,68
2025-08-29 21:00:00,1112.7,26.2,84
2025-08-29 22:00:00,1116.34,25.9,77
2025-08-29 23:00:00,1176.01,23.4,66
2025-08-30 00:00:00,942.57,24.6,83
2025-08-30 01:00:00,890.79,22.7,80
2025-08-30 02:00:00,931.04,22.0,94
2025-08-30 03:00:00,871.01,23.0,70
2025-08-30 04:00:00,917.43,25.0,61
2025-08-30 05:00:00,885.1,25.7,74
2025-08-30 06:00:00,958.21,26.1,74
2025-08-30 07:00:00,1062.46,28.2,64
2025-08-30 08:00:00,1152.86,29.1,75
2025-08-30 09:00:00,1280.84,29.3,80
2025-08-30 10:00:00,1395.63,30.1,68
2025-08-30 11:00:00,1400.19,31.0,66
2025-08-30 12:00:00,1463.07,31.3,86
2025-08-30 13:00:00,1324.2,29.3,76
2025-08-30 14:00:00,1380.49,33.4,61
2025-08-30 15:00:00,1261.59,32.3,85
2025-08-30 16:00:00,1125.92,30.0,67
2025-08-30 17:00:00,1067.18,32.5,75
2025-08-30 18:00:00,1016.4,29.3,79
2025-08-30 19:00:00,910.07,28.9,91
2025-08-30 20:00:00,877.3,29.2,91
2025-08-30 21:00:00,924.37,27.2,94
2025-08-30 22:00:00,892.12,27.6,74
2025-08-30 23:00:00,934.71,24.7,91
2025-08-31 00:00:00,1005.26,26.6,89
2025-08-31 01:00:00,957.1,23.2,78
2025-08-31 02:00:00,870.2,25.6,83
2025-08-31 03:00:00,852.82,21.4,61
2025-08-31 04:00:00,913.17,23.2,80
2025-08-31 05:00:00,954.06,25.5,75
2025-08-31 06:00:00,915.89,25.5,61
2025-08-31 07:00:00,1069.03,26.9,75
2025-08-31 08:00:00,1204.08,28.0,88
2025-08-31 09:00:00,1335.38,27.6,66
2025-08-31 10:00:00,1380.63,28.7,74
2025-08-31 11:00:00,1455.68,31.1,82
2025-08-31 12:00:00,1387.88,30.7,64
2025-08-31 13:00:00,1511.44,33.5,60
2025-08-31 14:00:00,1348.92,31.8,64
2025-08-31 15:00:00,1236.66,32.7,72
2025-08-31 16:00:00,1148.63,32.0,85
2025-08-31 17:00:00,1106.26,30.1,72
2025-08-31 18:00:00,1049.86,27.6,91
2025-08-31 19:00:00,928.34,30.5,88
2025-08-31 20:00:00,942.52,26.8,77
2025-08-31 21:00:00,917.33,26.5,61
2025-08-31 22:00:00,899.77,25.8,86
2025-08-31 23:00:00,1006.73,25.1,62
2025-09-01 00:00:00,1137.9,25.7,89
2025-09-01 01:00:00,1205.87,24.1,69
2025-09-01 02:00:00,1178.63,23.8,68
2025-09-01 03:00:00,1134.41,25.4,62
2025-09-01 04:00:00,1168.71,25.3,81
2025-09-01 05:00:00,1199.21,24.3,70
2025-09-01 06:00:00,1163.58,24.6,65
2025-09-01 07:00:00,1222.19,26.0,64
2025-09-01 08:00:00,1289.47,27.9,89
2025-09-01 09:00:00,1545.07,27.5,73
2025-09-01 10:00:00,1550.85,30.1,61
2025-09-01 11:00:00,1674.87,30.7,92
2025-09-01 12:00:00,1633.8,28.4,67
2025-09-01 13:00:00,1688.99,30.2,69
2025-09-01 14:00:00,1541.76,28.5,80
2025-09-01 15:00:00,1424.83,31.5,78
2025-09-01 16:00:00,1347.47,32.8,94
2025-09-01 17:00:00,1231.94,28.6,77
2025-09-01 18:00:00,1190.65,28.4,66
2025-09-01 19:00:00,1119.36,28.8,72
2025-09-01 20:00:00,1126.76,26.7,71
2025-09-01 21:00:00,1102.83,25.7,83
2025-09-01 22:00:00,1110.01,26.6,77
2025-09-01 23:00:00,1131.82,24.6,71
2025-09-02 00:00:00,1228.43,22.8,62
2025-09-02 01:00:00,1157.19,21.6,84
2025-09-02 02:00:00,1060.93,26.7,94
2025-09-02 03:00:00,1091.89,25.5,75
2025-09-02 04:00:00,1105.27,24.0,72
2025-09-02 05:00:00,1182.85,25.3,83
2025-09-02 06:00:00,1202.9,25.4,71
2025-09-02 07:00:00,1215.42,27.6,61
2025-09-02 08:00:00,1436.55,27.0,85
2025-09-02 09:00:00,1462.6,28.4,69
2025-09-02 10:00:00,1607.05,30.5,78
2025-09-02 11:00:00,1591.9,32.6,81
2025-09-02 12:00:00,1572.99,32.4,83
2025-09-02 13:00:00,1583.04,33.3,85
2025-09-02 14:00:00,1449.68,31.6,64
2025-09-02 15:00:00,1537.65,31.1,75
2025-09-02 16:00:00,1359.46,29.1,93
2025-09-02 17:00:00,1215.38,30.9,87
2025-09-02 18:00:00,1182.8,30.5,71
2025-09-02 19:00:00,1124.97,28.7,80
2025-09-02 20:00:00,1123.71,27.1,91
2025-09-02 21:00:00,1152.54,28.5,84
2025-09-02 22:00:00,1120.33,26.8,73
2025-09-02 23:00:00,1118.64,26.7,94
2025-09-03 00:00:00,1183.0,23.4,68
2025-09-03 01:00:00,1174.56,23.3,89
2025-09-03 02:00:00,1131.06,25.4,88
2025-09-03 03:00:00,1183.49,24.1,90
2025-09-03 04:00:00,1083.73,23.9,73
2025-09-03 05:00:00,1083.94,24.6,76
2025-09-03 06:00:00,1178.7,26.0,84
2025-09-03 07:00:00,1221.23,28.2,86
2025-09-03 08:00:00,1366.42,27.8,77
2025-09-03 09:00:00,1431.7,30.0,88
2025-09-03 10:00:00,1546.59,30.6,77
2025-09-03 11:00:00,1695.68,29.8,63
2025-09-03 12:00:00,1639.9,30.4,79
2025-09-03 13:00:00,1601.55,31.3,60
2025-09-03 14:00:00,1601.59,30.4,83
2025-09-03 15:00:00,1424.11,31.2,83
2025-09-03 16:00:00,1324.87,33.3,64
2025-09-03 17:00:00,1265.09,30.8,85
2025-09-03 18:00:00,1196.98,29.1,77
2025-09-03 19:00:00,1158.23,31.3,60
2025-09-03 20:00:00,1072.99,26.9,69
2025-09-03 21:00:00,1128.23,25.8,76
2025-09-03 22:00:00,1111.34,27.5,94
2025-09-03 23:00:00,1125.41,26.0,63
2025-09-04 00:00:00,1193.3,24.4,86
2025-09-04 01:00:00,1124.4,25.1,70
2025-09-04 02:00:00,1134.43,24.4,62
2025-09-04 03:00:00,1109.87,22.7,87
2025-09-04 04:00:00,1058.73,21.7,70
2025-09-04 05:00:00,1146.4,24.5,62
2025-09-04 06:00:00,1180.83,27.3,62
2025-09-04 07:00:00,1172.49,26.5,84
2025-09-04 08:00:00,1355.94,28.6,71
2025-09-04 09:00:00,1430.96,29.3,71
2025-09-04 10:00:00,1596.15,28.0,91
2025-09-04 11:00:00,1576.06,30.3,69
2025-09-04 12:00:00,1638.78,31.9,78
2025-09-04 13:00:00,1639.33,30.9,66
2025-09-04 14:00:00,1559.67,31.6,83
2025-09-04 15:00:00,1484.75,32.3,91
2025-09-04 16:00:00,1293.13,31.6,82
2025-09-04 17:00:00,1299.88,32.1,78
2025-09-04 18:00:00,1179.67,30.5,62
2025-09-04 19:00:00,1160.26,27.9,84
2025-09-04 20:00:00,1126.9,27.4,84
2025-09-04 21:00:00,1104.12,27.0,65
2025-09-04 22:00:00,1079.86,27.6,92
2025-09-04 23:00:00,1124.03,24.6,92
2025-09-05 00:00:00,1203.96,22.5,74
2025-09-05 01:00:00,1189.26,24.7,79
2025-09-05 02:00:00,1100.15,23.1,91
2025-09-05 03:00:00,1002.93,22.6,83
2025-09-05 04:00:00,1085.91,24.6,62
2025-09-05 05:00:00,1099.66,26.3,63
2025-09-05 06:00:00,1149.62,25.3,65
2025-09-05 07:00:00,1257.65,27.6,78
2025-09-05 08:00:00,1374.04,28.8,85
2025-09-05 09:00:00,1489.81,30.0,84
2025-09-05 10:00:00,1570.49,29.1,84
2025-09-05 11:00:00,1560.77,29.5,69
2025-09-05 12:00:00,1636.45,30.3,79
2025-09-05 13:00:00,1704.45,32.8,64
2025-09-05 14:00:00,1568.01,32.8,94
2025-09-05 15:00:00,1468.06,30.7,64
2025-09-05 16:00:00,1356.0,34.0,94
2025-09-05 17:00:00,1253.74,29.5,62
2025-09-05 18:00:00,1075.02,31.2,91
2025-09-05 19:00:00,1101.42,30.9,89
2025-09-05 20:00:00,1092.11,28.1,88
2025-09-05 21:00:00,1146.52,26.0,85
2025-09-05 22:00:00,1123.61,25.1,84
2025-09-05 23:00:00,1083.27,24.9,71
2025-09-06 00:00:00,960.51,25.8,77
2025-09-06 01:00:00,909.77,22.7,85
2025-09-06 02:00:00,876.37,21.8,74
2025-09-06 03:00:00,869.5,24.6,64
2025-09-06 04:00:00,909.46,25.2,92
2025-09-06 05:00:00,950.91,27.5,68
2025-09-06 06:00:00,972.39,24.3,91
2025-09-06 07:00:00,1058.4,26.8,72
2025-09-06 08:00:00,1157.06,29.4,87
2025-09-06 09:00:00,1255.83,29.2,82
2025-09-06 10:00:00,1376.41,29.8,83
2025-09-06 11:00:00,1336.26,31.8,90
2025-09-06 12:00:00,1449.41,30.7,64
2025-09-06 13:00:00,1384.36,32.9,61
2025-09-06 14:00:00,1392.74,30.5,89
2025-09-06 15:00:00,1247.17,30.0,64
2025-09-06 16:00:00,1141.63,31.1,69
2025-09-06 17:00:00,983.66,27.8,66
2025-09-06 18:00:00,991.15,30.1,88
2025-09-06 19:00:00,928.89,27.0,91
2025-09-06 20:00:00,910.06,28.3,86
2025-09-06 21:00:00,870.34,27.2,60
2025-09-06 22:00:00,892.0,25.9,79
2025-09-06 23:00:00,945.85,25.7,93
2025-09-07 00:00:00,918.26,24.8,85
2025-09-07 01:00:00,950.24,23.8,82
2025-09-07 02:00:00,840.44,26.2,92
2025-09-07 03:00:00,878.75,24.6,60
2025-09-07 04:00:00,950.48,25.5,62
2025-09-07 05:00:00,919.35,26.5,94
2025-09-07 06:00:00,958.44,26.8,94
2025-09-07 07:00:00,1102.87,29.4,72
2025-09-07 08:00:00,1055.86,28.2,92
2025-09-07 09:00:00,1220.86,29.0,72
2025-09-07 10:00:00,1335.09,29.2,81
2025-09-07 11:00:00,1448.08,30.5,64
2025-09-07 12:00:00,1473.29,30.6,76
2025-09-07 13:00:00,1387.74,32.7,69
2025-09-07 14:00:00,1384.08,30.9,86
2025-09-07 15:00:00,1235.32,32.0,74
2025-09-07 16:00:00,1180.07,32.1,68
2025-09-07 17:00:00,997.31,31.0,66
2025-09-07 18:00:00,948.36,28.9,69
2025-09-07 19:00:00,886.89,29.9,72
2025-09-07 20:00:00,924.64,27.9,75
2025-09-07 21:00:00,877.62,23.5,93
2025-09-07 22:00:00,914.7,24.8,67
2025-09-07 23:00:00,952.88,26.9,90
2025-09-08 00:00:00,1158.76,26.3,87
2025-09-08 01:00:00,1163.16,24.8,66
2025-09-08 02:00:00,1120.57,24.9,93
2025-09-08 03:00:00,1078.28,23.2,92
2025-09-08 04:00:00,1072.46,24.2,63
2025-09-08 05:00:00,1101.97,26.7,85
2025-09-08 06:00:00,1158.44,26.5,61
2025-09-08 07:00:00,1225.34,27.0,91
2025-09-08 08:00:00,1335.39,27.8,61
2025-09-08 09:00:00,1393.4,30.4,85
2025-09-08 10:00:00,1569.59,31.3,86
2025-09-08 11:00:00,1621.48,31.6,74
2025-09-08 12:00:00,1674.81,31.5,80
2025-09-08 13:00:00,1615.16,31.4,86
2025-09-08 14:00:00,1485.42,32.8,93
2025-09-08 15:00:00,1433.99,30.5,70
2025-09-08 16:00:00,1327.77,30.4,82
2025-09-08 17:00:00,1256.55,29.1,81
2025-09-08 18:00:00,1077.32,31.5,82
2025-09-08 19:00:00,1102.6,28.2,60
2025-09-08 20:00:00,1102.77,28.5,71
2025-09-08 21:00:00,1069.86,26.8,84
2025-09-08 22:00:00,1115.91,29.5,65
2025-09-08 23:00:00,1110.3,25.7,93
2025-09-09 00:00:00,1111.23,22.3,87
2025-09-09 01:00:00,1114.92,25.5,84
2025-09-09 02:00:00,1085.4,23.5,77
2025-09-09 03:00:00,1113.93,23.9,60
2025-09-09 04:00:00,1056.07,23.7,91
2025-09-09 05:00:00,1066.57,25.4,88
2025-09-09 06:00:00,1208.68,26.2,79
2025-09-09 07:00:00,1261.22,26.2,72
2025-09-09 08:00:00,1266.66,27.4,71
2025-09-09 09:00:00,1416.83,29.2,67
2025-09-09 10:00:00,1551.82,27.2,67
2025-09-09 11:00:00,1623.57,29.1,77
2025-09-09 12:00:00,1584.67,33.5,80
2025-09-09 13:00:00,1652.8,32.3,87
2025-09-09 14:00:00,1572.24,31.4,90
2025-09-09 15:00:00,1460.5,29.8,74
2025-09-09 16:00:00,1379.34,31.4,92
2025-09-09 17:00:00,1243.48,32.0,82
2025-09-09 18:00:00,1162.57,33.2,75
2025-09-09 19:00:00,1152.77,31.3,83
2025-09-09 20:00:00,1120.42,26.9,80
2025-09-09 21:00:00,1060.66,26.4,67
2025-09-09 22:00:00,1132.55,24.2,76
2025-09-09 23:00:00,1106.09,24.2,74
2025-09-10 00:00:00,1151.5,24.3,73
2025-09-10 01:00:00,1142.98,23.7,79
2025-09-10 02:00:00,1058.94,26.5,91
2025-09-10 03:00:00,1082.83,22.6,70
2025-09-10 04:00:00,1088.16,24.5,91
2025-09-10 05:00:00,1079.98,22.7,63
2025-09-10 06:00:00,1154.9,26.4,88
2025-09-10 07:00:00,1252.88,25.4,64
2025-09-10 08:00:00,1327.83,29.3,71
2025-09-10 09:00:00,1448.54,28.7,82
2025-09-10 10:00:00,1588.84,28.3,92
2025-09-10 11:00:00,1625.88,28.3,75
2025-09-10 12:00:00,1640.95,30.3,70
2025-09-10 13:00:00,1575.8,32.2,67
2025-09-10 14:00:00,1563.92,32.5,92
2025-09-10 15:00:00,1452.27,31.3,93
2025-09-10 16:00:00,1373.87,32.6,80
2025-09-10 17:00:00,1226.37,29.5,76
2025-09-10 18:00:00,1080.39,26.5,93
2025-09-10 19:00:00,1035.83,29.4,62
2025-09-10 20:00:00,1104.71,29.5,83
2025-09-10 21:00:00,1067.24,28.5,81
2025-09-10 22:00:00,1122.76,24.4,69
2025-09-10 23:00:00,1130.42,24.5,64
2025-09-11 00:00:00,1125.09,25.4,90
2025-09-11 01:00:00,1120.0,23.4,83
2025-09-11 02:00:00,1074.14,24.1,70
2025-09-11 03:00:00,1083.62,23.3,73
2025-09-11 04:00:00,1055.49,23.2,63
2025-09-11 05:00:00,1079.3,24.1,67
2025-09-11 06:00:00,1129.63,27.1,66
2025-09-11 07:00:00,1213.81,27.0,94
2025-09-11 08:00:00,1358.25,29.5,91
2025-09-11 09:00:00,1433.21,29.7,81
2025-09-11 10:00:00,1573.32,31.9,81
2025-09-11 11:00:00,1660.22,31.8,85
2025-09-11 12:00:00,1660.92,32.4,88
2025-09-11 13:00:00,1625.11,31.7,63
2025-09-11 14:00:00,1548.95,35.6,90
2025-09-11 15:00:00,1468.08,32.0,81
2025-09-11 16:00:00,1329.15,29.1,67
2025-09-11 17:00:00,1256.27,31.2,80
2025-09-11 18:00:00,1162.52,28.8,74
2025-09-11 19:00:00,1079.81,30.3,63
2025-09-11 20:00:00,1107.4,28.9,64
2025-09-11 21:00:00,1087.47,26.7,61
2025-09-11 22:00:00,1100.83,24.9,67
2025-09-11 23:00:00,1106.83,25.3,63
2025-09-12 00:00:00,1133.81,23.8,72
2025-09-12 01:00:00,1155.32,25.1,73
2025-09-12 02:00:00,1132.61,24.7,68
2025-09-12 03:00:00,1093.6,27.7,87
2025-09-12 04:00:00,1094.01,24.0,71
2025-09-12 05:00:00,1133.9,24.8,87
2025-09-12 06:00:00,1132.78,25.8,72
2025-09-12 07:00:00,1179.78,26.8,80
2025-09-12 08:00:00,1368.58,29.2,85
2025-09-12 09:00:00,1416.28,28.7,84
2025-09-12 10:00:00,1510.4,32.4,81
2025-09-12 11:00:00,1540.6,31.5,67
2025-09-12 12:00:00,1648.06,30.9,81
2025-09-12 13:00:00,1546.72,31.0,72
2025-09-12 14:00:00,1508.32,33.2,73
2025-09-12 15:00:00,1455.45,31.9,77
2025-09-12 16:00:00,1348.35,31.5,92
2025-09-12 17:00:00,1196.06,30.1,66
2025-09-12 18:00:00,1133.4,29.9,69
2025-09-12 19:00:00,1058.93,28.3,89
2025-09-12 20:00:00,1053.91,29.6,93
2025-09-12 21:00:00,1090.66,27.8,62
2025-09-12 22:00:00,1084.06,25.8,71
2025-09-12 23:00:00,1112.02,24.9,90
2025-09-13 00:00:00,873.79,24.6,82
2025-09-13 01:00:00,957.16,24.1,67
2025-09-13 02:00:00,916.41,22.9,60
2025-09-13 03:00:00,906.05,21.9,94
2025-09-13 04:00:00,915.24,23.6,74
2025-09-13 05:00:00,857.57,25.0,87
2025-09-13 06:00:00,922.55,25.1,71
2025-09-13 07:00:00,949.56,27.9,60
2025-09-13 08:00:00,1230.02,27.7,70
2025-09-13 09:00:00,1226.65,31.3,61
2025-09-13 10:00:00,1367.97,29.3,94
2025-09-13 11:00:00,1357.19,31.0,67
2025-09-13 12:00:00,1460.0,31.1,90
2025-09-13 13:00:00,1465.55,32.4,80
2025-09-13 14:00:00,1329.53,33.3,62
2025-09-13 15:00:00,1196.54,32.6,84
2025-09-13 16:00:00,1115.29,29.0,87
2025-09-13 17:00:00,938.0,31.4,87
2025-09-13 18:00:00,933.83,28.8,61
2025-09-13 19:00:00,915.27,28.7,67
2025-09-13 20:00:00,868.92,28.8,60
2025-09-13 21:00:00,868.45,25.6,80
2025-09-13 22:00:00,917.14,27.4,74
2025-09-13 23:00:00,938.77,24.7,67
2025-09-14 00:00:00,864.01,27.1,81
2025-09-14 01:00:00,917.67,24.2,79
2025-09-14 02:00:00,980.87,26.0,72
2025-09-14 03:00:00,828.63,25.6,85
2025-09-14 04:00:00,864.14,23.8,66
2025-09-14 05:00:00,951.47,23.6,70
2025-09-14 06:00:00,970.79,26.1,90
2025-09-14 07:00:00,994.96,26.3,93
2025-09-14 08:00:00,1124.37,29.9,70
2025-09-14 09:00:00,1228.86,28.7,83
2025-09-14 10:00:00,1302.49,29.6,84
2025-09-14 11:00:00,1394.98,29.2,92
2025-09-14 12:00:00,1412.38,32.0,88
2025-09-14 13:00:00,1401.54,30.5,80
2025-09-14 14:00:00,1302.5,32.5,92
2025-09-14 15:00:00,1184.29,32.6,65
2025-09-14 16:00:00,1115.76,30.6,61
2025-09-14 17:00:00,1073.02,32.0,89
2025-09-14 18:00:00,935.09,29.7,87
2025-09-14 19:00:00,871.99,27.3,91
2025-09-14 20:00:00,893.62,29.9,86
2025-09-14 21:00:00,869.91,25.9,81
2025-09-14 22:00:00,961.11,26.6,74
2025-09-14 23:00:00,914.55,25.7,66
2025-09-15 00:00:00,1143.68,25.0,90
2025-09-15 01:00:00,1085.2,24.6,89
2025-09-15 02:00:00,1110.27,22.8,73
2025-09-15 03:00:00,1082.03,26.2,93
2025-09-15 04:00:00,1062.21,25.7,86
2025-09-15 05:00:00,1063.0,25.7,82
2025-09-15 06:00:00,1106.86,24.4,62
2025-09-15 07:00:00,1219.86,25.8,64
2025-09-15 08:00:00,1336.22,28.8,89
2025-09-15 09:00:00,1421.54,26.6,66
2025-09-15 10:00:00,1535.78,30.4,77
2025-09-15 11:00:00,1593.3,29.2,69
2025-09-15 12:00:00,1622.68,30.4,93
2025-09-15 13:00:00,1587.62,30.2,92
2025-09-15 14:00:00,1526.38,32.3,91
2025-09-15 15:00:00,1520.45,33.2,90
2025-09-15 16:00:00,1325.16,31.9,87
2025-09-15 17:00:00,1232.62,31.4,63
2025-09-15 18:00:00,1144.59,30.2,74
2025-09-15 19:00:00,1071.44,29.9,61
2025-09-15 20:00:00,1109.56,28.6,82
2025-09-15 21:00:00,1062.31,23.7,82
2025-09-15 22:00:00,1129.71,27.1,94
2025-09-15 23:00:00,1100.04,26.1,86
2025-09-16 00:00:00,1082.61,24.1,85
2025-09-16 01:00:00,1121.44,21.8,93
2025-09-16 02:00:00,1051.05,24.3,72
2025-09-16 03:00:00,1088.19,24.5,69
2025-09-16 04:00:00,1019.43,24.0,85
2025-09-16 05:00:00,1066.44,25.4,63
2025-09-16 06:00:00,1076.13,27.3,77
2025-09-16 07:00:00,1305.87,29.8,94
2025-09-16 08:00:00,1253.36,28.2,76
2025-09-16 09:00:00,1423.38,29.4,86
2025-09-16 10:00:00,1562.78,29.0,67
2025-09-16 11:00:00,1627.95,30.2,72
2025-09-16 12:00:00,1646.07,31.3,81
2025-09-16 13:00:00,1580.58,33.3,89
2025-09-16 14:00:00,1570.08,33.0,94
2025-09-16 15:00:00,1455.04,34.2,63
2025-09-16 16:00:00,1318.73,29.7,72
2025-09-16 17:00:00,1215.5,29.2,65
2025-09-16 18:00:00,1115.67,31.3,77
2025-09-16 19:00:00,1045.85,30.8,67
2025-09-16 20:00:00,1104.62,28.0,79
2025-09-16 21:00:00,1115.48,21.6,80
2025-09-16 22:00:00,1058.88,25.1,91
2025-09-16 23:00:00,1103.4,25.6,91
2025-09-17 00:00:00,1108.23,23.5,61
2025-09-17 01:00:00,1104.55,24.4,61
2025-09-17 02:00:00,1089.0,26.3,91
2025-09-17 03:00:00,1099.63,25.8,81
2025-09-17 04:00:00,1032.12,25.5,85
2025-09-17 05:00:00,1045.03,25.1,69
2025-09-17 06:00:00,1166.56,25.4,64
2025-09-17 07:00:00,1187.88,27.9,71
2025-09-17 08:00:00,1264.09,28.0,91
2025-09-17 09:00:00,1403.1,29.1,77
2025-09-17 10:00:00,1508.26,28.1,69
2025-09-17 11:00:00,1643.14,30.0,82
2025-09-17 12:00:00,1645.69,32.4,60
2025-09-17 13:00:00,1628.89,30.5,77
2025-09-17 14:00:00,1548.53,32.3,89
2025-09-17 15:00:00,1453.23,32.4,78
2025-09-17 16:00:00,1284.26,32.0,76
2025-09-17 17:00:00,1197.18,31.5,87
2025-09-17 18:00:00,1088.7,30.8,81
2025-09-17 19:00:00,1067.36,28.3,91
2025-09-17 20:00:00,1082.31,26.2,84
2025-09-17 21:00:00,1071.3,25.9,68
2025-09-17 22:00:00,1132.77,26.9,60
2025-09-17 23:00:00,1065.87,23.7,88
2025-09-18 00:00:00,1127.8,23.3,74
2025-09-18 01:00:00,1059.05,22.9,88
2025-09-18 02:00:00,1087.09,21.8,80
2025-09-18 03:00:00,1089.44,22.8,71
2025-09-18 04:00:00,1047.8,25.7,85
2025-09-18 05:00:00,1090.98,24.3,90
2025-09-18 06:00:00,1086.73,23.9,94
2025-09-18 07:00:00,1142.88,26.4,73
2025-09-18 08:00:00,1324.83,28.6,66
2025-09-18 09:00:00,1478.16,26.8,62
2025-09-18 10:00:00,1481.99,31.1,63
2025-09-18 11:00:00,1628.53,29.1,61
2025-09-18 12:00:00,1611.88,31.0,94
2025-09-18 13:00:00,1539.02,31.4,92
2025-09-18 14:00:00,1477.27,31.3,72
2025-09-18 15:00:00,1417.7,31.8,66
2025-09-18 16:00:00,1291.22,32.4,86
2025-09-18 17:00:00,1155.21,30.8,62
2025-09-18 18:00:00,1061.1,29.3,76
2025-09-18 19:00:00,1042.13,29.6,84
2025-09-18 20:00:00,1062.19,28.2,89
2025-09-18 21:00:00,1063.41,26.2,73
2025-09-18 22:00:00,1066.36,26.1,88
2025-09-18 23:00:00,1109.93,24.3,64
2025-09-19 00:00:00,1143.73,23.5,66
2025-09-19 01:00:00,1113.57,25.1,78
2025-09-19 02:00:00,1076.59,24.5,92
2025-09-19 03:00:00,1093.05,25.1,80
2025-09-19 04:00:00,1018.76,25.3,80
2025-09-19 05:00:00,1060.86,24.1,76
2025-09-19 06:00:00,1110.32,27.2,82
2025-09-19 07:00:00,1154.86,26.6,86
2025-09-19 08:00:00,1287.68,29.1,90
2025-09-19 09:00:00,1341.53,28.9,74
2025-09-19 10:00:00,1580.82,30.4,60
2025-09-19 11:00:00,1549.98,31.2,79
2025-09-19 12:00:00,1662.91,32.4,93
2025-09-19 13:00:00,1584.14,29.9,60
2025-09-19 14:00:00,1533.68,30.1,91
2025-09-19 15:00:00,1397.08,32.7,81
2025-09-19 16:00:00,1309.7,31.9,88
2025-09-19 17:00:00,1220.97,29.9,70
2025-09-19 18:00:00,1140.69,30.4,92
2025-09-19 19:00:00,1095.92,27.3,60
2025-09-19 20:00:00,1039.55,31.9,68
2025-09-19 21:00:00,1043.86,28.5,72
2025-09-19 22:00:00,1025.15,26.7,83
2025-09-19 23:00:00,1118.21,25.3,79
2025-09-20 00:00:00,942.25,23.8,60
2025-09-20 01:00:00,953.37,22.6,94
2025-09-20 02:00:00,888.55,23.9,79
2025-09-20 03:00:00,830.78,23.1,60
2025-09-20 04:00:00,789.99,23.6,65
2025-09-20 05:00:00,902.22,23.5,85
2025-09-20 06:00:00,851.53,26.3,88
2025-09-20 07:00:00,983.27,26.5,74
2025-09-20 08:00:00,1091.56,28.6,78
2025-09-20 09:00:00,1208.76,29.6,68
2025-09-20 10:00:00,1312.18,30.3,76
2025-09-20 11:00:00,1384.67,34.0,91
2025-09-20 12:00:00,1319.9,32.5,87
2025-09-20 13:00:00,1380.36,30.4,74
2025-09-20 14:00:00,1232.92,32.6,87
2025-09-20 15:00:00,1236.86,31.8,68
2025-09-20 16:00:00,1080.03,29.9,86
2025-09-20 17:00:00,919.75,29.1,78
2025-09-20 18:00:00,885.97,30.5,66
2025-09-20 19:00:00,845.89,29.9,84
2025-09-20 20:00:00,891.15,26.7,89
2025-09-20 21:00:00,864.59,28.1,72
2025-09-20 22:00:00,890.04,26.3,61
2025-09-20 23:00:00,938.28,26.6,77
2025-09-21 00:00:00,898.04,25.8,67
2025-09-21 01:00:00,920.25,23.9,79
2025-09-21 02:00:00,898.84,26.0,68
2025-09-21 03:00:00,809.62,22.8,72
2025-09-21 04:00:00,897.98,27.4,80
2025-09-21 05:00:00,813.09,24.1,87
2025-09-21 06:00:00,943.55,25.9,66
2025-09-21 07:00:00,939.13,26.3,90
2025-09-21 08:00:00,1117.49,27.5,82
2025-09-21 09:00:00,1273.4,32.5,72
2025-09-21 10:00:00,1300.51,29.4,61
2025-09-21 11:00:00,1367.9,31.8,93
2025-09-21 12:00:00,1422.84,31.2,64
2025-09-21 13:00:00,1365.35,33.0,61
2025-09-21 14:00:00,1371.63,31.3,93
2025-09-21 15:00:00,1214.99,32.2,61
2025-09-21 16:00:00,1085.29,32.2,79
2025-09-21 17:00:00,973.37,30.0,67
2025-09-21 18:00:00,878.85,33.3,82
2025-09-21 19:00:00,840.91,29.9,75
2025-09-21 20:00:00,834.24,27.7,81
2025-09-21 21:00:00,837.68,26.1,67
2025-09-21 22:00:00,851.99,26.1,85
2025-09-21 23:00:00,967.44,23.7,82
2025-09-22 00:00:00,1062.39,26.7,75
2025-09-22 01:00:00,1096.02,24.7,80
2025-09-22 02:00:00,1092.69,23.9,88
2025-09-22 03:00:00,1073.74,25.4,79
2025-09-22 04:00:00,1041.42,23.7,71
2025-09-22 05:00:00,1051.42,23.8,85
2025-09-22 06:00:00,1124.28,25.8,62
2025-09-22 07:00:00,1198.59,27.1,77
2025-09-22 08:00:00,1284.43,28.6,60
2025-09-22 09:00:00,1350.61,27.3,78
2025-09-22 10:00:00,1488.63,29.5,72
2025-09-22 11:00:00,1533.78,27.1,92
2025-09-22 12:00:00,1575.16,30.0,89
2025-09-22 13:00:00,1575.09,32.7,81
2025-09-22 14:00:00,1517.59,33.2,86
2025-09-22 15:00:00,1467.62,30.5,72
2025-09-22 16:00:00,1274.73,31.1,67
2025-09-22 17:00:00,1216.43,30.9,61
2025-09-22 18:00:00,1119.26,31.3,78
2025-09-22 19:00:00,1105.28,30.9,83
2025-09-22 20:00:00,1063.73,28.2,64
2025-09-22 21:00:00,1016.49,26.7,67
2025-09-22 22:00:00,1011.76,24.3,79
2025-09-22 23:00:00,1101.91,25.3,94
2025-09-23 00:00:00,1076.99,27.0,61
2025-09-23 01:00:00,1053.62,25.7,65
2025-09-23 02:00:00,1024.63,24.2,75
2025-09-23 03:00:00,1054.36,24.5,61
2025-09-23 04:00:00,1093.28,23.7,73
2025-09-23 05:00:00,1042.58,24.7,85
2025-09-23 06:00:00,1126.18,26.2,79
2025-09-23 07:00:00,1182.73,27.1,88
2025-09-23 08:00:00,1245.4,29.2,63
2025-09-23 09:00:00,1428.03,30.2,79
2025-09-23 10:00:00,1463.74,30.6,83
2025-09-23 11:00:00,1571.71,29.6,60
2025-09-23 12:00:00,1583.6,30.3,84
2025-09-23 13:00:00,1602.22,30.8,73
2025-09-23 14:00:00,1465.04,32.3,94
2025-09-23 15:00:00,1416.03,29.4,80
2025-09-23 16:00:00,1261.18,31.5,82
2025-09-23 17:00:00,1168.48,32.5,79
2025-09-23 18:00:00,978.36,30.8,85
2025-09-23 19:00:00,1130.19,28.6,86
2025-09-23 20:00:00,1059.87,27.2,73
2025-09-23 21:00:00,1021.97,27.9,63
2025-09-23 22:00:00,1029.74,26.4,85
2025-09-23 23:00:00,1070.71,24.9,75
2025-09-24 00:00:00,1117.62,23.8,79
2025-09-24 01:00:00,1018.76,24.2,83
2025-09-24 02:00:00,1061.08,23.6,69
2025-09-24 03:00:00,1107.75,25.1,61
2025-09-24 04:00:00,997.87,26.0,68
2025-09-24 05:00:00,1056.75,23.5,77
2025-09-24 06:00:00,1179.68,24.5,89
2025-09-24 07:00:00,1205.48,28.6,62
2025-09-24 08:00:00,1291.99,28.2,88
2025-09-24 09:00:00,1417.09,27.7,66
2025-09-24 10:00:00,1485.07,31.2,84
2025-09-24 11:00:00,1613.49,31.2,83
2025-09-24 12:00:00,1578.62,34.1,65
2025-09-24 13:00:00,1499.44,31.6,74
2025-09-24 14:00:00,1485.42,33.3,74
2025-09-24 15:00:00,1365.56,30.1,86
2025-09-24 16:00:00,1277.78,33.1,80
2025-09-24 17:00:00,1174.34,32.0,91
2025-09-24 18:00:00,1144.54,31.9,91
2025-09-24 19:00:00,1078.35,30.4,71
2025-09-24 20:00:00,1046.86,27.9,68
2025-09-24 21:00:00,1045.77,25.6,79
2025-09-24 22:00:00,1029.09,25.3,74
2025-09-24 23:00:00,1008.76,23.1,72
2025-09-25 00:00:00,1093.54,23.4,67
2025-09-25 01:00:00,1109.84,24.6,80
2025-09-25 02:00:00,1059.3,23.9,84
2025-09-25 03:00:00,1024.1,23.9,94
2025-09-25 04:00:00,1050.86,23.6,89
2025-09-25 05:00:00,1048.07,23.0,90
2025-09-25 06:00:00,1158.62,26.2,65
2025-09-25 07:00:00,1223.55,27.4,70
2025-09-25 08:00:00,1318.21,26.8,67
2025-09-25 09:00:00,1422.93,28.4,67
2025-09-25 10:00:00,1450.99,31.9,71
2025-09-25 11:00:00,1588.25,32.2,62
2025-09-25 12:00:00,1602.82,29.7,75
2025-09-25 13:00:00,1586.29,31.8,86
2025-09-25 14:00:00,1513.41,33.7,75
2025-09-25 15:00:00,1412.29,31.6,64
2025-09-25 16:00:00,1379.2,31.1,71
2025-09-25 17:00:00,1177.79,32.1,62
2025-09-25 18:00:00,1132.46,31.2,94
2025-09-25 19:00:00,1034.58,30.2,62
2025-09-25 20:00:00,1062.37,27.7,90
2025-09-25 21:00:00,1075.8,27.8,83
2025-09-25 22:00:00,1075.96,27.8,88
2025-09-25 23:00:00,1140.58,25.1,92
2025-09-26 00:00:00,1055.69,24.1,75
2025-09-26 01:00:00,1062.03,25.6,92
2025-09-26 02:00:00,1067.58,26.5,69
2025-09-26 03:00:00,1070.71,26.7,89
2025-09-26 04:00:00,1037.94,24.1,93
2025-09-26 05:00:00,1093.04,24.8,94
2025-09-26 06:00:00,1073.51,24.8,66
2025-09-26 07:00:00,1137.54,27.1,65
2025-09-26 08:00:00,1292.47,26.7,74
2025-09-26 09:00:00,1390.76,28.4,91
2025-09-26 10:00:00,1512.2,30.8,61
2025-09-26 11:00:00,1561.14,31.3,91
2025-09-26 12:00:00,1574.8,29.3,87
2025-09-26 13:00:00,1559.49,33.7,80
2025-09-26 14:00:00,1494.23,30.7,76
2025-09-26 15:00:00,1382.82,30.7,78
2025-09-26 16:00:00,1274.62,30.0,73
2025-09-26 17:00:00,1163.39,30.0,93
2025-09-26 18:00:00,1126.72,28.9,79
2025-09-26 19:00:00,1054.91,28.0,80
2025-09-26 20:00:00,1110.74,25.0,62
2025-09-26 21:00:00,1045.6,27.1,73
2025-09-26 22:00:00,1040.98,26.3,80
2025-09-26 23:00:00,1172.68,27.9,86
2025-09-27 00:00:00,898.17,25.1,66
2025-09-27 01:00:00,910.8,23.5,88
2025-09-27 02:00:00,877.93,22.6,68
2025-09-27 03:00:00,858.74,24.0,74
2025-09-27 04:00:00,847.47,25.1,87
2025-09-27 05:00:00,806.53,24.6,74
2025-09-27 06:00:00,906.6,26.1,74
2025-09-27 07:00:00,928.15,29.2,89
2025-09-27 08:00:00,1072.64,27.5,91
2025-09-27 09:00:00,1165.13,26.8,71
2025-09-27 10:00:00,1302.77,31.0,79
2025-09-27 11:00:00,1370.86,31.2,86
2025-09-27 12:00:00,1400.61,29.4,61
2025-09-27 13:00:00,1369.23,32.4,81
2025-09-27 14:00:00,1269.04,30.8,85
2025-09-27 15:00:00,1181.42,32.4,67
2025-09-27 16:00:00,1111.0,33.8,85
2025-09-27 17:00:00,1011.95,30.6,76
2025-09-27 18:00:00,853.66,31.3,66
2025-09-27 19:00:00,791.6,27.6,60
2025-09-27 20:00:00,803.37,26.2,86
2025-09-27 21:00:00,873.62,29.4,85
2025-09-27 22:00:00,899.84,26.4,91
2025-09-27 23:00:00,843.91,25.9,73
2025-09-28 00:00:00,891.52,25.9,78
2025-09-28 01:00:00,937.42,23.5,68
2025-09-28 02:00:00,868.81,25.0,60
2025-09-28 03:00:00,883.76,24.9,80
2025-09-28 04:00:00,860.74,23.0,79
2025-09-28 05:00:00,810.31,27.0,92
2025-09-28 06:00:00,884.15,27.6,92
2025-09-28 07:00:00,972.8,25.4,77
2025-09-28 08:00:00,1079.46,28.2,76
2025-09-28 09:00:00,1219.66,28.8,72
2025-09-28 10:00:00,1301.63,31.7,68
2025-09-28 11:00:00,1253.47,29.1,60
2025-09-28 12:00:00,1334.88,35.8,82
2025-09-28 13:00:00,1279.69,31.7,93
2025-09-28 14:00:00,1293.49,32.9,73
2025-09-28 15:00:00,1196.04,33.5,80
2025-09-28 16:00:00,1085.77,31.2,80
2025-09-28 17:00:00,938.08,30.7,87
2025-09-28 18:00:00,914.46,29.4,91
2025-09-28 19:00:00,867.31,28.0,89
2025-09-28 20:00:00,781.95,28.3,71
2025-09-28 21:00:00,782.8,26.8,88
2025-09-28 22:00:00,854.38,25.4,60
2025-09-28 23:00:00,936.05,24.6,85
2025-09-29 00:00:00,1137.33,25.2,75
2025-09-29 01:00:00,1090.01,23.2,77
2025-09-29 02:00:00,1025.8,23.7,92
2025-09-29 03:00:00,1062.12,25.2,82
2025-09-29 04:00:00,1007.03,24.8,64
2025-09-29 05:00:00,1012.38,23.9,80
2025-09-29 06:00:00,1012.84,26.0,60
2025-09-29 07:00:00,1172.25,27.5,90
2025-09-29 08:00:00,1250.84,29.2,77
2025-09-29 09:00:00,1388.04,28.1,80
2025-09-29 10:00:00,1403.93,29.3,66
2025-09-29 11:00:00,1559.25,30.0,60
2025-09-29 12:00:00,1492.82,30.7,82
2025-09-29 13:00:00,1591.4,32.3,86
2025-09-29 14:00:00,1502.69,32.7,61
2025-09-29 15:00:00,1374.95,33.1,93
2025-09-29 16:00:00,1292.63,31.4,75
2025-09-29 17:00:00,1134.49,29.1,69
2025-09-29 18:00:00,1090.48,30.8,79
2025-09-29 19:00:00,1067.14,29.2,84
2025-09-29 20:00:00,914.65,28.1,63
2025-09-29 21:00:00,1015.53,25.4,91
2025-09-29 22:00:00,1050.67,25.8,87
2025-09-29 23:00:00,1063.54,23.7,72
2025-09-30 00:00:00,1125.92,25.1,64
2025-09-30 01:00:00,1028.04,23.6,76
2025-09-30 02:00:00,1026.69,23.4,66
2025-09-30 03:00:00,961.11,22.3,69
2025-09-30 04:00:00,1072.81,25.8,86
2025-09-30 05:00:00,1027.71,24.9,94
2025-09-30 06:00:00,1069.61,26.1,82
2025-09-30 07:00:00,1163.91,26.1,75
2025-09-30 08:00:00,1292.24,26.0,86
2025-09-30 09:00:00,1393.91,28.4,74
2025-09-30 10:00:00,1574.16,29.6,65
2025-09-30 11:00:00,1566.28,31.2,83
2025-09-30 12:00:00,1558.71,31.0,82
2025-09-30 13:00:00,1530.76,31.0,64
2025-09-30 14:00:00,1467.76,30.2,66
2025-09-30 15:00:00,1329.22,31.9,81
2025-09-30 16:00:00,1271.41,30.5,88
2025-09-30 17:00:00,1193.22,32.4,90
2025-09-30 18:00:00,1063.56,30.2,94
2025-09-30 19:00:00,1008.15,29.7,93
2025-09-30 20:00:00,1073.1,27.7,78
2025-09-30 21:00:00,978.34,27.2,93
2025-09-30 22:00:00,976.17,24.9,89
2025-09-30 23:00:00,1027.15,23.8,78
2025-10-01 00:00:00,1018.1,24.6,77
2025-10-01 01:00:00,1077.98,24.8,60
2025-10-01 02:00:00,1032.9,21.7,75
2025-10-01 03:00:00,1017.57,23.5,87
2025-10-01 04:00:00,1057.39,26.7,70
2025-10-01 05:00:00,1009.22,25.7,91
2025-10-01 06:00:00,1109.18,27.8,85
2025-10-01 07:00:00,1215.74,26.2,69
2025-10-01 08:00:00,1251.12,27.5,82
2025-10-01 09:00:00,1404.64,30.2,92
2025-10-01 10:00:00,1470.12,30.7,73
2025-10-01 11:00:00,1579.83,30.7,68
2025-10-01 12:00:00,1517.08,29.9,73
2025-10-01 13:00:00,1489.9,33.3,61
2025-10-01 14:00:00,1464.91,35.0,70
2025-10-01 15:00:00,1347.77,30.0,73
2025-10-01 16:00:00,1249.02,33.1,94
2025-10-01 17:00:00,1155.21,30.3,84
2025-10-01 18:00:00,1107.32,29.6,92
2025-10-01 19:00:00,1019.23,29.4,68
2025-10-01 20:00:00,988.3,26.6,72
2025-10-01 21:00:00,1013.06,26.9,69
2025-10-01 22:00:00,1018.72,24.1,92
2025-10-01 23:00:00,1031.9,25.7,68
2025-10-02 00:00:00,1012.67,27.2,72
2025-10-02 01:00:00,1064.0,23.4,83
2025-10-02 02:00:00,1022.72,23.8,76
2025-10-02 03:00:00,1056.18,24.0,92
2025-10-02 04:00:00,963.49,25.7,82
2025-10-02 05:00:00,1011.55,25.7,86
2025-10-02 06:00:00,1142.61,27.1,85
2025-10-02 07:00:00,1127.06,26.4,83
2025-10-02 08:00:00,1255.89,28.5,70
2025-10-02 09:00:00,1333.4,25.0,88
2025-10-02 10:00:00,1428.49,30.8,64
2025-10-02 11:00:00,1598.75,29.4,83
2025-10-02 12:00:00,1575.18,31.1,68
2025-10-02 13:00:00,1549.28,32.8,69
2025-10-02 14:00:00,1416.34,30.2,70
2025-10-02 15:00:00,1388.54,33.2,90
2025-10-02 16:00:00,1304.72,31.3,62
2025-10-02 17:00:00,1200.23,32.6,84
2025-10-02 18:00:00,1102.62,28.9,86
2025-10-02 19:00:00,991.07,26.9,60
2025-10-02 20:00:00,1025.2,28.0,75
2025-10-02 21:00:00,1045.83,27.7,94
2025-10-02 22:00:00,979.94,26.8,74
2025-10-02 23:00:00,1022.45,23.8,93
2025-10-03 00:00:00,1097.32,22.6,70
2025-10-03 01:00:00,1089.35,23.8,68
2025-10-03 02:00:00,985.54,24.6,83
2025-10-03 03:00:00,1047.3,24.7,94
2025-10-03 04:00:00,1014.6,26.4,81
2025-10-03 05:00:00,1054.97,24.7,66
2025-10-03 06:00:00,1054.06,23.8,89
2025-10-03 07:00:00,1179.64,28.4,88
2025-10-03 08:00:00,1290.82,28.2,68
2025-10-03 09:00:00,1360.77,29.4,60
2025-10-03 10:00:00,1473.42,30.9,62
2025-10-03 11:00:00,1519.01,32.3,64
2025-10-03 12:00:00,1624.11,31.4,70
2025-10-03 13:00:00,1537.51,33.3,63
2025-10-03 14:00:00,1440.55,32.7,92
2025-10-03 15:00:00,1348.05,31.1,92
2025-10-03 16:00:00,1265.77,31.2,79
2025-10-03 17:00:00,1183.48,31.6,79
2025-10-03 18:00:00,1029.59,29.1,93
2025-10-03 19:00:00,1092.39,30.1,80
2025-10-03 20:00:00,1022.16,28.2,66
2025-10-03 21:00:00,1035.91,27.4,75
2025-10-03 22:00:00,1036.46,27.7,91
2025-10-03 23:00:00,1059.48,25.6,70
2025-10-04 00:00:00,858.18,24.6,88
2025-10-04 01:00:00,891.44,24.0,93
2025-10-04 02:00:00,836.59,23.8,69
2025-10-04 03:00:00,843.45,24.5,62
2025-10-04 04:00:00,793.2,26.2,81
2025-10-04 05:00:00,831.61,24.4,91
2025-10-04 06:00:00,845.26,25.2,79
2025-10-04 07:00:00,996.77,28.5,61
2025-10-04 08:00:00,1029.23,27.3,67
2025-10-04 09:00:00,1158.82,29.3,84
2025-10-04 10:00:00,1258.91,29.3,70
2025-10-04 11:00:00,1326.44,28.8,83
2025-10-04 12:00:00,1388.72,31.7,85
2025-10-04 13:00:00,1327.76,33.2,94
2025-10-04 14:00:00,1318.74,31.9,64
2025-10-04 15:00:00,1141.58,30.1,74
2025-10-04 16:00:00,1064.39,31.6,73
2025-10-04 17:00:00,927.09,29.9,77
2025-10-04 18:00:00,888.2,26.9,71
2025-10-04 19:00:00,824.29,28.9,62
2025-10-04 20:00:00,803.05,28.6,92
2025-10-04 21:00:00,858.31,28.4,63
2025-10-04 22:00:00,814.08,28.1,85
2025-10-04 23:00:00,876.47,26.0,80
2025-10-05 00:00:00,833.59,25.7,75
2025-10-05 01:00:00,856.9,22.6,82
2025-10-05 02:00:00,792.17,25.9,83
2025-10-05 03:00:00,790.56,25.7,68
2025-10-05 04:00:00,802.65,24.1,78
2025-10-05 05:00:00,885.42,26.0,86
2025-10-05 06:00:00,874.07,26.7,90
2025-10-05 07:00:00,1009.24,28.7,60
2025-10-05 08:00:00,1063.26,27.8,72
2025-10-05 09:00:00,1153.79,28.1,63
2025-10-05 10:00:00,1320.95,29.4,84
2025-10-05 11:00:00,1351.27,31.9,69
2025-10-05 12:00:00,1338.08,29.2,82
2025-10-05 13:00:00,1352.46,28.3,89
2025-10-05 14:00:00,1256.85,33.1,73
2025-10-05 15:00:00,1097.75,32.2,91
2025-10-05 16:00:00,1088.36,31.5,89
2025-10-05 17:00:00,989.71,29.3,64
2025-10-05 18:00:00,934.94,27.9,74
2025-10-05 19:00:00,836.76,28.3,76
2025-10-05 20:00:00,796.92,28.4,92
2025-10-05 21:00:00,843.07,26.3,71
2025-10-05 22:00:00,863.87,27.1,84
2025-10-05 23:00:00,910.42,24.0,78
2025-10-06 00:00:00,1056.1,23.9,82
2025-10-06 01:00:00,1044.31,25.0,64
2025-10-06 02:00:00,1006.12,23.5,80
2025-10-06 03:00:00,1029.71,23.7,73
2025-10-06 04:00:00,948.5,23.8,65
2025-10-06 05:00:00,1046.23,24.2,78
2025-10-06 06:00:00,1088.27,26.4,63
2025-10-06 07:00:00,1168.96,27.5,83
2025-10-06 08:00:00,1257.55,28.3,85
2025-10-06 09:00:00,1418.14,28.3,78
2025-10-06 10:00:00,1494.75,29.8,91
2025-10-06 11:00:00,1511.88,32.7,94
2025-10-06 12:00:00,1537.11,29.8,61
2025-10-06 13:00:00,1502.35,34.1,92
2025-10-06 14:00:00,1483.54,32.1,69
2025-10-06 15:00:00,1329.52,31.6,92
2025-10-06 16:00:00,1290.67,32.6,82
2025-10-06 17:00:00,1194.84,28.3,93
2025-10-06 18:00:00,1037.0,31.7,89
2025-10-06 19:00:00,1012.65,31.3,64
2025-10-06 20:00:00,1003.36,29.3,80
2025-10-06 21:00:00,1041.94,24.4,75
2025-10-06 22:00:00,1087.61,26.9,66
2025-10-06 23:00:00,991.24,27.1,68
2025-10-07 00:00:00,1043.7,26.4,83
2025-10-07 01:00:00,1037.97,22.4,85
2025-10-07 02:00:00,979.31,25.2,91
2025-10-07 03:00:00,991.09,26.3,86
2025-10-07 04:00:00,1014.83,24.6,78
2025-10-07 05:00:00,1006.48,23.4,67
2025-10-07 06:00:00,1010.8,27.0,65
2025-10-07 07:00:00,1246.25,28.2,78
2025-10-07 08:00:00,1259.19,27.8,82
2025-10-07 09:00:00,1365.57,27.6,61
2025-10-07 10:00:00,1422.97,31.2,62
2025-10-07 11:00:00,1539.42,29.9,61
2025-10-07 12:00:00,1549.15,31.9,72
2025-10-07 13:00:00,1464.21,33.7,91
2025-10-07 14:00:00,1423.96,30.0,84
2025-10-07 15:00:00,1389.52,33.0,72
2025-10-07 16:00:00,1317.96,31.2,89
2025-10-07 17:00:00,1158.56,30.6,78
2025-10-07 18:00:00,1103.54,30.6,83
2025-10-07 19:00:00,1010.86,28.1,92
2025-10-07 20:00:00,996.92,26.6,72
2025-10-07 21:00:00,1046.36,24.8,90
2025-10-07 22:00:00,1086.65,27.5,67
2025-10-07 23:00:00,1092.94,24.7,89
2025-10-08 00:00:00,1014.7,25.2,78
2025-10-08 01:00:00,1042.12,23.6,91
2025-10-08 02:00:00,1035.24,22.6,89
2025-10-08 03:00:00,996.17,24.9,76
2025-10-08 04:00:00,1010.62,24.9,93
2025-10-08 05:00:00,1042.14,24.9,75
2025-10-08 06:00:00,1097.15,26.4,65
2025-10-08 07:00:00,1201.84,25.8,61
2025-10-08 08:00:00,1235.53,29.3,64
2025-10-08 09:00:00,1311.1,30.6,78
2025-10-08 10:00:00,1471.12,30.9,60
2025-10-08 11:00:00,1593.42,30.4,84
2025-10-08 12:00:00,1535.39,31.5,75
2025-10-08 13:00:00,1551.54,33.7,89
2025-10-08 14:00:00,1482.96,33.5,89
2025-10-08 15:00:00,1365.58,34.3,69
2025-10-08 16:00:00,1247.35,30.5,83
2025-10-08 17:00:00,1110.58,29.8,80
2025-10-08 18:00:00,982.26,30.2,74
2025-10-08 19:00:00,974.58,29.5,64
2025-10-08 20:00:00,983.47,27.8,81
2025-10-08 21:00:00,1043.77,26.5,67
2025-10-08 22:00:00,1022.03,27.5,90
2025-10-08 23:00:00,1026.42,25.1,60
2025-10-09 00:00:00,1018.04,23.1,79
2025-10-09 01:00:00,1064.66,22.8,87
2025-10-09 02:00:00,1070.27,24.3,90
2025-10-09 03:00:00,1039.68,27.7,83
2025-10-09 04:00:00,1015.46,23.4,66
2025-10-09 05:00:00,958.97,24.8,61
2025-10-09 06:00:00,1046.95,28.9,68
2025-10-09 07:00:00,1208.2,26.4,78
2025-10-09 08:00:00,1283.53,28.5,84
2025-10-09 09:00:00,1302.24,31.3,82
2025-10-09 10:00:00,1453.84,28.9,69
2025-10-09 11:00:00,1537.4,30.5,82
2025-10-09 12:00:00,1522.61,30.9,92
2025-10-09 13:00:00,1443.88,30.0,78
2025-10-09 14:00:00,1459.27,33.9,93
2025-10-09 15:00:00,1328.51,31.2,62
2025-10-09 16:00:00,1216.88,30.4,66
2025-10-09 17:00:00,1127.69,30.3,60
2025-10-09 18:00:00,1054.64,31.1,60
2025-10-09 19:00:00,1010.38,29.2,89
2025-10-09 20:00:00,963.39,27.1,91
2025-10-09 21:00:00,994.86,27.5,78
2025-10-09 22:00:00,961.33,27.0,69
2025-10-09 23:00:00,1052.68,25.1,92
2025-10-10 00:00:00,946.47,24.3,63
2025-10-10 01:00:00,1028.76,25.4,79
2025-10-10 02:00:00,1052.12,23.8,74
2025-10-10 03:00:00,962.6,26.1,89
2025-10-10 04:00:00,1016.54,23.6,66
2025-10-10 05:00:00,1048.29,24.2,77
2025-10-10 06:00:00,940.7,24.9,89
2025-10-10 07:00:00,1131.96,26.7,67
2025-10-10 08:00:00,1140.83,28.0,80
2025-10-10 09:00:00,1349.13,27.4,66
2025-10-10 10:00:00,1452.75,30.1,64
2025-10-10 11:00:00,1435.02,31.5,91
2025-10-10 12:00:00,1613.88,29.7,75
2025-10-10 13:00:00,1531.93,31.2,85
2025-10-10 14:00:00,1423.31,32.7,86
2025-10-10 15:00:00,1404.59,30.6,87
2025-10-10 16:00:00,1178.69,31.1,92
2025-10-10 17:00:00,1094.3,32.1,61
2025-10-10 18:00:00,976.06,32.2,74
2025-10-10 19:00:00,1070.96,29.6,66
2025-10-10 20:00:00,1003.19,27.8,79
2025-10-10 21:00:00,1022.86,26.4,72
2025-10-10 22:00:00,1030.59,27.1,91
2025-10-10 23:00:00,1059.1,26.5,88
2025-10-11 00:00:00,846.41,23.1,63
2025-10-11 01:00:00,845.61,25.2,78
2025-10-11 02:00:00,820.95,23.3,69
2025-10-11 03:00:00,775.62,23.1,71
2025-10-11 04:00:00,787.07,24.4,81
2025-10-11 05:00:00,814.66,26.4,86
2025-10-11 06:00:00,857.58,26.4,94
2025-10-11 07:00:00,882.78,27.3,76
2025-10-11 08:00:00,991.65,28.4,65
2025-10-11 09:00:00,1188.41,29.6,73
2025-10-11 10:00:00,1239.5,29.9,92
2025-10-11 11:00:00,1339.61,31.6,87
2025-10-11 12:00:00,1305.52,30.7,66
2025-10-11 13:00:00,1267.6,32.6,70
2025-10-11 14:00:00,1220.74,33.0,92
2025-10-11 15:00:00,1142.75,32.7,62
2025-10-11 16:00:00,1015.49,32.4,81
2025-10-11 17:00:00,979.85,31.4,72
2025-10-11 18:00:00,860.06,31.4,88
2025-10-11 19:00:00,869.87,26.3,65
2025-10-11 20:00:00,802.95,29.0,87
2025-10-11 21:00:00,712.58,29.3,74
2025-10-11 22:00:00,854.26,25.3,83
2025-10-11 23:00:00,783.42,24.3,85
2025-10-12 00:00:00,849.01,26.1,60
2025-10-12 01:00:00,806.27,23.0,85
2025-10-12 02:00:00,889.44,23.2,90
2025-10-12 03:00:00,844.56,24.3,82
2025-10-12 04:00:00,760.0,23.6,91
2025-10-12 05:00:00,797.88,26.2,60
2025-10-12 06:00:00,859.53,25.1,77
2025-10-12 07:00:00,961.98,27.4,76
2025-10-12 08:00:00,1037.0,28.3,87
2025-10-12 09:00:00,1111.89,31.0,60
2025-10-12 10:00:00,1222.39,31.4,64
2025-10-12 11:00:00,1316.25,30.2,64
2025-10-12 12:00:00,1384.21,29.9,61
2025-10-12 13:00:00,1331.39,32.9,70
2025-10-12 14:00:00,1220.45,31.2,94
2025-10-12 15:00:00,1170.49,31.5,89
2025-10-12 16:00:00,1022.48,30.2,91
2025-10-12 17:00:00,962.98,31.6,67
2025-10-12 18:00:00,939.48,29.2,61
2025-10-12 19:00:00,789.86,29.0,84
2025-10-12 20:00:00,814.11,28.0,78
2025-10-12 21:00:00,768.19,27.2,66
2025-10-12 22:00:00,810.63,26.8,73
2025-10-12 23:00:00,834.54,24.9,63
2025-10-13 00:00:00,1031.44,23.6,92
2025-10-13 01:00:00,1116.87,21.9,89
2025-10-13 02:00:00,1000.99,24.1,79
2025-10-13 03:00:00,1012.0,23.9,73
2025-10-13 04:00:00,915.68,23.7,86
2025-10-13 05:00:00,1014.74,25.2,72
2025-10-13 06:00:00,1088.22,27.0,66
2025-10-13 07:00:00,1110.57,28.3,77
2025-10-13 08:00:00,1145.4,26.2,68
2025-10-13 09:00:00,1343.69,28.6,82
2025-10-13 10:00:00,1445.38,31.2,90
2025-10-13 11:00:00,1539.02,32.7,61
2025-10-13 12:00:00,1608.66,30.5,64
2025-10-13 13:00:00,1500.39,33.5,82
2025-10-13 14:00:00,1414.83,30.4,91
2025-10-13 15:00:00,1304.23,33.2,75
2025-10-13 16:00:00,1240.24,31.1,70
2025-10-13 17:00:00,1145.87,32.7,73
2025-10-13 18:00:00,1029.22,29.4,62
2025-10-13 19:00:00,1026.95,28.7,67
2025-10-13 20:00:00,999.62,27.8,74
2025-10-13 21:00:00,993.07,25.1,68
2025-10-13 22:00:00,980.25,23.9,75
2025-10-13 23:00:00,1013.92,25.8,85
2025-10-14 00:00:00,950.47,25.7,91
2025-10-14 01:00:00,1036.21,24.9,77
2025-10-14 02:00:00,1009.94,22.5,67
2025-10-14 03:00:00,995.35,24.7,91
2025-10-14 04:00:00,998.19,23.3,69
2025-10-14 05:00:00,1010.42,25.7,71
2025-10-14 06:00:00,1041.68,27.4,71
2025-10-14 07:00:00,1128.04,27.4,69
2025-10-14 08:00:00,1181.41,29.8,93
2025-10-14 09:00:00,1321.91,28.9,89
2025-10-14 10:00:00,1443.84,29.7,90
2025-10-14 11:00:00,1485.23,30.9,84
2025-10-14 12:00:00,1565.69,29.9,83
2025-10-14 13:00:00,1487.94,31.4,92
2025-10-14 14:00:00,1449.67,31.6,68
2025-10-14 15:00:00,1346.46,31.5,84
2025-10-14 16:00:00,1256.72,31.8,79
2025-10-14 17:00:00,1157.92,29.1,76
2025-10-14 18:00:00,1069.91,28.6,65
2025-10-14 19:00:00,923.28,30.4,79
2025-10-14 20:00:00,1022.42,25.6,85
2025-10-14 21:00:00,1042.31,27.7,71
2025-10-14 22:00:00,992.26,25.6,66
2025-10-14 23:00:00,1036.37,25.4,89
2025-10-15 00:00:00,1001.66,26.4,81
2025-10-15 01:00:00,957.09,24.0,88
2025-10-15 02:00:00,980.48,24.8,81
2025-10-15 03:00:00,967.17,24.2,83
2025-10-15 04:00:00,965.44,24.4,62
2025-10-15 05:00:00,960.67,24.9,83
2025-10-15 06:00:00,1017.2,26.8,85
2025-10-15 07:00:00,1123.27,26.1,64
2025-10-15 08:00:00,1200.92,26.6,72
2025-10-15 09:00:00,1358.69,29.1,81
2025-10-15 10:00:00,1463.26,30.2,93
2025-10-15 11:00:00,1591.62,28.6,62
2025-10-15 12:00:00,1572.3,31.5,91
2025-10-15 13:00:00,1516.82,30.4,83
2025-10-15 14:00:00,1417.71,32.8,68
2025-10-15 15:00:00,1349.98,29.7,62
2025-10-15 16:00:00,1239.36,33.8,81
2025-10-15 17:00:00,1105.75,30.4,83
2025-10-15 18:00:00,1070.37,29.0,69
2025-10-15 19:00:00,945.38,28.7,94
2025-10-15 20:00:00,969.39,28.7,79
2025-10-15 21:00:00,1005.63,28.0,71
2025-10-15 22:00:00,996.39,25.7,71
2025-10-15 23:00:00,1018.17,23.4,76
2025-10-16 00:00:00,1025.36,23.1,63
2025-10-16 01:00:00,993.38,24.5,67
2025-10-16 02:00:00,1044.77,25.2,66
2025-10-16 03:00:00,947.79,25.5,77
2025-10-16 04:00:00,986.34,24.7,85
2025-10-16 05:00:00,1006.06,26.3,90
2025-10-16 06:00:00,1007.01,28.3,67
2025-10-16 07:00:00,1123.56,28.4,93
2025-10-16 08:00:00,1193.39,29.1,75
2025-10-16 09:00:00,1385.69,28.1,79
2025-10-16 10:00:00,1396.88,31.2,69
2025-10-16 11:00:00,1482.76,31.4,64
2025-10-16 12:00:00,1487.4,32.2,70
2025-10-16 13:00:00,1458.14,33.4,81
2025-10-16 14:00:00,1492.46,32.4,70
2025-10-16 15:00:00,1356.04,31.7,77
2025-10-16 16:00:00,1230.18,30.2,77
2025-10-16 17:00:00,1098.08,30.5,90
2025-10-16 18:00:00,1072.05,30.3,79
2025-10-16 19:00:00,962.81,29.4,82
2025-10-16 20:00:00,1003.07,28.3,69
2025-10-16 21:00:00,952.98,28.1,76
2025-10-16 22:00:00,981.24,27.0,67
2025-10-16 23:00:00,1049.29,25.1,90
2025-10-17 00:00:00,1057.78,23.5,85
2025-10-17 01:00:00,1040.9,24.6,68
2025-10-17 02:00:00,964.31,26.7,91
2025-10-17 03:00:00,965.15,24.5,82
2025-10-17 04:00:00,978.06,24.2,91
2025-10-17 05:00:00,959.22,25.8,64
2025-10-17 06:00:00,1085.56,26.7,60
2025-10-17 07:00:00,1034.3,27.7,90
2025-10-17 08:00:00,1195.33,29.6,90
2025-10-17 09:00:00,1316.54,29.5,68
2025-10-17 10:00:00,1334.57,31.6,92
2025-10-17 11:00:00,1454.14,31.1,94
2025-10-17 12:00:00,1549.5,33.3,85
2025-10-17 13:00:00,1504.08,33.3,61
2025-10-17 14:00:00,1489.19,33.1,93
2025-10-17 15:00:00,1388.49,32.8,76
2025-10-17 16:00:00,1237.79,34.2,65
2025-10-17 17:00:00,1129.39,32.1,90
2025-10-17 18:00:00,1039.96,29.0,87
2025-10-17 19:00:00,896.1,29.3,80
2025-10-17 20:00:00,923.85,27.7,70
2025-10-17 21:00:00,984.41,29.4,86
2025-10-17 22:00:00,1022.73,27.5,79
2025-10-17 23:00:00,1030.26,27.6,79
2025-10-18 00:00:00,793.7,23.6,61
2025-10-18 01:00:00,850.19,25.5,86
2025-10-18 02:00:00,850.33,22.4,77
2025-10-18 03:00:00,811.01,22.2,72
2025-10-18 04:00:00,804.6,24.1,77
2025-10-18 05:00:00,766.76,27.0,70
2025-10-18 06:00:00,872.63,24.8,73
2025-10-18 07:00:00,920.86,26.9,63
2025-10-18 08:00:00,1037.89,29.4,72
2025-10-18 09:00:00,1144.55,30.1,78
2025-10-18 10:00:00,1227.25,32.7,84
2025-10-18 11:00:00,1270.3,30.8,74
2025-10-18 12:00:00,1322.13,30.9,79
2025-10-18 13:00:00,1334.95,30.6,76
2025-10-18 14:00:00,1216.07,31.6,60
2025-10-18 15:00:00,1163.07,30.5,88
2025-10-18 16:00:00,1045.83,29.3,78
2025-10-18 17:00:00,905.35,33.2,89
2025-10-18 18:00:00,883.65,30.1,84
2025-10-18 19:00:00,773.97,32.1,87
2025-10-18 20:00:00,822.88,27.0,70
2025-10-18 21:00:00,793.47,26.5,75
2025-10-18 22:00:00,798.0,25.1,77
2025-10-18 23:00:00,786.44,24.4,68
2025-10-19 00:00:00,819.26,25.6,87
2025-10-19 01:00:00,807.67,24.8,86
2025-10-19 02:00:00,751.82,25.1,82
2025-10-19 03:00:00,767.98,25.7,81
2025-10-19 04:00:00,739.24,25.9,63
2025-10-19 05:00:00,804.26,24.0,91
2025-10-19 06:00:00,878.11,25.4,83
2025-10-19 07:00:00,870.23,27.1,87
2025-10-19 08:00:00,1077.33,32.5,65
2025-10-19 09:00:00,1124.68,30.0,92
2025-10-19 10:00:00,1194.79,30.1,90
2025-10-19 11:00:00,1324.34,31.6,69
2025-10-19 12:00:00,1306.8,30.7,71
2025-10-19 13:00:00,1294.97,32.2,66
2025-10-19 14:00:00,1214.79,33.1,83
2025-10-19 15:00:00,1100.63,31.8,87
2025-10-19 16:00:00,1042.78,30.6,70
2025-10-19 17:00:00,903.21,30.7,91
2025-10-19 18:00:00,782.17,29.6,79
2025-10-19 19:00:00,803.12,27.4,87
2025-10-19 20:00:00,725.27,27.3,60
2025-10-19 21:00:00,735.33,25.3,86
2025-10-19 22:00:00,837.71,24.5,75
2025-10-19 23:00:00,773.05,23.8,65
2025-10-20 00:00:00,938.72,25.7,69
2025-10-20 01:00:00,1034.04,25.9,78
2025-10-20 02:00:00,982.67,22.2,69
2025-10-20 03:00:00,965.42,26.0,85
2025-10-20 04:00:00,953.81,23.2,93
2025-10-20 05:00:00,989.3,26.1,60
2025-10-20 06:00:00,1003.48,26.3,69
2025-10-20 07:00:00,1162.28,27.7,92
2025-10-20 08:00:00,1163.17,26.6,85
2025-10-20 09:00:00,1342.19,26.9,93
2025-10-20 10:00:00,1448.83,29.0,72
2025-10-20 11:00:00,1468.67,31.3,89
2025-10-20 12:00:00,1484.03,33.8,83
2025-10-20 13:00:00,1530.87,30.6,93
2025-10-20 14:00:00,1391.7,31.9,78
2025-10-20 15:00:00,1305.42,31.0,61
2025-10-20 16:00:00,1245.94,31.4,89
2025-10-20 17:00:00,1111.89,28.5,81
2025-10-20 18:00:00,967.0,31.8,91
2025-10-20 19:00:00,1042.42,29.1,92
2025-10-20 20:00:00,946.36,29.1,74
2025-10-20 21:00:00,959.04,26.7,65
2025-10-20 22:00:00,1002.37,26.2,75
2025-10-20 23:00:00,1034.25,26.5,80
2025-10-21 00:00:00,1085.9,24.7,93
2025-10-21 01:00:00,951.61,24.3,94
2025-10-21 02:00:00,1019.68,23.0,92
2025-10-21 03:00:00,996.51,23.5,67
2025-10-21 04:00:00,957.49,23.3,71
2025-10-21 05:00:00,1006.22,24.3,77
2025-10-21 06:00:00,1060.0,27.5,80
2025-10-21 07:00:00,1059.72,29.1,86
2025-10-21 08:00:00,1273.55,26.5,71
2025-10-21 09:00:00,1269.54,29.5,65
2025-10-21 10:00:00,1384.09,29.6,90
2025-10-21 11:00:00,1483.57,32.5,93
2025-10-21 12:00:00,1584.71,31.6,66
2025-10-21 13:00:00,1481.95,31.9,90
2025-10-21 14:00:00,1422.73,31.1,63
2025-10-21 15:00:00,1374.25,30.0,76
2025-10-21 16:00:00,1201.84,32.4,88
2025-10-21 17:00:00,1066.9,31.3,62
2025-10-21 18:00:00,1012.76,30.5,83
2025-10-21 19:00:00,1026.72,28.3,62
2025-10-21 20:00:00,964.86,27.8,86
2025-10-21 21:00:00,1038.18,27.9,60
2025-10-21 22:00:00,1016.71,27.2,74
2025-10-21 23:00:00,987.27,23.8,73
2025-10-22 00:00:00,1016.55,23.8,63
2025-10-22 01:00:00,977.35,22.5,63
2025-10-22 02:00:00,964.87,24.2,84
2025-10-22 03:00:00,1124.77,25.2,70
2025-10-22 04:00:00,995.44,24.2,92
2025-10-22 05:00:00,1006.3,24.4,70
2025-10-22 06:00:00,1002.98,25.6,71
2025-10-22 07:00:00,1160.52,29.7,74
2025-10-22 08:00:00,1248.29,29.4,85
2025-10-22 09:00:00,1387.45,29.9,83
2025-10-22 10:00:00,1485.48,30.4,85
2025-10-22 11:00:00,1438.46,30.8,86
2025-10-22 12:00:00,1475.99,30.4,86
2025-10-22 13:00:00,1455.11,30.6,61
2025-10-22 14:00:00,1388.31,31.3,82
2025-10-22 15:00:00,1332.94,30.7,68
2025-10-22 16:00:00,1190.01,30.7,67
2025-10-22 17:00:00,1178.18,30.7,60
2025-10-22 18:00:00,1091.53,30.0,80
2025-10-22 19:00:00,976.02,28.3,85
2025-10-22 20:00:00,1028.31,28.6,74
2025-10-22 21:00:00,1020.19,26.7,84
2025-10-22 22:00:00,972.61,26.3,75
2025-10-22 23:00:00,937.01,24.3,94
2025-10-23 00:00:00,1004.66,25.4,82
2025-10-23 01:00:00,982.17,23.5,71
2025-10-23 02:00:00,993.02,25.9,78
2025-10-23 03:00:00,968.65,23.9,93
2025-10-23 04:00:00,959.51,24.4,67
2025-10-23 05:00:00,992.02,25.9,82
2025-10-23 06:00:00,979.88,27.0,70
2025-10-23 07:00:00,1117.51,28.1,93
2025-10-23 08:00:00,1191.94,30.1,64
2025-10-23 09:00:00,1326.11,29.8,84
2025-10-23 10:00:00,1452.36,29.9,83
2025-10-23 11:00:00,1444.9,30.2,83
2025-10-23 12:00:00,1502.51,31.3,93
2025-10-23 13:00:00,1483.62,33.6,77
2025-10-23 14:00:00,1400.87,30.3,71
2025-10-23 15:00:00,1350.64,30.9,74
2025-10-23 16:00:00,1182.16,31.2,71
2025-10-23 17:00:00,1083.73,29.8,88
2025-10-23 18:00:00,997.54,29.5,88
2025-10-23 19:00:00,1011.99,31.2,79
2025-10-23 20:00:00,940.16,27.6,74
2025-10-23 21:00:00,981.73,27.5,62
2025-10-23 22:00:00,1055.05,24.0,75
2025-10-23 23:00:00,1002.24,23.8,78
2025-10-24 00:00:00,1048.76,25.7,66
2025-10-24 01:00:00,1060.78,26.1,81
2025-10-24 02:00:00,1019.3,24.3,74
2025-10-24 03:00:00,962.49,23.8,68
2025-10-24 04:00:00,977.34,25.1,76
2025-10-24 05:00:00,926.18,22.1,92
2025-10-24 06:00:00,992.57,26.3,61
2025-10-24 07:00:00,1079.5,25.7,66
2025-10-24 08:00:00,1283.31,29.0,90
2025-10-24 09:00:00,1288.23,26.4,73
2025-10-24 10:00:00,1387.44,29.2,63
2025-10-24 11:00:00,1448.77,30.8,69
2025-10-24 12:00:00,1529.5,30.5,81
2025-10-24 13:00:00,1490.31,31.4,83
2025-10-24 14:00:00,1454.46,33.1,77
2025-10-24 15:00:00,1340.2,31.8,70
2025-10-24 16:00:00,1156.62,30.3,60
2025-10-24 17:00:00,1072.46,32.0,91
2025-10-24 18:00:00,1067.73,30.3,75
2025-10-24 19:00:00,964.21,29.4,73
2025-10-24 20:00:00,996.52,26.9,92
2025-10-24 21:00:00,957.94,23.9,66
2025-10-24 22:00:00,949.59,24.9,78
2025-10-24 23:00:00,991.8,24.0,84
2025-10-25 00:00:00,773.54,23.8,64
2025-10-25 01:00:00,780.08,23.1,69
2025-10-25 02:00:00,787.96,24.1,63
2025-10-25 03:00:00,778.57,25.2,83
2025-10-25 04:00:00,696.79,25.8,65
2025-10-25 05:00:00,768.22,26.2,71
2025-10-25 06:00:00,796.93,24.9,79
2025-10-25 07:00:00,875.55,27.0,85
2025-10-25 08:00:00,1007.11,29.9,71
2025-10-25 09:00:00,1094.99,27.1,92
2025-10-25 10:00:00,1262.36,31.6,71
2025-10-25 11:00:00,1324.47,29.6,63
2025-10-25 12:00:00,1348.86,31.8,76
2025-10-25 13:00:00,1265.58,32.4,69
2025-10-25 14:00:00,1180.32,32.2,78
2025-10-25 15:00:00,1117.16,34.5,92
2025-10-25 16:00:00,997.25,31.1,87
2025-10-25 17:00:00,876.99,28.9,61
2025-10-25 18:00:00,776.38,30.4,80
2025-10-25 19:00:00,767.45,28.8,82
2025-10-25 20:00:00,738.4,28.7,92
2025-10-25 21:00:00,784.86,28.0,85
2025-10-25 22:00:00,804.32,26.0,89
2025-10-25 23:00:00,838.52,25.7,63
2025-10-26 00:00:00,760.96,24.7,65
2025-10-26 01:00:00,811.52,26.3,93
2025-10-26 02:00:00,753.08,23.6,79
2025-10-26 03:00:00,715.56,23.3,74
2025-10-26 04:00:00,735.06,25.6,82
2025-10-26 05:00:00,803.84,24.1,68
2025-10-26 06:00:00,802.04,26.5,93
2025-10-26 07:00:00,950.65,26.8,93
2025-10-26 08:00:00,1019.29,27.9,86
2025-10-26 09:00:00,1098.07,32.0,75
2025-10-26 10:00:00,1252.2,31.5,63
2025-10-26 11:00:00,1296.09,32.1,87
2025-10-26 12:00:00,1272.47,32.1,76
2025-10-26 13:00:00,1345.58,31.0,71
2025-10-26 14:00:00,1220.71,32.3,64
2025-10-26 15:00:00,1112.56,32.6,94
2025-10-26 16:00:00,970.19,31.7,89
2025-10-26 17:00:00,937.2,30.9,73
2025-10-26 18:00:00,833.25,29.5,73
2025-10-26 19:00:00,788.54,29.4,61
2025-10-26 20:00:00,732.39,27.4,87
2025-10-26 21:00:00,787.57,27.8,80
2025-10-26 22:00:00,810.57,23.6,74
2025-10-26 23:00:00,774.2,26.8,82
2025-10-27 00:00:00,953.09,23.0,69
2025-10-27 01:00:00,1015.48,22.9,85
2025-10-27 02:00:00,921.12,24.5,94
2025-10-27 03:00:00,961.25,24.8,93
2025-10-27 04:00:00,932.05,27.0,61
2025-10-27 05:00:00,1006.74,25.5,90
2025-10-27 06:00:00,998.97,26.0,64
2025-10-27 07:00:00,1132.26,27.2,78
2025-10-27 08:00:00,1179.73,29.9,89
2025-10-27 09:00:00,1344.51,31.9,76
2025-10-27 10:00:00,1481.36,29.8,88
2025-10-27 11:00:00,1440.77,31.5,71
2025-10-27 12:00:00,1512.97,31.4,67
2025-10-27 13:00:00,1574.37,31.8,74
2025-10-27 14:00:00,1411.6,34.3,93
2025-10-27 15:00:00,1311.71,30.8,87
2025-10-27 16:00:00,1225.37,28.7,80
2025-10-27 17:00:00,1095.0,31.2,76
2025-10-27 18:00:00,953.03,31.4,77
2025-10-27 19:00:00,1003.79,29.3,83
2025-10-27 20:00:00,877.69,28.6,83
2025-10-27 21:00:00,941.44,27.9,71
2025-10-27 22:00:00,1018.56,26.1,60
2025-10-27 23:00:00,982.78,25.8,91
2025-10-28 00:00:00,976.08,25.2,64
2025-10-28 01:00:00,1023.58,21.8,85
2025-10-28 02:00:00,944.08,24.1,62
2025-10-28 03:00:00,910.82,22.2,92
2025-10-28 04:00:00,954.99,24.5,79
2025-10-28 05:00:00,955.36,24.6,71
2025-10-28 06:00:00,966.87,27.2,79
2025-10-28 07:00:00,1113.48,27.3,76
2025-10-28 08:00:00,1211.66,28.6,67
2025-10-28 09:00:00,1294.6,28.8,72
2025-10-28 10:00:00,1396.73,31.3,68
2025-10-28 11:00:00,1492.29,28.9,78
2025-10-28 12:00:00,1542.09,30.4,85
2025-10-28 13:00:00,1465.94,33.4,64
2025-10-28 14:00:00,1429.86,31.5,84
2025-10-28 15:00:00,1327.01,29.3,64
2025-10-28 16:00:00,1226.23,33.2,82
2025-10-28 17:00:00,1092.62,32.1,94
2025-10-28 18:00:00,978.53,30.9,91
2025-10-28 19:00:00,945.66,29.1,65
2025-10-28 20:00:00,957.48,30.0,73
2025-10-28 21:00:00,1017.35,28.5,88
2025-10-28 22:00:00,957.04,27.9,81
2025-10-28 23:00:00,1021.1,26.0,79
2025-10-29 00:00:00,986.59,24.7,67
2025-10-29 01:00:00,994.39,23.7,86
2025-10-29 02:00:00,1024.62,22.5,66
2025-10-29 03:00:00,978.06,24.7,93
2025-10-29 04:00:00,899.65,25.2,87
2025-10-29 05:00:00,939.44,24.8,90
2025-10-29 06:00:00,1052.07,26.7,80
2025-10-29 07:00:00,1093.86,26.6,69
2025-10-29 08:00:00,1152.91,29.0,72
2025-10-29 09:00:00,1276.24,28.0,85
2025-10-29 10:00:00,1429.26,28.7,93
2025-10-29 11:00:00,1508.34,30.5,78
2025-10-29 12:00:00,1498.77,32.5,65
2025-10-29 13:00:00,1560.19,30.5,74
2025-10-29 14:00:00,1433.5,33.3,77
2025-10-29 15:00:00,1296.41,29.9,79
2025-10-29 16:00:00,1164.61,31.2,60
2025-10-29 17:00:00,1054.83,29.1,81
2025-10-29 18:00:00,1019.92,26.9,77
2025-10-29 19:00:00,942.45,29.5,69
2025-10-29 20:00:00,1001.77,27.8,79
2025-10-29 21:00:00,1002.74,25.3,65
2025-10-29 22:00:00,993.85,25.4,81
2025-10-29 23:00:00,949.38,25.7,63
2025-10-30 00:00:00,972.29,24.1,63
2025-10-30 01:00:00,1032.21,23.9,78
2025-10-30 02:00:00,949.61,23.5,88
2025-10-30 03:00:00,988.33,23.4,87
2025-10-30 04:00:00,957.45,23.8,72
2025-10-30 05:00:00,959.03,24.4,87
2025-10-30 06:00:00,981.25,25.1,89
2025-10-30 07:00:00,1083.34,25.7,81
2025-10-30 08:00:00,1197.5,27.5,82
2025-10-30 09:00:00,1338.78,28.3,77
2025-10-30 10:00:00,1371.38,28.7,76
2025-10-30 11:00:00,1462.09,31.7,90
2025-10-30 12:00:00,1497.45,32.9,87
2025-10-30 13:00:00,1494.49,31.9,67
2025-10-30 14:00:00,1370.61,32.1,91
2025-10-30 15:00:00,1256.6,31.0,65
2025-10-30 16:00:00,1214.5,32.7,67
2025-10-30 17:00:00,1033.57,32.9,81
2025-10-30 18:00:00,1050.89,29.8,90
2025-10-30 19:00:00,951.84,28.4,65
2025-10-30 20:00:00,886.77,28.4,63
2025-10-30 21:00:00,932.35,27.1,66
2025-10-30 22:00:00,982.71,25.4,93
2025-10-30 23:00:00,969.75,25.7,86
2025-10-31 00:00:00,994.3,25.7,61
2025-10-31 01:00:00,1011.95,23.2,73
2025-10-31 02:00:00,960.02,27.1,88
2025-10-31 03:00:00,914.04,22.3,81
2025-10-31 04:00:00,928.15,23.5,64
2025-10-31 05:00:00,1004.52,25.5,77
2025-10-31 06:00:00,1062.61,28.7,75
2025-10-31 07:00:00,1013.72,26.3,65
2025-10-31 08:00:00,1226.83,26.7,60
2025-10-31 09:00:00,1309.18,29.7,71
2025-10-31 10:00:00,1432.5,29.7,83
2025-10-31 11:00:00,1449.8,31.6,70
2025-10-31 12:00:00,1431.77,31.4,93
2025-10-31 13:00:00,1489.53,30.8,88
2025-10-31 14:00:00,1367.25,34.8,91
2025-10-31 15:00:00,1251.87,28.3,80
2025-10-31 16:00:00,1142.54,33.6,92
2025-10-31 17:00:00,1105.51,31.9,92
2025-10-31 18:00:00,1008.58,29.1,87
2025-10-31 19:00:00,982.46,31.3,60
2025-10-31 20:00:00,962.13,26.4,71
2025-10-31 21:00:00,932.21,28.2,92
2025-10-31 22:00:00,964.75,23.5,64
2025-10-31 23:00:00,968.27,23.8,61
2025-11-01 00:00:00,784.05,23.2,83
2025-11-01 01:00:00,750.0,23.2,80
2025-11-01 02:00:00,778.58,24.0,89
2025-11-01 03:00:00,782.28,23.1,74
2025-11-01 04:00:00,707.85,22.1,68
2025-11-01 05:00:00,797.65,25.7,91
2025-11-01 06:00:00,805.42,26.1,67
2025-11-01 07:00:00,890.67,27.5,82
2025-11-01 08:00:00,926.97,28.2,86
2025-11-01 09:00:00,1034.98,30.2,67
2025-11-01 10:00:00,1203.02,29.9,88
2025-11-01 11:00:00,1294.52,32.0,70
2025-11-01 12:00:00,1267.98,30.5,80
2025-11-01 13:00:00,1325.34,31.0,89
2025-11-01 14:00:00,1223.72,33.7,92
2025-11-01 15:00:00,1066.48,33.5,62
2025-11-01 16:00:00,987.58,32.2,72
2025-11-01 17:00:00,968.98,29.8,82
2025-11-01 18:00:00,758.02,28.8,85
2025-11-01 19:00:00,771.38,30.6,69
2025-11-01 20:00:00,725.23,29.5,82
2025-11-01 21:00:00,769.49,26.9,67
2025-11-01 22:00:00,809.38,28.8,73
2025-11-01 23:00:00,770.46,25.7,83
2025-11-02 00:00:00,828.42,23.2,77
2025-11-02 01:00:00,859.45,23.8,84
2025-11-02 02:00:00,765.08,24.0,79
2025-11-02 03:00:00,769.97,24.2,84
2025-11-02 04:00:00,713.62,26.0,76
2025-11-02 05:00:00,751.33,24.0,63
2025-11-02 06:00:00,793.11,24.4,80
2025-11-02 07:00:00,907.97,27.7,79
2025-11-02 08:00:00,1026.47,27.4,76
2025-11-02 09:00:00,1092.25,31.9,94
2025-11-02 10:00:00,1249.5,31.1,82
2025-11-02 11:00:00,1318.28,30.2,80
2025-11-02 12:00:00,1318.97,32.9,80
2025-11-02 13:00:00,1246.68,32.7,83
2025-11-02 14:00:00,1174.43,32.8,77
2025-11-02 15:00:00,1067.69,31.7,78
2025-11-02 16:00:00,1017.57,32.0,64
2025-11-02 17:00:00,837.72,28.3,86
2025-11-02 18:00:00,823.05,31.6,65
2025-11-02 19:00:00,712.9,24.9,73
2025-11-02 20:00:00,763.2,27.5,62
2025-11-02 21:00:00,743.2,25.0,60
2025-11-02 22:00:00,809.55,25.4,90
2025-11-02 23:00:00,821.78,25.1,69
2025-11-03 00:00:00,1037.37,23.1,90
2025-11-03 01:00:00,1030.72,20.8,76
2025-11-03 02:00:00,965.68,24.2,75
2025-11-03 03:00:00,899.83,26.6,86
2025-11-03 04:00:00,895.33,24.1,75
2025-11-03 05:00:00,875.5,26.3,63
2025-11-03 06:00:00,959.25,27.8,86
2025-11-03 07:00:00,1080.37,24.7,68
2025-11-03 08:00:00,1162.6,27.5,84
2025-11-03 09:00:00,1287.67,27.5,83
2025-11-03 10:00:00,1410.95,29.0,87
2025-11-03 11:00:00,1451.97,32.9,77
2025-11-03 12:00:00,1447.95,31.7,85
2025-11-03 13:00:00,1460.76,32.8,69
2025-11-03 14:00:00,1362.28,31.9,93
2025-11-03 15:00:00,1284.53,30.4,70
2025-11-03 16:00:00,1229.23,32.3,73
2025-11-03 17:00:00,1068.55,32.3,60
2025-11-03 18:00:00,1059.23,30.4,76
2025-11-03 19:00:00,998.73,29.6,76
2025-11-03 20:00:00,911.98,26.5,69
2025-11-03 21:00:00,901.6,27.8,89
2025-11-03 22:00:00,958.92,27.6,92
2025-11-03 23:00:00,1020.08,25.7,61
2025-11-04 00:00:00,967.91,22.4,79
2025-11-04 01:00:00,1009.3,26.1,91
2025-11-04 02:00:00,1000.87,22.9,62
2025-11-04 03:00:00,911.22,24.6,64
2025-11-04 04:00:00,906.43,25.7,79
2025-11-04 05:00:00,971.41,26.5,62
2025-11-04 06:00:00,1000.41,23.8,62
2025-11-04 07:00:00,1051.88,27.1,65
2025-11-04 08:00:00,1167.79,28.1,83
2025-11-04 09:00:00,1289.43,30.8,67
2025-11-04 10:00:00,1336.86,30.6,75
2025-11-04 11:00:00,1487.33,32.6,60
2025-11-04 12:00:00,1468.38,32.1,73
2025-11-04 13:00:00,1363.11,31.8,69
2025-11-04 14:00:00,1390.82,32.2,69
2025-11-04 15:00:00,1265.97,33.7,81
2025-11-04 16:00:00,1239.27,29.9,90
2025-11-04 17:00:00,1055.45,31.9,63
2025-11-04 18:00:00,956.75,29.2,82
2025-11-04 19:00:00,964.32,28.0,71
2025-11-04 20:00:00,907.06,29.2,67
2025-11-04 21:00:00,911.13,25.9,83
2025-11-04 22:00:00,976.52,26.5,60
2025-11-04 23:00:00,941.22,24.6,85
2025-11-05 00:00:00,932.02,21.7,81
2025-11-05 01:00:00,1035.88,24.7,84
2025-11-05 02:00:00,976.81,24.2,90
2025-11-05 03:00:00,927.02,21.8,93
2025-11-05 04:00:00,927.93,23.7,70
2025-11-05 05:00:00,962.13,23.0,63
2025-11-05 06:00:00,1027.13,26.9,67
2025-11-05 07:00:00,1047.39,28.6,94
2025-11-05 08:00:00,1190.89,29.0,84
2025-11-05 09:00:00,1272.12,30.2,90
2025-11-05 10:00:00,1382.97,29.4,82
2025-11-05 11:00:00,1464.12,31.5,63
2025-11-05 12:00:00,1482.86,31.5,66
2025-11-05 13:00:00,1484.25,32.1,69
2025-11-05 14:00:00,1406.66,33.1,65
2025-11-05 15:00:00,1237.1,33.3,90
2025-11-05 16:00:00,1130.59,31.0,63
2025-11-05 17:00:00,1060.96,29.1,80
2025-11-05 18:00:00,1057.13,29.8,79
2025-11-05 19:00:00,914.7,28.8,76
2025-11-05 20:00:00,920.85,28.3,65
2025-11-05 21:00:00,917.6,28.0,70
2025-11-05 22:00:00,937.25,23.7,77
2025-11-05 23:00:00,981.84,24.4,68
2025-11-06 00:00:00,1030.05,23.4,71
2025-11-06 01:00:00,989.43,25.6,90
2025-11-06 02:00:00,926.41,23.7,90
2025-11-06 03:00:00,1030.63,23.5,93
2025-11-06 04:00:00,928.8,25.2,75
2025-11-06 05:00:00,922.22,24.5,71
2025-11-06 06:00:00,1040.48,26.0,72
2025-11-06 07:00:00,1055.43,29.1,72
2025-11-06 08:00:00,1234.27,30.1,61
2025-11-06 09:00:00,1257.38,28.5,74
2025-11-06 10:00:00,1437.64,29.8,72
2025-11-06 11:00:00,1463.53,30.1,93
2025-11-06 12:00:00,1526.28,29.2,85
2025-11-06 13:00:00,1523.06,33.1,65
2025-11-06 14:00:00,1347.97,34.9,80
2025-11-06 15:00:00,1332.54,31.3,92
2025-11-06 16:00:00,1126.8,30.5,74
2025-11-06 17:00:00,1035.25,30.5,94
2025-11-06 18:00:00,963.01,30.1,87
2025-11-06 19:00:00,960.13,27.7,65
2025-11-06 20:00:00,927.29,27.4,65
2025-11-06 21:00:00,928.52,28.2,70
2025-11-06 22:00:00,959.76,26.2,73
2025-11-06 23:00:00,994.29,26.7,80
2025-11-07 00:00:00,1002.45,25.0,79
2025-11-07 01:00:00,1009.8,22.8,64
2025-11-07 02:00:00,1016.27,23.3,68
2025-11-07 03:00:00,931.55,24.4,89
2025-11-07 04:00:00,905.85,23.2,86
2025-11-07 05:00:00,961.94,23.7,64
2025-11-07 06:00:00,949.05,24.6,64
2025-11-07 07:00:00,1046.13,27.6,74
2025-11-07 08:00:00,1209.09,27.6,68
2025-11-07 09:00:00,1281.54,30.5,84
2025-11-07 10:00:00,1343.34,28.9,67
2025-11-07 11:00:00,1402.39,27.9,73
2025-11-07 12:00:00,1480.83,31.3,91
2025-11-07 13:00:00,1494.51,33.8,90
2025-11-07 14:00:00,1425.15,32.0,82
2025-11-07 15:00:00,1289.8,30.2,60
2025-11-07 16:00:00,1244.46,29.5,90
2025-11-07 17:00:00,1066.27,32.3,66
2025-11-07 18:00:00,984.31,29.0,74
2025-11-07 19:00:00,850.68,30.9,65
2025-11-07 20:00:00,908.52,28.8,75
2025-11-07 21:00:00,962.22,26.0,73
2025-11-07 22:00:00,1007.42,27.4,76
2025-11-07 23:00:00,942.58,24.1,69
2025-11-08 00:00:00,793.32,22.8,88
2025-11-08 01:00:00,806.23,23.1,67
2025-11-08 02:00:00,751.04,24.9,70
2025-11-08 03:00:00,650.46,25.5,77
2025-11-08 04:00:00,730.82,24.1,79
2025-11-08 05:00:00,765.19,22.9,75
2025-11-08 06:00:00,754.01,24.1,86
2025-11-08 07:00:00,859.06,25.7,82
2025-11-08 08:00:00,931.74,26.4,73
2025-11-08 09:00:00,994.01,29.4,71
2025-11-08 10:00:00,1219.65,32.3,86
2025-11-08 11:00:00,1252.47,31.8,72
2025-11-08 12:00:00,1333.13,30.1,75
2025-11-08 13:00:00,1282.62,31.0,92
2025-11-08 14:00:00,1171.33,31.4,83
2025-11-08 15:00:00,1081.09,32.3,71
2025-11-08 16:00:00,992.05,33.3,68
2025-11-08 17:00:00,901.86,30.3,72
2025-11-08 18:00:00,798.53,31.8,67
2025-11-08 19:00:00,777.31,31.6,77
2025-11-08 20:00:00,711.87,27.6,86
2025-11-08 21:00:00,695.58,26.5,92
2025-11-08 22:00:00,748.49,25.6,66
2025-11-08 23:00:00,776.89,25.2,72
2025-11-09 00:00:00,733.2,24.1,74
2025-11-09 01:00:00,720.92,25.2,93
2025-11-09 02:00:00,764.42,22.1,79
2025-11-09 03:00:00,714.27,23.5,76
2025-11-09 04:00:00,714.47,24.9,88
2025-11-09 05:00:00,724.07,26.2,80
2025-11-09 06:00:00,838.51,28.6,73
2025-11-09 07:00:00,910.24,25.4,88
2025-11-09 08:00:00,926.99,27.2,81
2025-11-09 09:00:00,1063.44,26.3,92
2025-11-09 10:00:00,1211.57,28.7,72
2025-11-09 11:00:00,1271.79,28.7,90
2025-11-09 12:00:00,1273.87,30.8,71
2025-11-09 13:00:00,1210.92,31.6,91
2025-11-09 14:00:00,1157.95,32.6,65
2025-11-09 15:00:00,1064.03,31.5,70
2025-11-09 16:00:00,980.04,32.0,82
2025-11-09 17:00:00,925.76,31.0,66
2025-11-09 18:00:00,761.32,28.8,79
2025-11-09 19:00:00,700.82,27.0,63
2025-11-09 20:00:00,716.57,28.7,80
2025-11-09 21:00:00,764.71,28.9,89
2025-11-09 22:00:00,698.23,29.0,84
2025-11-09 23:00:00,818.7,26.3,90
2025-11-10 00:00:00,967.39,26.3,61
2025-11-10 01:00:00,940.16,24.7,79
2025-11-10 02:00:00,890.91,24.4,73
2025-11-10 03:00:00,951.38,24.3,82
2025-11-10 04:00:00,912.44,24.4,64
2025-11-10 05:00:00,940.79,25.9,78
2025-11-10 06:00:00,951.92,25.4,66
2025-11-10 07:00:00,1053.07,26.8,80
2025-11-10 08:00:00,1151.43,26.6,92
2025-11-10 09:00:00,1276.72,29.6,79
2025-11-10 10:00:00,1356.54,28.8,68
2025-11-10 11:00:00,1395.18,30.9,90
2025-11-10 12:00:00,1568.98,32.1,67
2025-11-10 13:00:00,1401.17,32.6,70
2025-11-10 14:00:00,1386.35,32.9,66
2025-11-10 15:00:00,1218.25,31.6,80
2025-11-10 16:00:00,1098.61,32.0,87
2025-11-10 17:00:00,1067.72,30.2,74
2025-11-10 18:00:00,989.62,27.6,67
2025-11-10 19:00:00,979.05,29.7,71
2025-11-10 20:00:00,932.51,28.4,64
2025-11-10 21:00:00,921.51,28.2,67
2025-11-10 22:00:00,913.8,26.0,73
2025-11-10 23:00:00,1018.45,23.2,63
2025-11-11 00:00:00,1004.12,24.4,86
2025-11-11 01:00:00,920.44,25.2,74
2025-11-11 02:00:00,946.45,24.6,79
2025-11-11 03:00:00,929.89,24.0,81
2025-11-11 04:00:00,904.54,22.5,89
2025-11-11 05:00:00,960.03,23.9,92
2025-11-11 06:00:00,1010.76,26.6,87
2025-11-11 07:00:00,1055.77,25.0,63
2025-11-11 08:00:00,1156.83,27.6,73
2025-11-11 09:00:00,1330.9,29.1,61
2025-11-11 10:00:00,1410.82,31.4,78
2025-11-11 11:00:00,1449.61,31.6,73
2025-11-11 12:00:00,1414.66,32.6,66
2025-11-11 13:00:00,1459.13,32.2,68
2025-11-11 14:00:00,1402.63,31.0,92
2025-11-11 15:00:00,1182.07,31.1,83
2025-11-11 16:00:00,1175.52,30.3,80
2025-11-11 17:00:00,1047.91,31.5,60
2025-11-11 18:00:00,973.98,29.2,80
2025-11-11 19:00:00,901.33,28.6,83
2025-11-11 20:00:00,911.54,28.0,63
2025-11-11 21:00:00,973.67,28.9,65
2025-11-11 22:00:00,929.61,26.8,62
2025-11-11 23:00:00,997.98,24.2,93
2025-11-12 00:00:00,941.63,24.7,84
2025-11-12 01:00:00,988.86,26.1,86
2025-11-12 02:00:00,943.42,24.7,77
2025-11-12 03:00:00,935.41,22.2,64
2025-11-12 04:00:00,915.13,23.4,83
2025-11-12 05:00:00,953.71,24.0,91
2025-11-12 06:00:00,890.02,27.7,80
2025-11-12 07:00:00,1010.98,28.5,93
2025-11-12 08:00:00,1179.5,27.2,88
2025-11-12 09:00:00,1205.16,28.3,64
2025-11-12 10:00:00,1357.85,30.1,87
2025-11-12 11:00:00,1443.42,30.9,65
2025-11-12 12:00:00,1440.94,30.3,70
2025-11-12 13:00:00,1421.13,31.6,67
2025-11-12 14:00:00,1385.94,30.3,94
2025-11-12 15:00:00,1312.04,33.4,70
2025-11-12 16:00:00,1131.4,29.4,79
2025-11-12 17:00:00,1040.6,28.7,81
2025-11-12 18:00:00,954.36,30.5,71
2025-11-12 19:00:00,846.58,27.6,64
2025-11-12 20:00:00,919.93,27.4,93
2025-11-12 21:00:00,955.91,27.0,93
2025-11-12 22:00:00,979.05,26.8,89
2025-11-12 23:00:00,931.95,24.9,82
2025-11-13 00:00:00,924.33,26.7,84
2025-11-13 01:00:00,961.34,24.1,65
2025-11-13 02:00:00,970.67,25.4,88
2025-11-13 03:00:00,926.8,24.5,80
2025-11-13 04:00:00,923.28,27.1,66
2025-11-13 05:00:00,969.5,26.4,68
2025-11-13 06:00:00,952.3,26.1,60
2025-11-13 07:00:00,1051.26,27.7,90
2025-11-13 08:00:00,1220.39,27.7,79
2025-11-13 09:00:00,1268.08,28.7,87
2025-11-13 10:00:00,1330.34,28.4,78
2025-11-13 11:00:00,1420.18,29.9,60
2025-11-13 12:00:00,1435.37,33.9,88
2025-11-13 13:00:00,1456.12,30.4,69
2025-11-13 14:00:00,1343.36,31.2,82
2025-11-13 15:00:00,1284.48,31.8,77
2025-11-13 16:00:00,1137.46,31.4,88
2025-11-13 17:00:00,984.7,31.3,87
2025-11-13 18:00:00,988.97,29.4,66
2025-11-13 19:00:00,934.81,29.6,90
2025-11-13 20:00:00,931.37,29.4,61
2025-11-13 21:00:00,897.92,28.5,74
2025-11-13 22:00:00,914.47,25.7,81
2025-11-13 23:00:00,974.76,25.9,70
2025-11-14 00:00:00,1019.63,23.2,78
2025-11-14 01:00:00,959.3,23.3,65
2025-11-14 02:00:00,954.83,22.6,68
2025-11-14 03:00:00,908.45,24.1,88
2025-11-14 04:00:00,857.46,23.5,62
2025-11-14 05:00:00,961.72,23.3,72
2025-11-14 06:00:00,1008.29,25.5,74
2025-11-14 07:00:00,1082.16,24.9,64
2025-11-14 08:00:00,1155.14,29.6,64
2025-11-14 09:00:00,1294.19,28.4,61
2025-11-14 10:00:00,1404.31,31.2,89
2025-11-14 11:00:00,1498.63,30.2,87
2025-11-14 12:00:00,1501.13,30.0,91
2025-11-14 13:00:00,1444.17,33.3,79
2025-11-14 14:00:00,1327.26,32.1,79
2025-11-14 15:00:00,1278.77,34.1,88
2025-11-14 16:00:00,1170.53,30.9,94
2025-11-14 17:00:00,1082.16,30.3,91
2025-11-14 18:00:00,1023.95,31.2,76
2025-11-14 19:00:00,924.61,30.2,67
2025-11-14 20:00:00,985.11,28.2,80
2025-11-14 21:00:00,858.23,31.0,82
2025-11-14 22:00:00,954.76,25.7,86
2025-11-14 23:00:00,931.09,23.6,65
2025-11-15 00:00:00,698.08,23.3,67
2025-11-15 01:00:00,750.22,23.8,94
2025-11-15 02:00:00,687.34,25.8,64
2025-11-15 03:00:00,712.42,23.9,92
2025-11-15 04:00:00,711.07,26.4,60
2025-11-15 05:00:00,765.38,25.7,83
2025-11-15 06:00:00,722.1,27.3,91
2025-11-15 07:00:00,887.45,27.4,92
2025-11-15 08:00:00,963.31,28.5,61
2025-11-15 09:00:00,1107.67,29.9,76
2025-11-15 10:00:00,1156.28,29.3,69
2025-11-15 11:00:00,1193.67,30.2,61
2025-11-15 12:00:00,1222.29,31.9,71
2025-11-15 13:00:00,1195.1,34.2,89
2025-11-15 14:00:00,1188.14,30.2,74
2025-11-15 15:00:00,1123.39,29.4,82
2025-11-15 16:00:00,940.15,31.1,77
2025-11-15 17:00:00,877.73,32.1,90
2025-11-15 18:00:00,721.61,30.1,88
2025-11-15 19:00:00,732.62,27.6,73
2025-11-15 20:00:00,733.35,28.1,82
2025-11-15 21:00:00,667.49,24.9,84
2025-11-15 22:00:00,731.32,26.8,87
2025-11-15 23:00:00,782.46,24.8,94
2025-11-16 00:00:00,660.56,24.4,89
2025-11-16 01:00:00,802.43,24.6,86
2025-11-16 02:00:00,749.13,24.2,67
2025-11-16 03:00:00,741.57,23.5,78
2025-11-16 04:00:00,693.82,25.8,60
2025-11-16 05:00:00,664.35,26.1,79
2025-11-16 06:00:00,791.97,23.9,89
2025-11-16 07:00:00,851.18,26.7,88
2025-11-16 08:00:00,959.42,26.7,67
2025-11-16 09:00:00,1108.14,27.5,73
2025-11-16 10:00:00,1196.48,30.6,62
2025-11-16 11:00:00,1305.96,30.3,62
2025-11-16 12:00:00,1268.7,31.3,73
2025-11-16 13:00:00,1214.53,31.1,80
2025-11-16 14:00:00,1163.24,32.4,94
2025-11-16 15:00:00,1084.66,32.7,86
2025-11-16 16:00:00,993.89,34.1,87
2025-11-16 17:00:00,802.78,30.6,87
2025-11-16 18:00:00,773.65,28.3,64
2025-11-16 19:00:00,781.06,28.4,69
2025-11-16 20:00:00,699.95,29.0,68
2025-11-16 21:00:00,749.17,26.0,79
2025-11-16 22:00:00,754.12,24.2,88
2025-11-16 23:00:00,789.27,24.3,88
2025-11-17 00:00:00,933.36,23.9,87
2025-11-17 01:00:00,925.96,22.8,70
2025-11-17 02:00:00,935.92,24.3,80
2025-11-17 03:00:00,861.32,24.0,94
2025-11-17 04:00:00,897.29,25.5,82
2025-11-17 05:00:00,931.96,24.6,88
2025-11-17 06:00:00,1034.2,26.7,74
2025-11-17 07:00:00,1066.62,26.4,76
2025-11-17 08:00:00,1178.63,26.6,83
2025-11-17 09:00:00,1309.29,28.4,94
2025-11-17 10:00:00,1334.5,28.1,79
2025-11-17 11:00:00,1431.39,33.0,70
2025-11-17 12:00:00,1546.66,31.6,89
2025-11-17 13:00:00,1434.41,30.9,79
2025-11-17 14:00:00,1407.37,31.5,81
2025-11-17 15:00:00,1302.3,28.9,83
2025-11-17 16:00:00,1105.06,33.2,73
2025-11-17 17:00:00,1063.45,32.4,72
2025-11-17 18:00:00,976.94,30.1,60
2025-11-17 19:00:00,934.73,29.4,86
2025-11-17 20:00:00,880.42,26.5,72
2025-11-17 21:00:00,875.96,25.5,94
2025-11-17 22:00:00,918.66,24.0,67
2025-11-17 23:00:00,950.85,25.0,77
2025-11-18 00:00:00,1001.68,25.8,93
2025-11-18 01:00:00,1016.26,23.7,65
2025-11-18 02:00:00,982.59,24.4,86
2025-11-18 03:00:00,943.56,25.3,77
2025-11-18 04:00:00,870.08,22.6,68
2025-11-18 05:00:00,907.3,27.4,74
2025-11-18 06:00:00,977.59,27.4,82
2025-11-18 07:00:00,1028.89,27.6,62
2025-11-18 08:00:00,1175.46,29.1,68
2025-11-18 09:00:00,1292.25,30.2,81
2025-11-18 10:00:00,1385.54,30.4,82
2025-11-18 11:00:00,1471.56,32.5,79
2025-11-18 12:00:00,1428.62,30.9,66
2025-11-18 13:00:00,1468.34,32.4,76
2025-11-18 14:00:00,1342.45,33.6,62
2025-11-18 15:00:00,1234.14,28.6,66
2025-11-18 16:00:00,1173.92,32.0,72
2025-11-18 17:00:00,1093.64,31.7,82
2025-11-18 18:00:00,987.39,27.9,63
2025-11-18 19:00:00,922.42,29.4,68
2025-11-18 20:00:00,916.18,27.0,65
2025-11-18 21:00:00,918.33,27.4,77
2025-11-18 22:00:00,894.42,25.9,94
2025-11-18 23:00:00,909.29,24.0,82
2025-11-19 00:00:00,956.0,25.9,90
2025-11-19 01:00:00,954.0,23.6,79
2025-11-19 02:00:00,932.66,24.3,66
2025-11-19 03:00:00,935.66,25.7,71
2025-11-19 04:00:00,896.24,23.4,63
2025-11-19 05:00:00,939.86,25.2,71
2025-11-19 06:00:00,963.73,25.4,74
2025-11-19 07:00:00,1113.4,26.6,61
2025-11-19 08:00:00,1156.63,30.6,70
2025-11-19 09:00:00,1347.51,29.6,92
2025-11-19 10:00:00,1377.64,30.4,73
2025-11-19 11:00:00,1426.75,31.5,86
2025-11-19 12:00:00,1427.35,32.0,63
2025-11-19 13:00:00,1383.73,29.7,79
2025-11-19 14:00:00,1330.64,34.8,61
2025-11-19 15:00:00,1234.83,30.1,63
2025-11-19 16:00:00,1167.67,33.5,83
2025-11-19 17:00:00,1031.22,31.6,68
2025-11-19 18:00:00,975.4,30.2,78
2025-11-19 19:00:00,965.11,28.7,67
2025-11-19 20:00:00,900.8,31.1,87
2025-11-19 21:00:00,984.87,27.7,72
2025-11-19 22:00:00,891.22,26.0,67
2025-11-19 23:00:00,946.06,24.5,73
2025-11-20 00:00:00,938.48,23.7,69
2025-11-20 01:00:00,982.58,24.2,79
2025-11-20 02:00:00,852.47,22.9,60
2025-11-20 03:00:00,860.08,25.0,71
2025-11-20 04:00:00,898.62,23.8,94
2025-11-20 05:00:00,973.05,26.4,79
2025-11-20 06:00:00,975.29,27.2,71
2025-11-20 07:00:00,1000.87,26.9,71
2025-11-20 08:00:00,1110.5,28.7,88
2025-11-20 09:00:00,1322.74,29.8,62
2025-11-20 10:00:00,1342.18,28.2,66
2025-11-20 11:00:00,1399.82,32.9,82
2025-11-20 12:00:00,1509.13,31.2,72
2025-11-20 13:00:00,1468.22,32.7,70
2025-11-20 14:00:00,1408.53,32.9,84
2025-11-20 15:00:00,1230.96,28.9,79
2025-11-20 16:00:00,1099.07,30.7,86
2025-11-20 17:00:00,1052.89,31.8,65
2025-11-20 18:00:00,979.18,30.1,65
2025-11-20 19:00:00,931.59,29.9,68
2025-11-20 20:00:00,954.2,28.1,80
2025-11-20 21:00:00,850.01,28.4,77
2025-11-20 22:00:00,961.06,26.1,60
2025-11-20 23:00:00,911.54,26.9,71
2025-11-21 00:00:00,985.95,23.4,60
2025-11-21 01:00:00,931.82,24.0,87
2025-11-21 02:00:00,901.01,23.3,83
2025-11-21 03:00:00,887.89,24.6,78
2025-11-21 04:00:00,850.42,24.2,73
2025-11-21 05:00:00,918.81,24.9,73
2025-11-21 06:00:00,938.99,25.2,85
2025-11-21 07:00:00,1074.34,26.4,75
2025-11-21 08:00:00,1173.44,28.0,83
2025-11-21 09:00:00,1321.91,26.6,91
2025-11-21 10:00:00,1375.38,27.2,65
2025-11-21 11:00:00,1449.69,30.9,89
2025-11-21 12:00:00,1505.07,28.1,82
2025-11-21 13:00:00,1409.5,31.6,78
2025-11-21 14:00:00,1310.49,31.5,84
2025-11-21 15:00:00,1269.86,32.5,84
2025-11-21 16:00:00,1101.29,30.7,61
2025-11-21 17:00:00,1132.76,32.7,69
2025-11-21 18:00:00,1017.04,31.0,86
2025-11-21 19:00:00,993.21,27.2,67
2025-11-21 20:00:00,903.29,27.7,92
2025-11-21 21:00:00,928.61,28.8,78
2025-11-21 22:00:00,913.53,25.2,89
2025-11-21 23:00:00,979.47,25.1,93
2025-11-22 00:00:00,712.14,26.2,73
2025-11-22 01:00:00,658.12,23.5,79
2025-11-22 02:00:00,700.51,25.3,82
2025-11-22 03:00:00,656.98,23.0,74
2025-11-22 04:00:00,751.43,21.1,61
2025-11-22 05:00:00,779.63,26.6,83
2025-11-22 06:00:00,715.61,26.5,83
2025-11-22 07:00:00,890.71,27.6,90
2025-11-22 08:00:00,983.03,26.7,75
2025-11-22 09:00:00,1006.57,27.8,63
2025-11-22 10:00:00,1147.59,31.4,93
2025-11-22 11:00:00,1209.84,31.1,74
2025-11-22 12:00:00,1280.93,31.3,78
2025-11-22 13:00:00,1187.15,32.1,78
2025-11-22 14:00:00,1157.81,33.8,94
2025-11-22 15:00:00,1037.54,32.7,79
2025-11-22 16:00:00,966.34,30.9,88
2025-11-22 17:00:00,837.97,29.1,74
2025-11-22 18:00:00,746.05,30.7,79
2025-11-22 19:00:00,708.7,27.9,91
2025-11-22 20:00:00,771.06,26.6,72
2025-11-22 21:00:00,693.43,28.5,66
2025-11-22 22:00:00,691.87,27.0,75
2025-11-22 23:00:00,767.68,25.6,69
2025-11-23 00:00:00,748.4,23.0,61
2025-11-23 01:00:00,696.33,26.3,77
2025-11-23 02:00:00,805.03,25.2,93
2025-11-23 03:00:00,694.32,23.8,80
2025-11-23 04:00:00,685.22,23.9,80
2025-11-23 05:00:00,720.41,25.3,60
2025-11-23 06:00:00,824.01,25.4,74
2025-11-23 07:00:00,785.45,29.6,69
2025-11-23 08:00:00,958.12,27.5,94
2025-11-23 09:00:00,1133.3,27.8,84
2025-11-23 10:00:00,1164.49,31.9,91
2025-11-23 11:00:00,1185.65,30.1,90
2025-11-23 12:00:00,1231.84,32.4,69
2025-11-23 13:00:00,1236.14,32.7,62
2025-11-23 14:00:00,1206.58,31.9,81
2025-11-23 15:00:00,1048.4,30.7,61
2025-11-23 16:00:00,977.44,31.4,82
2025-11-23 17:00:00,794.06,29.4,83
2025-11-23 18:00:00,712.99,30.0,91
2025-11-23 19:00:00,698.0,30.0,92
2025-11-23 20:00:00,748.86,30.1,86
2025-11-23 21:00:00,709.17,25.7,72
2025-11-23 22:00:00,737.18,25.7,88
2025-11-23 23:00:00,755.72,24.5,84
2025-11-24 00:00:00,991.03,24.9,78
2025-11-24 01:00:00,923.29,22.3,60
2025-11-24 02:00:00,949.8,22.9,94
2025-11-24 03:00:00,876.36,22.1,75
2025-11-24 04:00:00,966.64,22.8,67
2025-11-24 05:00:00,885.59,24.4,66
2025-11-24 06:00:00,931.35,28.0,80
2025-11-24 07:00:00,1062.26,27.4,70
2025-11-24 08:00:00,1150.04,28.1,85
2025-11-24 09:00:00,1270.47,30.7,74
2025-11-24 10:00:00,1366.72,30.5,65
2025-11-24 11:00:00,1389.51,31.4,63
2025-11-24 12:00:00,1508.74,30.9,78
2025-11-24 13:00:00,1458.96,31.1,80
2025-11-24 14:00:00,1406.35,30.4,77
2025-11-24 15:00:00,1240.57,31.1,74
2025-11-24 16:00:00,1161.87,31.1,61
2025-11-24 17:00:00,1049.99,31.2,90
2025-11-24 18:00:00,1001.79,30.0,65
2025-11-24 19:00:00,954.29,28.6,78
2025-11-24 20:00:00,904.07,26.9,74
2025-11-24 21:00:00,852.42,27.4,92
2025-11-24 22:00:00,988.11,25.4,85
2025-11-24 23:00:00,964.24,25.6,89
2025-11-25 00:00:00,929.74,22.2,70
2025-11-25 01:00:00,957.71,24.5,60
2025-11-25 02:00:00,871.65,24.9,73
2025-11-25 03:00:00,941.21,24.9,69
2025-11-25 04:00:00,844.57,24.3,76
2025-11-25 05:00:00,904.71,26.3,70
2025-11-25 06:00:00,969.63,24.5,74
2025-11-25 07:00:00,1078.22,26.9,71
2025-11-25 08:00:00,1149.81,27.8,62
2025-11-25 09:00:00,1280.09,30.3,81
2025-11-25 10:00:00,1356.61,27.6,85
2025-11-25 11:00:00,1425.38,29.6,82
2025-11-25 12:00:00,1454.1,33.6,75
2025-11-25 13:00:00,1419.9,28.9,62
2025-11-25 14:00:00,1298.59,33.0,89
2025-11-25 15:00:00,1231.01,31.0,72
2025-11-25 16:00:00,1154.69,31.8,67
2025-11-25 17:00:00,1033.19,32.5,83
2025-11-25 18:00:00,955.68,30.4,64
2025-11-25 19:00:00,901.2,30.8,66
2025-11-25 20:00:00,865.92,27.4,86
2025-11-25 21:00:00,887.12,26.5,71
2025-11-25 22:00:00,913.91,26.9,84
2025-11-25 23:00:00,943.79,24.6,92
2025-11-26 00:00:00,963.68,25.3,74
2025-11-26 01:00:00,936.04,25.6,90
2025-11-26 02:00:00,887.38,25.0,70
2025-11-26 03:00:00,854.22,22.2,65
2025-11-26 04:00:00,985.85,24.1,85
2025-11-26 05:00:00,871.77,25.5,67
2025-11-26 06:00:00,941.8,25.7,89
2025-11-26 07:00:00,1058.83,27.1,75
2025-11-26 08:00:00,1157.59,28.4,74
2025-11-26 09:00:00,1274.97,28.4,67
2025-11-26 10:00:00,1340.98,29.8,94
2025-11-26 11:00:00,1433.73,29.4,68
2025-11-26 12:00:00,1452.13,30.9,80
2025-11-26 13:00:00,1414.47,30.0,64
2025-11-26 14:00:00,1365.09,32.1,78
2025-11-26 15:00:00,1293.72,31.6,75
2025-11-26 16:00:00,1144.23,30.4,77
2025-11-26 17:00:00,1040.25,33.0,71
2025-11-26 18:00:00,997.4,29.7,75
2025-11-26 19:00:00,945.04,29.4,64
2025-11-26 20:00:00,950.47,27.2,62
2025-11-26 21:00:00,841.79,26.5,66
2025-11-26 22:00:00,955.21,26.4,91
2025-11-26 23:00:00,963.54,24.8,90
2025-11-27 00:00:00,917.85,24.5,73
2025-11-27 01:00:00,950.1,25.1,83
2025-11-27 02:00:00,959.14,23.4,92
2025-11-27 03:00:00,873.06,22.5,64
2025-11-27 04:00:00,909.36,22.7,67
2025-11-27 05:00:00,940.74,26.9,61
2025-11-27 06:00:00,921.39,27.1,94
2025-11-27 07:00:00,1034.69,27.8,93
2025-11-27 08:00:00,1154.42,27.5,89
2025-11-27 09:00:00,1227.81,27.4,82
2025-11-27 10:00:00,1324.64,29.7,63
2025-11-27 11:00:00,1419.59,30.7,94
2025-11-27 12:00:00,1476.97,30.1,73
2025-11-27 13:00:00,1446.85,30.1,81
2025-11-27 14:00:00,1325.28,29.9,89
2025-11-27 15:00:00,1278.53,32.7,62
2025-11-27 16:00:00,1114.68,30.0,70
2025-11-27 17:00:00,983.37,31.2,69
2025-11-27 18:00:00,946.1,29.5,62
2025-11-27 19:00:00,949.63,29.7,64
2025-11-27 20:00:00,916.92,28.4,74
2025-11-27 21:00:00,902.13,26.7,65
2025-11-27 22:00:00,907.88,26.2,63
2025-11-27 23:00:00,927.78,25.0,82
2025-11-28 00:00:00,951.63,23.8,60
2025-11-28 01:00:00,902.88,25.3,93
2025-11-28 02:00:00,909.15,23.5,74
2025-11-28 03:00:00,893.52,24.0,63
2025-11-28 04:00:00,845.56,22.8,86
2025-11-28 05:00:00,879.88,25.5,72
2025-11-28 06:00:00,972.23,25.3,91
2025-11-28 07:00:00,1038.98,26.4,68
2025-11-28 08:00:00,1132.06,27.0,84
2025-11-28 09:00:00,1222.75,28.9,62
2025-11-28 10:00:00,1409.58,27.6,75
2025-11-28 11:00:00,1393.96,31.6,76
2025-11-28 12:00:00,1456.7,31.4,86
2025-11-28 13:00:00,1406.23,31.3,69
2025-11-28 14:00:00,1355.68,30.1,60
2025-11-28 15:00:00,1270.7,32.4,88
2025-11-28 16:00:00,1094.96,30.7,77
2025-11-28 17:00:00,1038.47,32.4,91
2025-11-28 18:00:00,999.6,30.6,92
2025-11-28 19:00:00,970.96,30.9,81
2025-11-28 20:00:00,888.39,28.2,70
2025-11-28 21:00:00,902.63,28.3,88
2025-11-28 22:00:00,998.84,26.6,79
2025-11-28 23:00:00,980.12,24.6,81
2025-11-29 00:00:00,725.25,24.8,91
2025-11-29 01:00:00,717.64,23.1,67
2025-11-29 02:00:00,753.84,26.5,81
2025-11-29 03:00:00,664.71,24.0,74
2025-11-29 04:00:00,729.95,24.6,94
2025-11-29 05:00:00,719.95,25.6,75
2025-11-29 06:00:00,775.01,24.7,88
2025-11-29 07:00:00,828.69,28.6,93
2025-11-29 08:00:00,919.85,26.8,79
2025-11-29 09:00:00,1104.85,27.5,72
2025-11-29 10:00:00,1144.78,29.8,72
2025-11-29 11:00:00,1207.94,29.3,90
2025-11-29 12:00:00,1244.12,33.3,80
2025-11-29 13:00:00,1229.09,31.6,89
2025-11-29 14:00:00,1117.36,28.1,84
2025-11-29 15:00:00,1033.94,32.1,89
2025-11-29 16:00:00,920.31,32.1,69
2025-11-29 17:00:00,867.32,30.3,66
2025-11-29 18:00:00,725.95,28.4,93
2025-11-29 19:00:00,646.88,28.9,63
2025-11-29 20:00:00,623.12,27.4,81
2025-11-29 21:00:00,648.73,25.8,88
2025-11-29 22:00:00,768.13,24.7,63
2025-11-29 23:00:00,739.99,25.4,60
2025-11-30 00:00:00,763.47,25.6,82
2025-11-30 01:00:00,757.16,24.7,82
2025-11-30 02:00:00,721.4,21.9,65
2025-11-30 03:00:00,696.55,24.9,64
2025-11-30 04:00:00,727.51,25.5,82
2025-11-30 05:00:00,712.44,26.8,66
2025-11-30 06:00:00,804.93,24.9,64
2025-11-30 07:00:00,858.48,26.9,92
2025-11-30 08:00:00,919.35,28.7,85
2025-11-30 09:00:00,1035.36,28.4,80
2025-11-30 10:00:00,1127.03,30.7,93
2025-11-30 11:00:00,1264.01,30.8,85
2025-11-30 12:00:00,1231.82,30.4,69
2025-11-30 13:00:00,1193.46,31.0,61
2025-11-30 14:00:00,1163.71,33.5,79
2025-11-30 15:00:00,1049.39,30.7,73
2025-11-30 16:00:00,951.33,30.1,66
2025-11-30 17:00:00,902.95,31.2,69
2025-11-30 18:00:00,787.99,30.0,90
2025-11-30 19:00:00,708.36,27.5,67
2025-11-30 20:00:00,641.75,27.4,60
2025-11-30 21:00:00,681.78,26.0,88
2025-11-30 22:00:00,744.44,25.2,90
2025-11-30 23:00:00,697.52,28.2,67
2025-12-01 00:00:00,1019.99,24.2,75
2025-12-01 01:00:00,938.01,23.1,78
2025-12-01 02:00:00,920.27,26.4,85
2025-12-01 03:00:00,874.97,25.2,69
2025-12-01 04:00:00,907.47,25.4,77
2025-12-01 05:00:00,865.93,24.2,61
2025-12-01 06:00:00,1030.87,27.4,88
2025-12-01 07:00:00,1081.99,27.9,61
2025-12-01 08:00:00,1174.56,28.2,62
2025-12-01 09:00:00,1203.22,27.0,83
2025-12-01 10:00:00,1358.81,30.0,68
2025-12-01 11:00:00,1462.84,32.9,73
2025-12-01 12:00:00,1465.89,31.7,70
2025-12-01 13:00:00,1385.46,31.4,83
2025-12-01 14:00:00,1328.89,31.7,73
2025-12-01 15:00:00,1236.1,31.7,77
2025-12-01 16:00:00,1119.03,30.5,72
2025-12-01 17:00:00,1089.45,30.8,93
2025-12-01 18:00:00,887.93,31.7,78
2025-12-01 19:00:00,929.5,30.6,70
2025-12-01 20:00:00,844.94,27.1,85
2025-12-01 21:00:00,864.76,28.5,64
2025-12-01 22:00:00,848.34,26.9,80
2025-12-01 23:00:00,918.42,25.9,68
2025-12-02 00:00:00,997.11,25.1,71
2025-12-02 01:00:00,945.96,23.0,60
2025-12-02 02:00:00,875.8,23.5,73
2025-12-02 03:00:00,933.08,25.1,85
2025-12-02 04:00:00,932.36,23.1,66
2025-12-02 05:00:00,909.28,23.9,75
2025-12-02 06:00:00,1025.49,26.4,74
2025-12-02 07:00:00,1063.82,26.0,63
2025-12-02 08:00:00,1163.18,29.0,89
2025-12-02 09:00:00,1222.95,28.1,82
2025-12-02 10:00:00,1372.76,30.3,81
2025-12-02 11:00:00,1427.29,31.2,74
2025-12-02 12:00:00,1462.5,30.9,76
2025-12-02 13:00:00,1395.76,31.6,61
2025-12-02 14:00:00,1355.31,31.2,67
2025-12-02 15:00:00,1222.51,31.8,65
2025-12-02 16:00:00,1064.18,30.3,87
2025-12-02 17:00:00,1070.06,30.6,64
2025-12-02 18:00:00,901.76,30.9,80
2025-12-02 19:00:00,909.47,27.7,79
2025-12-02 20:00:00,901.01,27.4,93
2025-12-02 21:00:00,909.01,27.6,66
2025-12-02 22:00:00,907.95,23.5,89
2025-12-02 23:00:00,946.3,27.4,89
2025-12-03 00:00:00,959.95,25.8,74
2025-12-03 01:00:00,961.64,22.3,86
2025-12-03 02:00:00,977.64,21.5,68
2025-12-03 03:00:00,904.91,24.2,86
2025-12-03 04:00:00,890.73,23.2,61
2025-12-03 05:00:00,873.13,26.3,86
2025-12-03 06:00:00,968.76,26.5,84
2025-12-03 07:00:00,1057.65,27.1,66
2025-12-03 08:00:00,1131.78,27.3,72
2025-12-03 09:00:00,1269.36,31.0,79
2025-12-03 10:00:00,1339.79,30.9,81
2025-12-03 11:00:00,1442.42,31.6,77
2025-12-03 12:00:00,1475.48,32.9,70
2025-12-03 13:00:00,1450.4,30.6,65
2025-12-03 14:00:00,1354.18,33.5,63
2025-12-03 15:00:00,1213.93,31.5,62
2025-12-03 16:00:00,1117.14,31.9,65
2025-12-03 17:00:00,1055.18,30.6,74
2025-12-03 18:00:00,1039.28,27.7,62
2025-12-03 19:00:00,893.02,30.2,76
2025-12-03 20:00:00,904.54,25.8,89
2025-12-03 21:00:00,877.35,25.8,81
2025-12-03 22:00:00,883.0,25.5,61
2025-12-03 23:00:00,912.37,22.8,75
2025-12-04 00:00:00,869.86,23.2,81
2025-12-04 01:00:00,982.57,24.4,70
2025-12-04 02:00:00,838.2,23.6,71
2025-12-04 03:00:00,886.76,23.8,94
2025-12-04 04:00:00,846.54,23.4,74
2025-12-04 05:00:00,873.2,25.2,80
2025-12-04 06:00:00,1000.96,25.6,63
2025-12-04 07:00:00,1040.61,25.0,66
2025-12-04 08:00:00,1104.01,27.8,88
2025-12-04 09:00:00,1228.95,27.5,65
2025-12-04 10:00:00,1322.52,31.1,76
2025-12-04 11:00:00,1416.69,30.4,61
2025-12-04 12:00:00,1448.87,34.5,76
2025-12-04 13:00:00,1484.57,33.0,88
2025-12-04 14:00:00,1282.27,31.8,86
2025-12-04 15:00:00,1248.39,32.6,66
2025-12-04 16:00:00,1126.8,29.0,70
2025-12-04 17:00:00,1066.76,32.0,85
2025-12-04 18:00:00,965.27,29.0,91
2025-12-04 19:00:00,924.89,29.1,82
2025-12-04 20:00:00,899.94,27.1,66
2025-12-04 21:00:00,863.47,26.2,60
2025-12-04 22:00:00,958.76,25.8,84
2025-12-04 23:00:00,963.27,25.3,90
2025-12-05 00:00:00,974.13,24.5,65
2025-12-05 01:00:00,978.77,24.1,87
2025-12-05 02:00:00,930.21,22.0,90
2025-12-05 03:00:00,947.16,26.9,75
2025-12-05 04:00:00,900.32,24.8,74
2025-12-05 05:00:00,895.82,25.7,81
2025-12-05 06:00:00,951.89,25.6,77
2025-12-05 07:00:00,1032.07,25.9,67
2025-12-05 08:00:00,1118.95,28.2,69
2025-12-05 09:00:00,1306.03,29.4,65
2025-12-05 10:00:00,1359.02,31.6,69
2025-12-05 11:00:00,1420.87,33.3,66
2025-12-05 12:00:00,1455.74,33.2,94
2025-12-05 13:00:00,1521.86,29.7,87
2025-12-05 14:00:00,1309.06,31.4,84
2025-12-05 15:00:00,1219.37,32.3,87
2025-12-05 16:00:00,1088.85,31.0,68
2025-12-05 17:00:00,1024.82,30.8,64
2025-12-05 18:00:00,960.78,27.4,75
2025-12-05 19:00:00,887.28,30.1,88
2025-12-05 20:00:00,868.31,25.7,82
2025-12-05 21:00:00,900.41,25.1,77
2025-12-05 22:00:00,898.13,24.8,85
2025-12-05 23:00:00,945.51,25.1,64
2025-12-06 00:00:00,780.47,22.6,67
2025-12-06 01:00:00,757.61,22.9,78
2025-12-06 02:00:00,745.81,25.4,87
2025-12-06 03:00:00,732.72,24.0,63
2025-12-06 04:00:00,696.39,25.1,79
2025-12-06 05:00:00,697.32,23.7,81
2025-12-06 06:00:00,724.47,25.9,71
2025-12-06 07:00:00,818.6,26.8,60
2025-12-06 08:00:00,918.18,27.0,67
2025-12-06 09:00:00,1073.9,29.0,86
2025-12-06 10:00:00,1160.17,27.7,80
2025-12-06 11:00:00,1241.32,31.4,92
2025-12-06 12:00:00,1200.92,31.0,92
2025-12-06 13:00:00,1267.06,31.6,64
2025-12-06 14:00:00,1133.11,33.0,74
2025-12-06 15:00:00,1009.83,32.4,89
2025-12-06 16:00:00,921.19,31.1,62
2025-12-06 17:00:00,919.28,29.5,87
2025-12-06 18:00:00,738.0,31.6,89
2025-12-06 19:00:00,691.57,27.4,62
2025-12-06 20:00:00,679.86,28.8,90
2025-12-06 21:00:00,689.61,25.0,73
2025-12-06 22:00:00,687.73,27.1,65
2025-12-06 23:00:00,739.05,26.4,78
2025-12-07 00:00:00,778.55,22.2,64
2025-12-07 01:00:00,744.35,24.7,85
2025-12-07 02:00:00,675.52,24.4,77
2025-12-07 03:00:00,682.09,25.0,90
2025-12-07 04:00:00,666.62,25.0,77
2025-12-07 05:00:00,704.16,24.0,68
2025-12-07 06:00:00,797.5,25.7,85
2025-12-07 07:00:00,826.51,29.0,61
2025-12-07 08:00:00,932.86,26.7,91
2025-12-07 09:00:00,1109.95,29.4,65
2025-12-07 10:00:00,1178.13,31.4,79
2025-12-07 11:00:00,1236.46,29.6,67
2025-12-07 12:00:00,1309.51,29.8,63
2025-12-07 13:00:00,1233.53,30.3,84
2025-12-07 14:00:00,1077.96,32.5,90
2025-12-07 15:00:00,1076.91,30.3,78
2025-12-07 16:00:00,880.27,31.3,66
2025-12-07 17:00:00,847.6,32.5,89
2025-12-07 18:00:00,691.03,29.9,86
2025-12-07 19:00:00,686.04,28.1,76
2025-12-07 20:00:00,673.29,28.2,91
2025-12-07 21:00:00,667.29,26.9,78
2025-12-07 22:00:00,702.31,26.5,84
2025-12-07 23:00:00,769.62,27.1,88
2025-12-08 00:00:00,915.4,25.0,84
2025-12-08 01:00:00,951.92,26.6,91
2025-12-08 02:00:00,880.1,24.5,70
2025-12-08 03:00:00,887.0,23.2,63
2025-12-08 04:00:00,896.75,27.3,90
2025-12-08 05:00:00,866.91,25.0,63
2025-12-08 06:00:00,904.52,24.7,61
2025-12-08 07:00:00,1048.43,29.8,92
2025-12-08 08:00:00,1174.75,27.1,86
2025-12-08 09:00:00,1244.45,28.1,85
2025-12-08 10:00:00,1330.95,29.3,78
2025-12-08 11:00:00,1421.31,31.0,92
2025-12-08 12:00:00,1442.4,32.6,69
2025-12-08 13:00:00,1424.37,28.7,60
2025-12-08 14:00:00,1258.49,33.1,94
2025-12-08 15:00:00,1209.84,31.2,70
2025-12-08 16:00:00,1105.9,31.0,73
2025-12-08 17:00:00,1036.55,32.9,65
2025-12-08 18:00:00,957.0,30.3,84
2025-12-08 19:00:00,924.14,29.6,82
2025-12-08 20:00:00,894.52,27.9,64
2025-12-08 21:00:00,848.21,27.9,85
2025-12-08 22:00:00,964.66,27.9,77
2025-12-08 23:00:00,977.48,22.2,91
2025-12-09 00:00:00,895.9,25.8,80
2025-12-09 01:00:00,944.02,26.0,85
2025-12-09 02:00:00,892.6,24.6,94
2025-12-09 03:00:00,898.03,23.3,69
2025-12-09 04:00:00,921.82,23.2,87
2025-12-09 05:00:00,975.89,28.0,90
2025-12-09 06:00:00,976.26,24.9,74
2025-12-09 07:00:00,1041.08,28.8,67
2025-12-09 08:00:00,1123.08,28.5,69
2025-12-09 09:00:00,1253.14,31.5,69
2025-12-09 10:00:00,1394.09,29.6,77
2025-12-09 11:00:00,1413.83,28.9,87
2025-12-09 12:00:00,1408.99,31.5,87
2025-12-09 13:00:00,1358.72,30.1,79
2025-12-09 14:00:00,1364.48,35.2,83
2025-12-09 15:00:00,1255.45,32.6,65
2025-12-09 16:00:00,1112.42,32.4,91
2025-12-09 17:00:00,1066.72,31.8,65
2025-12-09 18:00:00,935.27,29.2,70
2025-12-09 19:00:00,896.7,28.9,89
2025-12-09 20:00:00,884.46,28.1,62
2025-12-09 21:00:00,880.99,29.3,67
2025-12-09 22:00:00,921.81,24.6,92
2025-12-09 23:00:00,972.81,24.3,78
2025-12-10 00:00:00,899.54,24.1,69
2025-12-10 01:00:00,949.07,23.3,78
2025-12-10 02:00:00,919.06,22.2,68
2025-12-10 03:00:00,898.15,20.9,66
2025-12-10 04:00:00,915.06,22.3,73
2025-12-10 05:00:00,902.65,26.5,61
2025-12-10 06:00:00,966.37,26.0,81
2025-12-10 07:00:00,1055.4,28.0,79
2025-12-10 08:00:00,1116.92,27.3,85
2025-12-10 09:00:00,1256.82,28.9,63
2025-12-10 10:00:00,1337.31,31.9,82
2025-12-10 11:00:00,1410.35,32.7,75
2025-12-10 12:00:00,1428.32,32.6,84
2025-12-10 13:00:00,1431.49,32.1,68
2025-12-10 14:00:00,1348.97,32.6,70
2025-12-10 15:00:00,1260.2,32.3,84
2025-12-10 16:00:00,1134.0,31.3,90
2025-12-10 17:00:00,974.26,30.3,86
2025-12-10 18:00:00,950.73,31.3,73
2025-12-10 19:00:00,903.23,27.5,82
2025-12-10 20:00:00,893.13,29.8,75
2025-12-10 21:00:00,872.09,26.6,79
2025-12-10 22:00:00,871.3,24.4,62
2025-12-10 23:00:00,953.96,24.5,65
2025-12-11 00:00:00,929.59,23.5,88
2025-12-11 01:00:00,937.61,23.4,63
2025-12-11 02:00:00,902.82,23.3,60
2025-12-11 03:00:00,892.2,23.4,67
2025-12-11 04:00:00,868.47,24.2,79
2025-12-11 05:00:00,866.69,25.1,75
2025-12-11 06:00:00,965.79,26.9,90
2025-12-11 07:00:00,1008.88,26.7,91
2025-12-11 08:00:00,1139.95,28.4,93
2025-12-11 09:00:00,1260.36,29.0,88
2025-12-11 10:00:00,1325.2,30.6,71
2025-12-11 11:00:00,1372.5,30.9,63
2025-12-11 12:00:00,1524.15,30.7,93
2025-12-11 13:00:00,1396.18,30.8,65
2025-12-11 14:00:00,1367.58,32.3,68
2025-12-11 15:00:00,1313.91,33.4,64
2025-12-11 16:00:00,1161.91,31.2,75
2025-12-11 17:00:00,1019.53,30.0,60
2025-12-11 18:00:00,946.92,29.7,79
2025-12-11 19:00:00,871.51,28.4,94
2025-12-11 20:00:00,915.14,27.2,69
2025-12-11 21:00:00,912.33,25.2,84
2025-12-11 22:00:00,894.78,25.7,87
2025-12-11 23:00:00,895.27,25.5,94
2025-12-12 00:00:00,892.63,23.2,92
2025-12-12 01:00:00,965.84,23.1,74
2025-12-12 02:00:00,916.59,22.9,80
2025-12-12 03:00:00,899.63,22.5,94
2025-12-12 04:00:00,855.09,23.4,69
2025-12-12 05:00:00,849.05,24.9,75
2025-12-12 06:00:00,982.59,24.4,79
2025-12-12 07:00:00,1031.16,26.8,67
2025-12-12 08:00:00,1165.67,27.2,90
2025-12-12 09:00:00,1232.19,27.9,67
2025-12-12 10:00:00,1337.14,30.5,72
2025-12-12 11:00:00,1439.3,30.1,83
2025-12-12 12:00:00,1464.57,30.9,71
2025-12-12 13:00:00,1442.26,33.4,76
2025-12-12 14:00:00,1335.12,30.9,71
2025-12-12 15:00:00,1267.24,33.7,72
2025-12-12 16:00:00,1172.78,31.0,94
2025-12-12 17:00:00,1026.08,29.5,64
2025-12-12 18:00:00,931.0,29.3,72
2025-12-12 19:00:00,947.35,29.1,67
2025-12-12 20:00:00,861.08,29.5,70
2025-12-12 21:00:00,914.24,27.9,67
2025-12-12 22:00:00,910.44,26.1,90
2025-12-12 23:00:00,866.99,26.7,71
2025-12-13 00:00:00,778.12,22.3,70
2025-12-13 01:00:00,634.54,24.4,76
2025-12-13 02:00:00,642.68,24.4,86
2025-12-13 03:00:00,710.32,24.5,72
2025-12-13 04:00:00,702.09,22.6,72
2025-12-13 05:00:00,677.71,24.0,81
2025-12-13 06:00:00,753.83,25.8,83
2025-12-13 07:00:00,740.84,28.3,89
2025-12-13 08:00:00,958.41,30.3,72
2025-12-13 09:00:00,1054.19,28.2,67
2025-12-13 10:00:00,1143.59,28.4,64
2025-12-13 11:00:00,1214.82,31.8,65
2025-12-13 12:00:00,1255.95,34.6,66
2025-12-13 13:00:00,1213.09,33.2,81
2025-12-13 14:00:00,1079.61,31.1,89
2025-12-13 15:00:00,1122.35,35.3,74
2025-12-13 16:00:00,975.74,32.3,79
2025-12-13 17:00:00,784.53,29.9,90
2025-12-13 18:00:00,736.64,32.3,64
2025-12-13 19:00:00,691.84,28.0,71
2025-12-13 20:00:00,721.49,27.3,89
2025-12-13 21:00:00,616.39,27.8,62
2025-12-13 22:00:00,694.77,26.0,72
2025-12-13 23:00:00,669.57,25.2,70
2025-12-14 00:00:00,728.45,24.6,69
2025-12-14 01:00:00,714.33,25.5,89
2025-12-14 02:00:00,714.72,21.2,68
2025-12-14 03:00:00,670.49,24.5,89
2025-12-14 04:00:00,657.16,24.2,88
2025-12-14 05:00:00,721.51,24.3,93
2025-12-14 06:00:00,764.37,25.1,85
2025-12-14 07:00:00,848.54,23.8,61
2025-12-14 08:00:00,927.28,27.0,66
2025-12-14 09:00:00,1025.24,30.6,73
2025-12-14 10:00:00,1140.83,31.0,86
2025-12-14 11:00:00,1231.43,30.6,85
2025-12-14 12:00:00,1162.31,29.8,79
2025-12-14 13:00:00,1227.7,32.8,94
2025-12-14 14:00:00,1155.83,33.6,70
2025-12-14 15:00:00,1047.46,33.1,85
2025-12-14 16:00:00,928.29,30.3,94
2025-12-14 17:00:00,739.49,29.8,64
2025-12-14 18:00:00,733.13,32.0,75
2025-12-14 19:00:00,762.54,27.6,70
2025-12-14 20:00:00,683.99,28.6,92
2025-12-14 21:00:00,681.01,24.8,68
2025-12-14 22:00:00,712.63,25.6,81
2025-12-14 23:00:00,743.41,25.9,64
2025-12-15 00:00:00,961.34,24.5,79
2025-12-15 01:00:00,922.72,24.8,93
2025-12-15 02:00:00,926.66,22.5,89
2025-12-15 03:00:00,950.2,23.2,69
2025-12-15 04:00:00,918.52,25.1,91
2025-12-15 05:00:00,981.59,26.0,83
2025-12-15 06:00:00,925.33,26.3,76
2025-12-15 07:00:00,1087.77,28.1,62
2025-12-15 08:00:00,1105.65,26.0,85
2025-12-15 09:00:00,1257.48,28.5,71
2025-12-15 10:00:00,1370.48,32.2,71
2025-12-15 11:00:00,1395.87,32.4,92
2025-12-15 12:00:00,1441.43,32.2,86
2025-12-15 13:00:00,1445.63,31.7,73
2025-12-15 14:00:00,1320.01,33.2,66
2025-12-15 15:00:00,1303.57,32.4,86
2025-12-15 16:00:00,1084.91,29.6,69
2025-12-15 17:00:00,1097.05,32.0,68
2025-12-15 18:00:00,983.43,29.0,93
2025-12-15 19:00:00,896.62,29.9,88
2025-12-15 20:00:00,869.3,26.1,77
2025-12-15 21:00:00,873.88,28.9,88
2025-12-15 22:00:00,907.15,25.7,89
2025-12-15 23:00:00,929.16,23.8,72
2025-12-16 00:00:00,982.12,23.7,81
2025-12-16 01:00:00,999.54,23.7,75
2025-12-16 02:00:00,918.68,24.0,91
2025-12-16 03:00:00,861.84,25.7,85
2025-12-16 04:00:00,864.11,24.6,90
2025-12-16 05:00:00,893.18,22.6,78
2025-12-16 06:00:00,912.17,24.5,93
2025-12-16 07:00:00,987.75,30.3,65
2025-12-16 08:00:00,1206.64,28.2,94
2025-12-16 09:00:00,1255.61,30.2,70
2025-12-16 10:00:00,1315.6,29.6,81
2025-12-16 11:00:00,1442.24,29.6,72
2025-12-16 12:00:00,1397.02,30.9,75
2025-12-16 13:00:00,1375.31,32.0,85
2025-12-16 14:00:00,1316.67,31.4,81
2025-12-16 15:00:00,1302.96,34.2,72
2025-12-16 16:00:00,1124.43,30.7,82
2025-12-16 17:00:00,943.61,29.6,91
2025-12-16 18:00:00,990.65,31.0,82
2025-12-16 19:00:00,888.95,30.2,91
2025-12-16 20:00:00,818.58,28.0,87
2025-12-16 21:00:00,880.45,26.2,92
2025-12-16 22:00:00,930.05,23.7,85
2025-12-16 23:00:00,944.91,26.6,89
2025-12-17 00:00:00,1001.1,25.6,76
2025-12-17 01:00:00,900.76,23.6,88
2025-12-17 02:00:00,913.3,24.1,61
2025-12-17 03:00:00,866.91,23.9,93
2025-12-17 04:00:00,829.2,26.5,71
2025-12-17 05:00:00,930.55,23.9,80
2025-12-17 06:00:00,964.4,25.3,86
2025-12-17 07:00:00,1038.91,26.1,62
2025-12-17 08:00:00,1148.14,28.4,85
2025-12-17 09:00:00,1220.99,29.1,64
2025-12-17 10:00:00,1309.52,30.2,79
2025-12-17 11:00:00,1414.94,29.8,67
2025-12-17 12:00:00,1478.87,33.2,87
2025-12-17 13:00:00,1469.92,31.3,88
2025-12-17 14:00:00,1372.58,33.4,61
2025-12-17 15:00:00,1246.04,35.6,61
2025-12-17 16:00:00,1142.69,30.4,82
2025-12-17 17:00:00,1029.44,31.2,69
2025-12-17 18:00:00,912.35,29.8,87
2025-12-17 19:00:00,900.5,31.5,78
2025-12-17 20:00:00,836.55,27.7,87
2025-12-17 21:00:00,887.16,27.3,90
2025-12-17 22:00:00,969.04,26.3,61
2025-12-17 23:00:00,959.53,25.1,88
2025-12-18 00:00:00,905.86,25.4,73
2025-12-18 01:00:00,928.08,24.2,87
2025-12-18 02:00:00,882.47,24.6,60
2025-12-18 03:00:00,889.22,24.4,75
2025-12-18 04:00:00,919.63,23.8,80
2025-12-18 05:00:00,922.43,24.8,73
2025-12-18 06:00:00,1035.15,26.7,76
2025-12-18 07:00:00,1070.73,27.6,74
2025-12-18 08:00:00,1140.36,29.5,90
2025-12-18 09:00:00,1268.7,31.3,73
2025-12-18 10:00:00,1337.65,29.4,86
2025-12-18 11:00:00,1374.18,31.0,62
2025-12-18 12:00:00,1483.94,31.2,65
2025-12-18 13:00:00,1448.97,30.5,86
2025-12-18 14:00:00,1336.32,32.7,81
2025-12-18 15:00:00,1254.62,32.8,81
2025-12-18 16:00:00,1176.7,30.2,91
2025-12-18 17:00:00,1058.67,30.4,86
2025-12-18 18:00:00,897.07,29.4,66
2025-12-18 19:00:00,908.18,27.2,71
2025-12-18 20:00:00,877.42,28.0,75
2025-12-18 21:00:00,930.47,25.6,64
2025-12-18 22:00:00,947.88,26.2,94
2025-12-18 23:00:00,976.9,25.5,68
2025-12-19 00:00:00,899.12,25.0,88
2025-12-19 01:00:00,903.25,24.7,86
2025-12-19 02:00:00,950.74,25.8,91
2025-12-19 03:00:00,870.78,23.2,69
2025-12-19 04:00:00,830.01,23.6,84
2025-12-19 05:00:00,918.28,26.0,84
2025-12-19 06:00:00,929.12,25.8,63
2025-12-19 07:00:00,1091.71,28.3,82
2025-12-19 08:00:00,1143.65,28.7,69
2025-12-19 09:00:00,1250.68,31.3,65
2025-12-19 10:00:00,1331.88,29.9,72
2025-12-19 11:00:00,1469.39,29.0,90
2025-12-19 12:00:00,1450.86,31.9,64
2025-12-19 13:00:00,1399.42,31.8,63
2025-12-19 14:00:00,1317.04,32.6,62
2025-12-19 15:00:00,1242.53,32.7,89
2025-12-19 16:00:00,1099.12,30.8,82
2025-12-19 17:00:00,1065.13,29.6,77
2025-12-19 18:00:00,885.05,29.8,94
2025-12-19 19:00:00,894.84,26.2,64
2025-12-19 20:00:00,904.71,28.1,87
2025-12-19 21:00:00,903.56,26.5,77
2025-12-19 22:00:00,886.76,27.0,67
2025-12-19 23:00:00,953.92,22.8,71
2025-12-20 00:00:00,707.35,24.5,89
2025-12-20 01:00:00,730.03,26.0,81
2025-12-20 02:00:00,734.69,24.8,65
2025-12-20 03:00:00,707.81,25.3,89
2025-12-20 04:00:00,659.76,24.9,67
2025-12-20 05:00:00,741.68,23.2,88
2025-12-20 06:00:00,751.43,26.2,90
2025-12-20 07:00:00,855.19,27.5,64
2025-12-20 08:00:00,986.93,26.7,70
2025-12-20 09:00:00,1084.31,28.9,76
2025-12-20 10:00:00,1184.13,26.5,72
2025-12-20 11:00:00,1220.58,30.4,79
2025-12-20 12:00:00,1266.22,30.9,90
2025-12-20 13:00:00,1221.32,33.5,85
2025-12-20 14:00:00,1102.63,31.3,87
2025-12-20 15:00:00,1055.82,31.5,84
2025-12-20 16:00:00,942.43,31.4,77
2025-12-20 17:00:00,849.67,30.1,91
2025-12-20 18:00:00,743.99,30.9,88
2025-12-20 19:00:00,673.2,26.6,62
2025-12-20 20:00:00,706.46,29.4,94
2025-12-20 21:00:00,645.74,27.0,74
2025-12-20 22:00:00,763.04,27.6,62
2025-12-20 23:00:00,722.84,21.9,80
2025-12-21 00:00:00,747.14,21.6,62
2025-12-21 01:00:00,750.54,23.8,94
2025-12-21 02:00:00,732.72,24.6,67
2025-12-21 03:00:00,642.47,23.5,62
2025-12-21 04:00:00,712.41,25.2,70
2025-12-21 05:00:00,710.55,26.3,61
2025-12-21 06:00:00,726.34,26.8,92
2025-12-21 07:00:00,803.13,27.1,67
2025-12-21 08:00:00,921.9,28.1,71
2025-12-21 09:00:00,999.91,28.3,78
2025-12-21 10:00:00,1205.39,29.9,77
2025-12-21 11:00:00,1266.03,29.6,80
2025-12-21 12:00:00,1254.42,30.5,81
2025-12-21 13:00:00,1206.2,32.5,89
2025-12-21 14:00:00,1138.23,31.4,77
2025-12-21 15:00:00,1071.94,31.0,65
2025-12-21 16:00:00,995.16,32.0,60
2025-12-21 17:00:00,809.46,31.3,68
2025-12-21 18:00:00,709.53,29.7,75
2025-12-21 19:00:00,754.19,28.9,88
2025-12-21 20:00:00,621.11,28.5,88
2025-12-21 21:00:00,656.59,28.1,64
2025-12-21 22:00:00,703.52,26.2,78
2025-12-21 23:00:00,676.5,23.7,81
2025-12-22 00:00:00,977.7,24.3,67
2025-12-22 01:00:00,961.21,23.6,77
2025-12-22 02:00:00,892.16,22.7,73
2025-12-22 03:00:00,936.8,24.7,63
2025-12-22 04:00:00,934.52,25.2,86
2025-12-22 05:00:00,896.21,26.0,83
2025-12-22 06:00:00,933.03,24.8,89
2025-12-22 07:00:00,1108.68,27.2,71
2025-12-22 08:00:00,1159.06,28.0,72
2025-12-22 09:00:00,1254.57,29.4,63
2025-12-22 10:00:00,1393.06,30.2,85
2025-12-22 11:00:00,1424.81,30.8,60
2025-12-22 12:00:00,1421.14,31.3,86
2025-12-22 13:00:00,1417.06,33.2,82
2025-12-22 14:00:00,1381.71,31.0,70
2025-12-22 15:00:00,1175.91,31.7,80
2025-12-22 16:00:00,1123.78,32.8,81
2025-12-22 17:00:00,1078.06,29.9,87
2025-12-22 18:00:00,930.96,29.1,65
2025-12-22 19:00:00,954.37,29.9,84
2025-12-22 20:00:00,933.4,26.3,63
2025-12-22 21:00:00,889.82,27.8,93
2025-12-22 22:00:00,892.49,25.4,85
2025-12-22 23:00:00,921.29,25.7,86
2025-12-23 00:00:00,1032.32,23.1,80
2025-12-23 01:00:00,997.11,25.6,80
2025-12-23 02:00:00,916.95,22.5,88
2025-12-23 03:00:00,871.01,25.0,93
2025-12-23 04:00:00,888.18,23.1,86
2025-12-23 05:00:00,908.99,27.3,85
2025-12-23 06:00:00,905.57,25.9,64
2025-12-23 07:00:00,1032.68,29.3,79
2025-12-23 08:00:00,1180.39,27.0,67
2025-12-23 09:00:00,1182.91,28.5,77
2025-12-23 10:00:00,1374.55,31.5,64
2025-12-23 11:00:00,1462.64,29.1,63
2025-12-23 12:00:00,1419.5,30.6,64
2025-12-23 13:00:00,1473.83,32.5,75
2025-12-23 14:00:00,1321.48,30.8,68
2025-12-23 15:00:00,1261.36,32.5,84
2025-12-23 16:00:00,1123.41,31.7,67
2025-12-23 17:00:00,1019.19,29.0,60
2025-12-23 18:00:00,927.55,31.2,90
2025-12-23 19:00:00,924.99,27.5,92
2025-12-23 20:00:00,913.88,28.9,64
2025-12-23 21:00:00,890.14,27.1,77
2025-12-23 22:00:00,865.08,25.5,79
2025-12-23 23:00:00,945.74,23.8,83
2025-12-24 00:00:00,954.16,24.9,78
2025-12-24 01:00:00,924.26,23.1,87
2025-12-24 02:00:00,978.25,25.4,89
2025-12-24 03:00:00,837.9,25.6,74
2025-12-24 04:00:00,806.81,26.5,68
2025-12-24 05:00:00,875.21,25.5,90
2025-12-24 06:00:00,974.29,25.5,60
2025-12-24 07:00:00,993.26,26.6,72
2025-12-24 08:00:00,1100.1,27.6,61
2025-12-24 09:00:00,1279.51,29.3,94
2025-12-24 10:00:00,1362.15,30.5,70
2025-12-24 11:00:00,1428.06,32.3,77
2025-12-24 12:00:00,1466.81,31.5,79
2025-12-24 13:00:00,1399.99,30.2,61
2025-12-24 14:00:00,1332.71,31.5,83
2025-12-24 15:00:00,1274.6,33.7,75
2025-12-24 16:00:00,1087.41,29.6,82
2025-12-24 17:00:00,955.28,31.7,88
2025-12-24 18:00:00,934.33,29.5,89
2025-12-24 19:00:00,933.45,28.0,63
2025-12-24 20:00:00,893.45,28.5,88
2025-12-24 21:00:00,922.74,28.8,86
2025-12-24 22:00:00,842.44,26.4,92
2025-12-24 23:00:00,943.01,24.9,77
2025-12-25 00:00:00,962.67,23.0,65
2025-12-25 01:00:00,884.95,24.0,91
2025-12-25 02:00:00,943.46,22.4,90
2025-12-25 03:00:00,889.12,23.8,71
2025-12-25 04:00:00,992.3,24.5,82
2025-12-25 05:00:00,824.98,22.3,88
2025-12-25 06:00:00,997.74,27.7,62
2025-12-25 07:00:00,1016.81,25.5,92
2025-12-25 08:00:00,1078.23,27.8,87
2025-12-25 09:00:00,1228.17,29.7,77
2025-12-25 10:00:00,1356.06,31.6,81
2025-12-25 11:00:00,1451.56,29.9,79
2025-12-25 12:00:00,1500.12,28.5,75
2025-12-25 13:00:00,1465.03,33.2,66
2025-12-25 14:00:00,1312.58,30.5,63
2025-12-25 15:00:00,1286.2,32.3,93
2025-12-25 16:00:00,1148.57,32.0,77
2025-12-25 17:00:00,1007.75,26.9,92
2025-12-25 18:00:00,942.47,28.1,60
2025-12-25 19:00:00,876.42,28.5,84
2025-12-25 20:00:00,886.19,24.9,73
2025-12-25 21:00:00,867.59,25.4,70
2025-12-25 22:00:00,877.42,26.1,67
2025-12-25 23:00:00,949.12,25.1,75
2025-12-26 00:00:00,962.23,24.9,90
2025-12-26 01:00:00,926.11,24.7,77
2025-12-26 02:00:00,961.6,22.0,66
2025-12-26 03:00:00,884.35,22.6,63
2025-12-26 04:00:00,874.65,25.4,91
2025-12-26 05:00:00,924.74,27.0,90
2025-12-26 06:00:00,945.62,24.8,69
2025-12-26 07:00:00,1034.02,27.3,89
2025-12-26 08:00:00,1047.06,29.0,94
2025-12-26 09:00:00,1247.64,29.3,90
2025-12-26 10:00:00,1282.84,29.7,90
2025-12-26 11:00:00,1372.96,30.1,92
2025-12-26 12:00:00,1393.56,33.8,64
2025-12-26 13:00:00,1379.21,32.0,69
2025-12-26 14:00:00,1327.6,32.5,82
2025-12-26 15:00:00,1230.06,32.3,66
2025-12-26 16:00:00,1158.57,30.5,87
2025-12-26 17:00:00,1038.89,30.9,80
2025-12-26 18:00:00,883.79,29.6,90
2025-12-26 19:00:00,904.62,28.6,86
2025-12-26 20:00:00,896.48,28.4,88
2025-12-26 21:00:00,882.07,25.9,69
2025-12-26 22:00:00,911.71,24.6,67
2025-12-26 23:00:00,939.46,25.8,68
2025-12-27 00:00:00,767.48,23.9,70
2025-12-27 01:00:00,678.05,23.7,81
2025-12-27 02:00:00,705.68,21.7,85
2025-12-27 03:00:00,746.75,25.3,61
2025-12-27 04:00:00,735.33,25.2,78
2025-12-27 05:00:00,731.91,26.0,75
2025-12-27 06:00:00,769.54,26.5,63
2025-12-27 07:00:00,889.46,25.1,66
2025-12-27 08:00:00,1002.89,28.3,73
2025-12-27 09:00:00,1043.03,28.3,71
2025-12-27 10:00:00,1113.35,28.8,80
2025-12-27 11:00:00,1206.73,31.4,93
2025-12-27 12:00:00,1349.17,33.5,80
2025-12-27 13:00:00,1161.27,33.7,66
2025-12-27 14:00:00,1130.84,32.7,80
2025-12-27 15:00:00,998.14,31.8,69
2025-12-27 16:00:00,940.18,31.2,80
2025-12-27 17:00:00,789.51,29.7,75
2025-12-27 18:00:00,747.02,29.7,84
2025-12-27 19:00:00,633.95,30.1,72
2025-12-27 20:00:00,707.45,30.2,86
2025-12-27 21:00:00,736.85,26.0,67
2025-12-27 22:00:00,700.9,23.6,89
2025-12-27 23:00:00,728.56,24.5,90
2025-12-28 00:00:00,735.55,25.6,66
2025-12-28 01:00:00,740.05,26.6,89
2025-12-28 02:00:00,713.44,25.6,77
2025-12-28 03:00:00,721.4,25.7,82
2025-12-28 04:00:00,729.45,23.5,89
2025-12-28 05:00:00,674.18,24.2,89
2025-12-28 06:00:00,740.48,24.4,67
2025-12-28 07:00:00,863.65,26.2,71
2025-12-28 08:00:00,886.56,29.1,69
2025-12-28 09:00:00,979.12,31.0,66
2025-12-28 10:00:00,1155.76,30.4,76
2025-12-28 11:00:00,1234.11,30.5,91
2025-12-28 12:00:00,1216.06,30.2,64
2025-12-28 13:00:00,1196.5,31.7,80
2025-12-28 14:00:00,1121.25,32.2,90
2025-12-28 15:00:00,1017.79,30.1,74
2025-12-28 16:00:00,960.63,32.6,72
2025-12-28 17:00:00,790.83,30.3,66
2025-12-28 18:00:00,742.08,31.0,83
2025-12-28 19:00:00,671.06,29.0,63
2025-12-28 20:00:00,635.45,28.4,78
2025-12-28 21:00:00,725.07,26.1,94
2025-12-28 22:00:00,696.7,25.6,88
2025-12-28 23:00:00,740.44,25.9,93
2025-12-29 00:00:00,889.09,24.4,67
2025-12-29 01:00:00,908.35,22.8,61
2025-12-29 02:00:00,941.84,24.1,63
2025-12-29 03:00:00,985.67,24.6,61
2025-12-29 04:00:00,817.73,26.2,89
2025-12-29 05:00:00,896.23,26.6,88
2025-12-29 06:00:00,966.34,25.9,63
2025-12-29 07:00:00,1011.13,26.3,80
2025-12-29 08:00:00,1166.65,27.7,68
2025-12-29 09:00:00,1218.36,28.4,61
2025-12-29 10:00:00,1353.82,30.6,79
2025-12-29 11:00:00,1399.07,32.1,92
2025-12-29 12:00:00,1484.62,33.0,65
2025-12-29 13:00:00,1393.68,31.4,88
2025-12-29 14:00:00,1336.14,31.4,75
2025-12-29 15:00:00,1281.83,31.4,64
2025-12-29 16:00:00,1100.98,29.1,68
2025-12-29 17:00:00,1035.16,29.4,91
2025-12-29 18:00:00,888.19,30.0,93
2025-12-29 19:00:00,865.28,29.5,88
2025-12-29 20:00:00,900.36,28.6,90
2025-12-29 21:00:00,860.54,26.0,62
2025-12-29 22:00:00,896.43,25.4,84
2025-12-29 23:00:00,951.7,24.8,72
2025-12-30 00:00:00,922.26,24.1,78
2025-12-30 01:00:00,963.77,25.0,75
2025-12-30 02:00:00,923.58,22.4,89
2025-12-30 03:00:00,911.02,22.8,94
2025-12-30 04:00:00,930.98,24.2,61
2025-12-30 05:00:00,915.12,23.5,60
2025-12-30 06:00:00,1006.42,23.7,62
2025-12-30 07:00:00,1065.24,25.2,85
2025-12-30 08:00:00,1119.25,27.7,87
2025-12-30 09:00:00,1294.61,29.8,86
2025-12-30 10:00:00,1358.33,30.8,73
2025-12-30 11:00:00,1404.18,32.7,83
2025-12-30 12:00:00,1452.34,31.6,94
2025-12-30 13:00:00,1456.94,32.1,93
2025-12-30 14:00:00,1365.04,31.7,83
2025-12-30 15:00:00,1313.17,31.6,65
2025-12-30 16:00:00,1175.65,34.0,90
2025-12-30 17:00:00,1051.72,31.1,88
2025-12-30 18:00:00,916.72,30.4,88
2025-12-30 19:00:00,897.72,27.7,72
2025-12-30 20:00:00,890.15,28.5,67
2025-12-30 21:00:00,920.25,27.8,74
2025-12-30 22:00:00,938.45,27.3,92
2025-12-30 23:00:00,941.03,25.9,84
2025-12-31 00:00:00,947.45,24.4,75
2025-12-31 01:00:00,960.9,23.9,80
2025-12-31 02:00:00,886.69,23.9,76
2025-12-31 03:00:00,955.82,24.3,93
2025-12-31 04:00:00,816.61,26.1,72
2025-12-31 05:00:00,955.57,26.5,93
2025-12-31 06:00:00,951.69,26.9,74
2025-12-31 07:00:00,1069.15,29.4,81
2025-12-31 08:00:00,1151.01,24.8,63
2025-12-31 09:00:00,1262.17,28.5,82
2025-12-31 10:00:00,1369.2,30.0,72
2025-12-31 11:00:00,1447.02,30.0,67
2025-12-31 12:00:00,1431.79,30.3,60
2025-12-31 13:00:00,1454.93,29.8,76
2025-12-31 14:00:00,1311.86,31.6,76
2025-12-31 15:00:00,1249.91,32.9,67
2025-12-31 16:00:00,1167.58,32.4,62
2025-12-31 17:00:00,1068.94,29.9,88
2025-12-31 18:00:00,969.46,30.3,81
2025-12-31 19:00:00,890.95,30.7,61
2025-12-31 20:00:00,919.73,26.2,61
2025-12-31 21:00:00,873.15,26.8,76
2025-12-31 22:00:00,978.15,26.3,68
2025-12-31 23:00:00,932.84,25.2,92
