timestamp;client_1;client_2;client_3;client_4;client_5;client_6;client_7;client_8;client_9;client_10
2024-01-01 00:00:00;4.494;4.285;5.208;6.101;17.843;17.118;18.803;70.696;70.463;76.768
2024-01-01 00:15:00;4.374;4.312;5.339;5.361;11.928;15.229;19.316;65.195;73.995;82.335
2024-01-01 00:30:00;4.523;4.66;4.935;5.954;14.288;18.524;19.369;72.657;77.406;70.865
2024-01-01 00:45:00;4.689;4.905;4.821;5.657;14.718;18.33;16.089;70.3;66.61;87.53
2024-01-01 01:00:00;4.188;4.001;5.061;5.511;14.852;16.173;19.752;67.332;77.257;78.063
2024-01-01 01:15:00;4.188;4.518;4.946;4.822;16.471;18.275;18.897;65.511;75.212;66.643
2024-01-01 01:30:00;4.533;4.511;5.202;4.75;16.406;17.77;17.358;68.094;69.359;70.351
2024-01-01 01:45:00;4.378;4.952;5.011;5.364;16.552;15.253;17.171;64.997;66.349;82.815
2024-01-01 02:00:00;3.686;4.086;4.63;5.052;16.835;15.902;17.852;69.286;72.604;81.838
2024-01-01 02:15:00;3.878;4.263;4.137;4.626;14.67;18.93;16.27;69.419;66.49;75.1
2024-01-01 02:30:00;3.687;4.207;5.085;4.638;14.295;17.67;21.225;70.282;77.323;75.825
2024-01-01 02:45:00;3.687;3.685;4.531;5.149;16.555;16.342;20.837;77.655;66.156;68.595
2024-01-01 03:00:00;3.196;3.727;4.138;4.524;15.118;15.895;19.141;68.351;74.848;82.268
2024-01-01 03:15:00;2.786;3.6;3.724;4.307;13.801;16.417;18.034;73.923;71.581;69.567
2024-01-01 03:30:00;2.822;3.667;4.033;4.592;17.36;16.524;18.077;70.125;69.085;79.646
2024-01-01 03:45:00;3.043;4.453;3.598;3.986;17.953;15.914;19.643;67.833;71.465;82.436
2024-01-01 04:00:00;2.333;2.446;3.447;3.615;18.18;14.553;21.283;68.416;77.616;75.265
2024-01-01 04:15:00;2.585;3.322;3.229;4.236;16.262;18.933;17.465;68.712;65.8;80.322
2024-01-01 04:30:00;2.352;2.859;3.333;3.746;16.876;18.675;16.567;70.371;69.857;85.162
2024-01-01 04:45:00;2.257;2.991;3.513;3.764;17.918;15.265;20.938;64.299;68.091;76.474
2024-01-01 05:00:00;2.346;2.457;2.535;3.982;15.102;17.407;15.469;61.82;71.799;74.036
2024-01-01 05:15:00;2.025;2.37;2.683;2.834;17.555;15.829;16.746;72.206;68.44;74.632
2024-01-01 05:30:00;2.08;2.336;2.991;3.514;16.386;16.802;17.995;73.401;62.806;70.914
2024-01-01 05:45:00;1.797;2.543;3.434;3.783;17.279;16.676;15.841;72.654;66.513;70.789
2024-01-01 06:00:00;1.797;1.951;2.663;2.999;16.261;16.55;20.224;69.759;80.516;77.433
2024-01-01 06:15:00;1.921;2.473;2.86;3.366;17.815;20.244;19.805;72.759;73.283;74.098
2024-01-01 06:30:00;1.681;2.204;2.671;2.796;16.313;16.531;17.457;72.496;73.104;76.802
2024-01-01 06:45:00;1.971;2.04;3.224;2.887;13.922;15.971;20.499;72.859;70.53;66.805
2024-01-01 07:00:00;1.953;2.364;2.396;3.387;18.033;16.041;20.777;64.788;71.732;74.491
2024-01-01 07:15:00;2.012;2.757;2.893;3.515;14.673;18.787;18.214;63.625;69.765;80.666
2024-01-01 07:30:00;1.953;2.344;2.429;3.615;17.754;14.689;17.661;67.096;74.74;68.846
2024-01-01 07:45:00;2.419;2.55;2.191;3.754;15.874;16.041;22.106;68.915;72.524;75.091
2024-01-01 08:00:00;2.522;2.757;3.405;3.704;27.646;29.399;29.583;67.815;65.909;64.8
2024-01-01 08:15:00;2.324;3.099;3.363;4.095;27.589;27.571;28.82;59.804;73.319;67.82
2024-01-01 08:30:00;2.681;3.083;3.248;3.619;26.602;27.492;30.636;77.436;59.215;79.442
2024-01-01 08:45:00;2.293;3.35;3.296;4.005;26.712;30.441;28.895;67.657;74.152;73.299
2024-01-01 09:00:00;3.19;3.51;4.787;4.414;26.592;27.574;27.571;69.846;64.671;85.021
2024-01-01 09:15:00;2.778;3.704;3.88;4.488;23.181;26.124;28.531;75.098;71.501;77.378
2024-01-01 09:30:00;2.898;3.573;4.088;4.481;26.166;26.771;30.103;57.51;65.788;77.918
2024-01-01 09:45:00;3.187;3.848;3.775;3.853;24.438;25.474;25.133;66.493;72.015;69.079
2024-01-01 10:00:00;3.915;4.01;4.655;4.627;26.24;29.109;27.928;67.103;75.007;72.882
2024-01-01 10:15:00;3.808;4.346;4.511;5.007;24.4;28.073;30.668;67.352;79.815;70.971
2024-01-01 10:30:00;3.753;4.13;4.464;4.452;24.341;28.909;27.561;68.15;63.985;69.14
2024-01-01 10:45:00;3.718;4.16;5.066;5.233;28.247;29.044;30.936;76.091;77.072;78.651
2024-01-01 11:00:00;3.952;4.654;5.35;5.703;27.497;26.57;30.72;72.3;72.682;79.755
2024-01-01 11:15:00;4.096;4.691;5.069;5.534;25.994;25.764;28.293;73.694;69.657;77.194
2024-01-01 11:30:00;4.145;4.606;4.41;5.085;26.259;27.121;27.468;69.231;75.951;70.446
2024-01-01 11:45:00;4.433;4.682;4.935;5.86;25.653;25.873;27.929;62.143;70.773;76.819
2024-01-01 12:00:00;4.465;5.163;5.93;6.232;26.798;27.451;32.77;58.809;75.731;64.48
2024-01-01 12:15:00;4.065;5.027;5.138;5.646;25.054;28.921;31.474;61.506;66.84;82.277
2024-01-01 12:30:00;4.462;5.0;5.498;5.758;27.391;26.944;28.606;70.763;68.708;67.86
2024-01-01 12:45:00;4.327;4.695;5.589;5.663;25.646;27.428;27.403;69.156;76.907;68.837
2024-01-01 13:00:00;4.104;4.428;5.092;5.597;25.412;27.057;28.592;67.97;79.724;75.634
2024-01-01 13:15:00;4.349;4.852;4.805;5.395;26.03;28.42;28.8;67.194;71.818;76.123
2024-01-01 13:30:00;4.428;4.834;4.375;5.422;25.172;26.185;26.361;78.857;57.506;74.6
2024-01-01 13:45:00;4.409;4.971;5.217;5.713;26.46;23.861;28.531;64.968;70.965;68.894
2024-01-01 14:00:00;3.616;4.036;4.355;5.702;25.248;27.916;30.569;73.546;72.169;81.233
2024-01-01 14:15:00;3.716;4.122;4.623;4.541;26.656;28.702;25.449;69.009;70.79;65.727
2024-01-01 14:30:00;3.838;3.798;4.238;4.943;27.702;27.878;29.756;68.701;73.749;66.842
2024-01-01 14:45:00;3.96;4.085;4.503;4.609;24.993;26.227;30.655;74.766;69.52;74.412
2024-01-01 15:00:00;3.059;3.779;3.959;4.844;25.817;25.475;27.481;76.166;76.362;68.047
2024-01-01 15:15:00;3.115;3.443;4.023;4.168;26.646;27.952;31.178;67.826;65.933;81.724
2024-01-01 15:30:00;2.94;3.697;3.649;3.903;25.39;27.415;27.268;72.916;78.432;68.52
2024-01-01 15:45:00;2.923;3.506;4.273;4.548;26.65;27.009;29.123;70.783;80.06;83.564
2024-01-01 16:00:00;2.679;3.0;3.164;4.266;26.778;29.97;27.897;69.036;67.252;80.693
2024-01-01 16:15:00;2.783;2.661;2.873;3.931;27.517;25.761;27.897;70.001;67.249;81.793
2024-01-01 16:30:00;2.511;2.945;3.296;3.788;25.152;29.898;27.388;65.629;74.136;85.379
2024-01-01 16:45:00;2.716;2.237;3.334;3.852;24.68;27.248;29.546;67.5;65.826;75.447
2024-01-01 17:00:00;2.136;2.424;2.911;3.706;25.569;24.41;29.792;66.155;69.438;69.429
2024-01-01 17:15:00;1.945;2.092;3.235;2.996;24.645;26.928;28.294;73.417;77.733;74.433
2024-01-01 17:30:00;2.136;2.745;2.804;3.233;26.79;28.658;26.17;68.534;75.836;71.883
2024-01-01 17:45:00;2.36;2.646;2.835;3.127;24.374;26.645;29.061;62.641;82.297;71.099
2024-01-01 18:00:00;1.893;2.407;2.402;2.738;29.266;24.958;29.092;65.455;72.888;75.83
2024-01-01 18:15:00;2.197;2.65;2.922;2.998;27.814;26.95;28.045;53.324;68.824;73.286
2024-01-01 18:30:00;1.402;2.082;2.75;3.443;26.018;25.897;31.462;66.577;72.266;70.863
2024-01-01 18:45:00;2.056;2.702;2.587;3.276;27.214;27.948;25.835;69.184;71.217;73.65
2024-01-01 19:00:00;2.084;2.682;2.353;3.467;13.708;18.376;14.764;68.333;71.29;78.019
2024-01-01 19:15:00;2.011;2.413;3.257;3.313;19.533;15.594;17.201;78.703;71.876;80.26
2024-01-01 19:30:00;2.085;2.729;2.536;3.43;15.174;16.127;19.565;71.817;67.155;66.184
2024-01-01 19:45:00;1.69;2.213;2.708;3.019;15.831;18.35;16.668;71.599;73.468;73.332
2024-01-01 20:00:00;2.483;2.735;3.422;3.629;13.402;15.895;16.791;60.948;64.675;74.223
2024-01-01 20:15:00;2.593;2.785;3.002;3.785;16.681;15.555;19.96;67.213;68.273;68.496
2024-01-01 20:30:00;2.806;2.803;2.922;3.811;14.451;15.408;19.159;66.615;71.382;74.342
2024-01-01 20:45:00;2.427;2.682;2.752;3.824;16.142;17.735;19.018;65.148;60.25;75.814
2024-01-01 21:00:00;2.996;3.831;4.145;4.307;15.238;17.67;19.682;65.081;75.999;77.854
2024-01-01 21:15:00;3.055;3.49;3.803;4.233;14.491;16.16;17.703;60.14;61.324;75.424
2024-01-01 21:30:00;3.324;3.631;4.74;5.329;14.874;17.208;17.778;62.748;75.482;70.155
2024-01-01 21:45:00;3.212;3.419;3.682;4.631;16.316;19.521;19.728;73.283;65.277;86.066
2024-01-01 22:00:00;3.674;3.756;4.326;5.103;14.206;15.719;16.194;68.3;69.894;79.56
2024-01-01 22:15:00;3.873;4.237;4.422;4.903;14.952;14.233;14.886;66.519;74.699;78.04
2024-01-01 22:30:00;3.793;3.735;4.641;4.835;16.929;17.892;17.689;68.973;83.43;80.527
2024-01-01 22:45:00;3.959;4.159;4.448;4.934;19.643;17.032;19.927;74.72;72.606;76.345
2024-01-01 23:00:00;4.099;4.318;5.198;5.523;16.669;16.121;18.819;69.021;61.69;82.075
2024-01-01 23:15:00;4.17;5.09;4.768;4.85;14.716;18.191;19.806;71.648;76.959;75.313
2024-01-01 23:30:00;4.158;4.842;4.66;4.946;15.486;18.476;15.093;64.852;70.794;75.01
2024-01-01 23:45:00;3.954;4.657;4.547;5.235;16.044;13.843;18.917;65.969;72.364;78.494
2024-01-02 00:00:00;4.456;5.091;4.6;5.664;15.511;16.208;19.472;70.734;74.901;83.67
2024-01-02 00:15:00;4.45;4.605;5.06;5.526;17.264;20.723;16.185;78.274;60.428;83.316
2024-01-02 00:30:00;4.401;4.925;5.119;6.058;16.304;18.087;19.814;76.006;72.034;78.261
2024-01-02 00:45:00;4.355;4.846;5.03;5.14;17.271;18.228;18.217;71.856;69.87;77.841
2024-01-02 01:00:00;3.964;4.693;5.368;5.2;15.56;18.983;23.437;69.742;78.354;78.828
2024-01-02 01:15:00;4.153;4.925;5.364;5.904;17.856;17.226;14.829;75.865;75.781;80.421
2024-01-02 01:30:00;4.167;4.801;4.942;5.473;15.767;18.411;20.645;72.894;63.54;82.143
2024-01-02 01:45:00;4.08;4.699;4.548;5.707;14.64;18.291;17.754;57.761;78.566;73.699
2024-01-02 02:00:00;3.744;3.794;4.422;5.611;19.048;18.019;15.748;63.836;74.338;82.249
2024-01-02 02:15:00;3.852;3.954;4.413;4.76;13.445;16.711;17.536;70.657;63.954;76.886
2024-01-02 02:30:00;4.133;4.147;4.398;4.944;14.966;17.462;18.855;60.244;72.29;78.58
2024-01-02 02:45:00;3.808;4.196;4.387;4.891;15.122;16.306;20.101;64.602;77.381;82.601
2024-01-02 03:00:00;3.199;3.29;3.774;3.744;19.512;17.219;21.224;65.571;65.687;79.109
2024-01-02 03:15:00;3.136;4.105;3.846;4.254;18.53;15.424;20.732;67.745;79.163;80.038
2024-01-02 03:30:00;2.785;3.899;3.778;4.623;18.091;15.998;16.817;67.592;64.134;72.858
2024-01-02 03:45:00;3.145;3.688;4.006;4.518;15.537;16.771;20.253;67.583;67.886;83.241
2024-01-02 04:00:00;2.536;2.942;3.422;3.917;19.397;15.766;19.042;73.044;67.097;78.826
2024-01-02 04:15:00;2.993;2.876;3.079;3.609;16.516;16.432;17.326;67.7;79.16;75.693
2024-01-02 04:30:00;2.488;2.706;3.668;3.522;17.368;16.951;18.052;67.115;69.447;81.056
2024-01-02 04:45:00;2.582;2.943;3.06;4.118;16.252;17.811;17.236;62.389;65.953;89.233
2024-01-02 05:00:00;2.061;2.527;2.431;3.113;15.931;18.643;18.461;74.019;74.315;68.571
2024-01-02 05:15:00;1.845;2.182;2.97;3.359;15.648;16.495;17.203;65.71;75.438;70.579
2024-01-02 05:30:00;2.285;2.544;2.647;3.318;15.707;19.229;16.714;63.674;75.471;89.769
2024-01-02 05:45:00;2.21;2.432;2.954;3.721;16.852;18.627;19.186;70.044;70.589;77.347
2024-01-02 06:00:00;2.05;1.861;2.051;3.401;16.514;17.966;19.431;65.242;73.324;76.05
2024-01-02 06:15:00;1.727;2.102;3.076;2.698;15.956;17.434;18.092;66.423;68.619;74.365
2024-01-02 06:30:00;2.167;2.205;2.882;2.732;18.113;17.685;20.643;70.266;80.709;81.646
2024-01-02 06:45:00;1.634;2.734;2.295;3.279;11.847;19.004;17.973;67.4;77.95;89.362
2024-01-02 07:00:00;2.179;2.595;2.468;3.248;16.714;19.06;17.903;80.327;77.631;71.341
2024-01-02 07:15:00;2.484;2.16;3.319;3.126;17.005;19.229;19.483;68.633;76.129;74.467
2024-01-02 07:30:00;1.879;2.579;2.668;3.582;17.606;17.263;18.183;72.027;74.703;73.071
2024-01-02 07:45:00;1.96;2.112;2.642;3.326;15.909;18.044;18.539;59.486;65.529;79.031
2024-01-02 08:00:00;2.544;3.174;2.713;3.741;26.291;29.242;24.266;64.783;75.293;81.723
2024-01-02 08:15:00;2.429;2.817;3.23;3.967;27.38;26.252;28.427;63.674;72.594;83.915
2024-01-02 08:30:00;2.23;2.903;3.264;3.609;28.088;26.716;25.403;64.324;78.569;79.217
2024-01-02 08:45:00;2.538;3.23;3.518;4.211;25.579;27.224;26.398;71.036;76.199;88.856
2024-01-02 09:00:00;2.948;3.254;3.572;4.106;26.374;28.567;26.21;74.074;74.862;71.839
2024-01-02 09:15:00;3.24;3.229;3.54;4.554;28.35;28.591;26.69;70.689;63.242;70.41
2024-01-02 09:30:00;2.975;3.416;4.072;4.794;23.026;26.849;27.5;67.889;71.537;83.081
2024-01-02 09:45:00;3.444;3.789;4.222;3.923;25.034;24.907;27.602;65.909;69.099;75.676
2024-01-02 10:00:00;3.626;3.826;4.151;4.869;28.052;27.574;29.489;74.457;73.312;67.432
2024-01-02 10:15:00;3.714;3.524;4.867;5.329;27.53;25.804;28.765;79.149;69.839;73.262
2024-01-02 10:30:00;3.93;4.071;4.585;5.334;26.731;24.935;25.282;69.662;70.565;76.406
2024-01-02 10:45:00;3.541;4.302;4.87;4.922;25.372;25.279;28.537;73.603;74.387;71.446
2024-01-02 11:00:00;4.276;4.909;5.014;5.205;24.765;27.696;28.922;70.683;69.753;69.419
2024-01-02 11:15:00;4.481;4.526;4.352;5.729;25.172;29.269;27.861;72.702;72.632;73.858
2024-01-02 11:30:00;3.927;4.538;4.992;5.799;28.167;27.259;28.3;63.294;64.099;69.145
2024-01-02 11:45:00;4.268;4.898;5.319;5.071;25.12;27.521;28.712;66.608;67.672;78.493
2024-01-02 12:00:00;4.449;4.37;4.959;5.227;26.142;28.998;29.654;70.938;75.411;64.309
2024-01-02 12:15:00;4.549;4.711;5.095;5.67;24.945;24.852;25.817;74.941;65.603;75.497
2024-01-02 12:30:00;4.165;4.844;5.152;5.795;27.18;27.991;27.999;64.991;78.478;77.857
2024-01-02 12:45:00;4.149;4.903;4.417;5.507;25.246;27.182;30.874;59.037;77.067;74.502
2024-01-02 13:00:00;4.332;4.515;5.484;5.643;25.863;28.06;30.723;66.559;70.605;81.013
2024-01-02 13:15:00;4.289;4.64;4.789;5.212;23.643;26.465;29.796;73.95;87.593;67.462
2024-01-02 13:30:00;4.28;4.06;5.169;4.777;23.741;25.957;29.28;61.239;78.464;71.144
2024-01-02 13:45:00;4.298;4.481;5.009;5.301;26.011;27.414;31.114;63.233;67.064;73.185
2024-01-02 14:00:00;3.646;4.279;4.915;4.995;24.145;29.707;31.545;69.764;75.88;78.92
2024-01-02 14:15:00;3.819;3.949;4.685;4.889;28.947;28.509;28.188;68.432;72.342;76.202
2024-01-02 14:30:00;3.831;4.189;4.512;4.616;23.114;26.428;26.81;71.913;67.961;86.789
2024-01-02 14:45:00;3.639;4.278;4.334;4.412;24.88;25.162;27.957;62.979;66.436;70.568
2024-01-02 15:00:00;3.504;3.471;4.165;4.191;26.023;24.643;33.479;67.408;77.173;67.328
2024-01-02 15:15:00;3.24;3.589;3.444;4.628;25.489;29.2;25.826;74.856;68.891;84.84
2024-01-02 15:30:00;2.924;3.329;4.124;4.739;24.454;25.748;27.628;63.155;71.47;67.13
2024-01-02 15:45:00;3.275;3.502;3.653;4.718;24.659;26.705;26.083;76.237;67.211;78.757
2024-01-02 16:00:00;2.34;3.065;3.663;3.472;24.613;29.208;28.605;63.77;68.11;69.617
2024-01-02 16:15:00;2.675;2.961;3.369;3.367;25.599;24.747;26.428;73.162;71.34;63.619
2024-01-02 16:30:00;2.745;2.79;3.499;3.879;28.733;29.468;28.222;67.173;74.019;72.939
2024-01-02 16:45:00;2.369;2.977;3.347;3.922;26.109;26.814;25.202;63.39;58.541;79.947
2024-01-02 17:00:00;2.251;2.632;2.394;3.392;27.656;25.454;29.413;66.565;72.088;68.28
2024-01-02 17:15:00;2.146;1.996;2.635;2.643;26.71;26.824;30.405;71.67;68.12;78.169
2024-01-02 17:30:00;2.224;2.734;3.049;2.999;27.559;26.102;27.77;68.966;79.292;79.196
2024-01-02 17:45:00;2.428;2.39;2.912;3.258;22.08;27.87;28.178;74.481;87.302;68.006
2024-01-02 18:00:00;1.853;2.398;3.019;3.251;25.574;26.215;28.132;76.035;70.132;73.747
2024-01-02 18:15:00;1.757;2.575;2.809;3.338;27.83;24.294;28.697;63.203;63.044;83.674
2024-01-02 18:30:00;1.731;1.985;2.439;3.145;25.2;26.865;28.337;62.844;72.608;78.578
2024-01-02 18:45:00;1.745;2.137;2.485;3.203;28.467;25.138;29.66;62.607;70.932;73.562
2024-01-02 19:00:00;2.053;2.401;2.895;3.294;18.077;17.511;20.422;64.594;82.251;77.284
2024-01-02 19:15:00;2.132;2.287;2.243;3.48;15.343;15.396;17.065;74.411;80.666;71.231
2024-01-02 19:30:00;2.12;2.867;3.319;3.364;15.296;16.458;17.893;71.746;76.5;81.125
2024-01-02 19:45:00;2.225;2.27;2.987;3.288;14.581;17.478;19.879;66.329;68.949;81.123
2024-01-02 20:00:00;2.527;2.797;3.656;3.642;15.119;16.877;16.068;68.946;75.524;75.665
2024-01-02 20:15:00;2.801;2.972;2.898;3.75;14.274;17.581;15.168;75.881;73.378;76.269
2024-01-02 20:30:00;2.475;2.649;3.661;3.875;16.6;18.234;18.771;78.349;73.255;69.507
2024-01-02 20:45:00;3.042;2.834;3.928;3.808;13.962;15.44;19.214;70.271;63.897;67.564
2024-01-02 21:00:00;3.269;3.623;3.593;4.468;16.845;17.102;17.215;55.97;77.521;72.929
2024-01-02 21:15:00;2.987;3.473;4.158;4.766;16.879;12.139;17.451;70.457;72.561;74.519
2024-01-02 21:30:00;2.947;3.529;3.95;4.432;13.674;17.576;17.153;73.58;71.476;80.844
2024-01-02 21:45:00;3.242;3.428;3.533;4.149;18.17;16.743;16.978;70.101;68.879;80.073
2024-01-02 22:00:00;3.733;3.827;4.708;5.249;16.719;15.705;19.537;72.56;67.873;76.017
2024-01-02 22:15:00;3.911;4.249;4.8;4.551;17.05;17.68;16.464;70.75;73.65;81.548
2024-01-02 22:30:00;3.865;4.579;4.413;4.64;14.938;18.983;17.965;62.95;62.904;69.811
2024-01-02 22:45:00;3.761;4.179;4.89;5.079;16.871;16.476;16.915;64.657;76.105;80.925
2024-01-02 23:00:00;4.072;4.684;4.583;5.593;17.577;15.764;16.013;67.426;66.519;70.653
2024-01-02 23:15:00;3.945;4.792;4.629;5.047;15.862;17.451;19.827;74.221;61.295;81.818
2024-01-02 23:30:00;4.148;4.341;5.069;5.314;18.803;15.17;17.547;65.247;81.474;74.927
2024-01-02 23:45:00;4.395;5.024;5.039;5.245;16.062;16.196;18.709;71.234;67.538;64.009
2024-01-03 00:00:00;4.441;4.847;5.007;5.449;17.597;19.058;15.927;70.488;68.245;79.016
2024-01-03 00:15:00;4.163;5.175;5.419;5.893;16.41;17.295;17.183;76.772;77.9;79.453
2024-01-03 00:30:00;4.433;4.631;5.343;5.819;16.82;14.343;19.64;68.796;81.643;72.489
2024-01-03 00:45:00;4.473;5.218;5.432;5.594;13.66;14.469;22.643;60.402;64.028;72.958
2024-01-03 01:00:00;4.065;4.811;4.999;5.263;16.519;17.446;15.159;72.17;67.028;74.123
2024-01-03 01:15:00;4.262;4.76;5.195;5.014;14.971;18.511;18.07;79.476;67.41;64.412
2024-01-03 01:30:00;4.244;4.686;4.912;5.873;14.815;14.741;19.076;72.491;76.861;61.994
2024-01-03 01:45:00;4.015;4.575;5.587;5.616;18.442;17.884;17.39;65.14;80.523;82.159
2024-01-03 02:00:00;3.843;4.451;4.356;4.756;15.701;19.222;19.793;63.698;66.383;70.468
2024-01-03 02:15:00;3.882;4.207;5.143;5.198;14.595;20.07;16.979;64.33;79.357;85.204
2024-01-03 02:30:00;3.981;3.723;4.584;4.953;15.497;17.703;18.652;78.816;68.313;82.537
2024-01-03 02:45:00;3.975;3.918;4.204;4.886;14.179;17.97;17.544;67.396;73.748;83.62
2024-01-03 03:00:00;2.888;3.507;4.319;4.485;18.007;13.958;20.4;65.753;65.388;71.423
2024-01-03 03:15:00;2.972;3.621;3.984;4.12;15.026;20.392;17.291;68.224;71.366;66.154
2024-01-03 03:30:00;3.248;3.537;4.18;4.243;16.741;16.325;17.823;67.447;71.422;69.022
2024-01-03 03:45:00;3.248;3.83;4.28;4.388;17.899;15.781;19.951;76.681;70.361;72.544
2024-01-03 04:00:00;2.623;2.476;3.416;3.57;15.3;16.812;16.714;64.029;74.002;61.947
2024-01-03 04:15:00;3.257;2.958;3.165;3.932;16.745;19.498;18.513;74.785;66.763;72.385
2024-01-03 04:30:00;2.633;2.507;3.588;4.304;14.558;20.556;15.411;69.598;67.405;73.891
2024-01-03 04:45:00;2.741;3.1;3.325;3.491;19.424;17.391;16.616;74.914;74.277;67.881
2024-01-03 05:00:00;2.249;2.446;3.053;2.751;17.311;18.717;19.027;76.755;78.979;69.277
2024-01-03 05:15:00;2.191;2.564;2.286;2.647;15.73;17.266;16.775;69.416;71.881;73.787
2024-01-03 05:30:00;2.008;2.269;2.988;3.221;14.918;15.623;17.507;67.456;74.619;76.96
2024-01-03 05:45:00;2.212;2.762;2.695;3.062;15.84;19.445;19.209;69.324;75.942;70.1
2024-01-03 06:00:00;1.753;2.54;3.146;3.164;15.524;16.254;17.45;68.536;76.319;76.607
2024-01-03 06:15:00;1.855;2.434;2.868;3.141;18.734;19.534;19.749;60.881;67.042;75.753
2024-01-03 06:30:00;1.808;2.27;2.765;2.603;14.284;19.174;18.754;76.607;67.96;75.258
2024-01-03 06:45:00;1.916;2.433;2.831;2.537;16.189;18.133;19.115;70.204;68.412;71.414
2024-01-03 07:00:00;2.507;2.305;2.598;3.359;15.974;19.98;20.435;63.301;82.029;67.666
2024-01-03 07:15:00;1.713;2.664;3.306;3.309;15.836;20.593;18.925;58.869;74.643;84.33
2024-01-03 07:30:00;2.198;2.847;3.405;3.135;15.848;16.934;20.924;57.595;74.409;78.467
2024-01-03 07:45:00;1.761;2.714;2.974;2.754;15.838;15.971;19.894;72.775;73.904;80.532
2024-01-03 08:00:00;2.435;2.757;3.754;3.871;27.222;24.366;27.542;65.967;65.132;74.54
2024-01-03 08:15:00;2.732;3.008;3.171;4.119;26.853;30.612;30.521;66.771;82.079;74.098
2024-01-03 08:30:00;2.537;2.628;3.11;3.811;26.586;26.532;28.833;71.392;74.492;77.699
2024-01-03 08:45:00;2.32;3.057;3.336;3.462;21.752;28.925;27.753;66.471;75.76;64.909
2024-01-03 09:00:00;3.014;3.654;4.067;4.364;26.42;26.073;28.857;71.678;62.819;68.869
2024-01-03 09:15:00;3.279;3.12;3.844;3.927;23.682;29.538;30.224;69.467;76.054;70.612
2024-01-03 09:30:00;3.011;3.283;4.095;4.678;26.905;26.136;29.146;68.588;70.148;72.5
2024-01-03 09:45:00;3.191;3.485;4.033;4.375;28.064;25.389;31.389;61.294;65.122;70.162
2024-01-03 10:00:00;3.784;4.106;4.305;4.427;24.703;26.883;30.182;64.983;67.04;76.83
2024-01-03 10:15:00;3.651;3.897;4.715;4.882;25.634;26.392;29.258;71.952;65.423;75.448
2024-01-03 10:30:00;4.182;4.264;4.808;5.119;25.161;28.106;26.717;65.658;65.335;82.661
2024-01-03 10:45:00;3.895;4.233;4.621;4.872;27.73;27.122;28.105;74.906;72.315;88.606
2024-01-03 11:00:00;3.848;4.588;5.344;5.347;26.133;28.154;28.518;80.497;69.989;68.054
2024-01-03 11:15:00;4.268;4.459;4.704;5.053;28.42;26.758;29.542;72.216;73.737;75.81
2024-01-03 11:30:00;4.107;4.874;5.159;5.608;26.579;26.189;29.445;76.315;80.715;75.8
2024-01-03 11:45:00;4.394;5.013;4.717;5.232;26.339;26.313;28.678;72.532;71.327;74.922
2024-01-03 12:00:00;4.249;4.689;4.899;4.932;26.095;30.308;28.597;66.382;60.327;69.033
2024-01-03 12:15:00;4.378;4.659;5.03;5.485;27.145;27.542;29.582;69.981;70.742;69.955
2024-01-03 12:30:00;4.496;4.913;4.946;5.904;23.567;24.185;26.992;78.865;78.206;76.322
2024-01-03 12:45:00;4.564;4.718;5.052;5.48;26.119;26.409;31.181;66.435;71.553;69.801
2024-01-03 13:00:00;4.004;4.6;4.975;5.971;25.902;27.347;25.043;63.907;79.953;75.876
2024-01-03 13:15:00;4.169;4.803;5.259;5.566;27.016;30.005;30.787;63.442;74.355;73.647
2024-01-03 13:30:00;4.142;4.193;4.946;5.538;25.737;28.764;28.326;67.934;62.441;75.779
2024-01-03 13:45:00;4.108;4.936;4.604;5.393;24.546;25.799;30.044;64.083;72.57;69.757
2024-01-03 14:00:00;4.11;4.192;4.883;4.954;26.01;30.876;28.997;77.203;73.544;75.866
2024-01-03 14:15:00;3.852;4.08;4.349;4.893;24.484;27.153;28.967;70.06;77.618;70.155
2024-01-03 14:30:00;3.535;4.154;4.559;4.881;23.305;29.094;29.309;73.761;81.462;75.884
2024-01-03 14:45:00;3.949;4.166;4.696;5.14;27.018;25.444;29.727;67.537;76.72;82.367
2024-01-03 15:00:00;3.553;3.152;4.004;4.06;26.811;23.555;27.861;63.413;74.29;76.435
2024-01-03 15:15:00;3.346;3.894;4.245;4.016;26.654;25.059;30.097;62.584;75.516;76.77
2024-01-03 15:30:00;2.861;3.56;4.079;4.002;27.824;22.259;26.621;64.551;71.126;79.495
2024-01-03 15:45:00;3.058;3.652;3.717;4.984;25.069;30.41;28.391;70.703;64.393;67.28
2024-01-03 16:00:00;2.766;3.144;3.913;3.889;23.996;27.526;29.771;71.547;72.216;84.454
2024-01-03 16:15:00;2.391;2.69;3.377;3.819;25.902;25.795;30.032;71.956;73.9;69.194
2024-01-03 16:30:00;2.609;3.034;3.285;3.397;25.513;27.888;29.156;61.706;65.741;79.838
2024-01-03 16:45:00;2.672;2.863;3.585;3.918;24.821;27.488;27.755;68.998;78.898;79.108
2024-01-03 17:00:00;1.891;2.662;2.935;3.231;25.888;28.144;29.871;63.972;77.228;70.038
2024-01-03 17:15:00;2.056;1.978;2.975;3.334;25.144;29.038;27.302;70.967;64.867;80.549
2024-01-03 17:30:00;1.452;2.445;3.54;2.965;23.43;26.759;31.272;71.347;79.102;77.738
2024-01-03 17:45:00;1.873;2.329;2.793;3.317;25.382;25.863;28.261;63.256;70.397;85.395
2024-01-03 18:00:00;1.852;2.399;2.614;2.969;24.409;28.458;25.875;73.743;67.952;76.064
2024-01-03 18:15:00;1.663;2.408;2.731;2.863;26.324;28.42;26.441;80.46;77.612;74.403
2024-01-03 18:30:00;2.21;2.137;2.989;3.328;25.082;27.353;28.472;73.091;71.735;72.169
2024-01-03 18:45:00;1.628;2.136;2.293;2.623;27.556;30.51;28.629;68.202;81.876;65.412
2024-01-03 19:00:00;1.984;2.442;2.337;3.443;18.245;16.535;21.63;67.449;67.565;73.25
2024-01-03 19:15:00;2.092;2.261;2.709;3.48;16.951;15.832;16.697;67.976;62.995;73.483
2024-01-03 19:30:00;2.341;2.661;2.426;2.995;13.829;17.835;18.465;65.272;70.542;76.441
2024-01-03 19:45:00;1.795;2.383;2.753;3.013;18.107;16.174;16.663;70.237;76.104;67.173
2024-01-03 20:00:00;2.746;2.256;3.461;3.656;18.206;17.953;17.592;63.422;67.179;73.685
2024-01-03 20:15:00;2.527;2.839;3.084;3.812;16.026;15.934;21.162;59.74;65.083;78.169
2024-01-03 20:30:00;2.339;2.686;2.94;3.678;17.852;16.592;16.536;70.076;73.19;78.715
2024-01-03 20:45:00;2.613;2.55;3.344;3.859;15.228;20.074;19.363;69.104;64.389;64.771
2024-01-03 21:00:00;3.188;3.265;4.183;4.897;13.387;16.584;19.044;66.201;73.595;78.885
2024-01-03 21:15:00;3.036;3.575;3.492;4.193;14.936;15.986;18.36;62.715;70.229;73.644
2024-01-03 21:30:00;3.163;3.856;4.171;3.818;18.421;18.979;19.252;70.42;74.571;73.982
2024-01-03 21:45:00;3.077;3.622;4.171;4.606;13.912;15.602;16.498;64.148;64.804;61.995
2024-01-03 22:00:00;3.797;4.036;4.833;5.497;15.999;16.147;21.116;68.319;78.75;83.215
2024-01-03 22:15:00;3.901;4.28;4.904;5.097;16.048;18.076;21.557;77.648;71.048;75.972
2024-01-03 22:30:00;4.076;4.069;5.17;4.638;15.282;18.626;18.477;72.191;75.97;66.577
2024-01-03 22:45:00;3.54;4.015;4.479;4.937;15.379;19.055;22.374;62.291;76.991;77.064
2024-01-03 23:00:00;4.638;4.367;5.062;5.086;16.101;16.064;17.746;62.753;65.981;76.895
2024-01-03 23:15:00;3.862;4.23;4.92;5.632;15.213;18.106;19.057;69.744;76.588;81.724
2024-01-03 23:30:00;4.204;4.543;5.033;5.014;14.009;16.492;20.748;62.261;64.59;73.297
2024-01-03 23:45:00;4.344;4.669;5.446;5.339;16.301;16.279;17.647;59.192;64.875;75.066
2024-01-04 00:00:00;4.453;4.778;4.837;5.289;17.503;19.029;16.134;71.609;82.213;71.465
2024-01-04 00:15:00;4.282;4.704;4.968;5.639;17.217;16.365;15.757;70.573;77.782;78.289
2024-01-04 00:30:00;4.36;4.582;5.572;5.486;14.866;17.623;21.78;71.208;82.783;70.691
2024-01-04 00:45:00;4.306;4.94;5.475;5.655;14.248;17.436;17.532;70.289;70.075;70.089
2024-01-04 01:00:00;4.121;4.33;4.934;5.439;15.602;15.572;18.095;68.68;72.533;74.627
2024-01-04 01:15:00;4.394;4.811;5.263;5.127;18.195;18.668;16.575;65.755;74.742;68.258
2024-01-04 01:30:00;4.3;4.402;5.125;5.627;16.904;18.052;19.955;71.529;71.937;83.812
2024-01-04 01:45:00;4.101;4.459;5.438;5.417;16.986;14.181;17.118;76.496;68.12;85.6
2024-01-04 02:00:00;3.946;3.838;4.595;4.669;17.246;17.622;17.594;66.544;67.34;72.505
2024-01-04 02:15:00;3.833;4.06;4.852;5.67;16.589;16.025;18.891;63.998;73.112;67.374
2024-01-04 02:30:00;3.929;4.399;5.288;5.123;16.169;18.868;16.655;63.438;66.452;76.851
2024-01-04 02:45:00;3.895;4.294;4.736;4.927;16.927;15.003;18.107;64.753;66.307;72.348
2024-01-04 03:00:00;2.992;3.775;3.963;4.789;15.235;16.658;20.7;69.993;74.047;81.461
2024-01-04 03:15:00;3.044;3.67;4.145;4.921;14.02;17.75;19.102;58.516;71.505;70.671
2024-01-04 03:30:00;3.292;3.296;3.851;4.305;17.012;17.283;18.614;71.152;76.873;77.995
2024-01-04 03:45:00;3.266;3.474;4.595;4.458;17.733;18.36;18.752;72.155;69.79;75.627
2024-01-04 04:00:00;2.521;2.746;3.374;3.419;14.434;14.892;17.762;60.189;68.977;71.281
2024-01-04 04:15:00;2.547;3.231;3.251;3.679;17.151;19.711;21.674;64.202;74.202;76.32
2024-01-04 04:30:00;2.768;2.65;3.099;3.663;18.353;17.998;17.068;69.39;67.777;79.832
2024-01-04 04:45:00;2.413;3.131;3.621;3.782;15.997;19.267;18.746;68.297;68.578;75.478
2024-01-04 05:00:00;2.171;2.673;3.102;3.371;14.855;18.529;18.589;71.546;68.784;75.535
2024-01-04 05:15:00;2.029;2.888;2.733;3.441;16.172;17.182;20.054;68.308;70.91;70.2
2024-01-04 05:30:00;2.026;2.373;3.023;3.341;15.229;15.248;20.209;75.197;81.217;81.293
2024-01-04 05:45:00;2.276;2.631;2.46;2.892;15.137;16.343;18.347;67.426;64.841;80.745
2024-01-04 06:00:00;2.057;2.825;2.75;2.809;16.606;19.616;18.877;64.183;78.737;72.742
2024-01-04 06:15:00;2.055;2.158;2.822;2.931;13.755;19.306;18.939;63.789;75.836;74.316
2024-01-04 06:30:00;2.148;1.947;3.161;3.013;13.978;16.258;14.674;72.604;80.148;82.778
2024-01-04 06:45:00;1.904;1.868;2.492;3.426;16.027;12.916;15.794;69.145;88.311;68.765
2024-01-04 07:00:00;2.197;2.631;2.522;2.907;15.969;16.877;17.408;72.105;79.444;78.324
2024-01-04 07:15:00;2.009;2.034;2.626;3.157;16.481;16.763;17.479;72.004;76.813;71.928
2024-01-04 07:30:00;2.129;2.382;2.507;3.563;18.625;16.82;16.433;59.103;65.175;84.779
2024-01-04 07:45:00;2.043;2.568;3.228;3.175;16.146;18.003;19.629;63.414;65.832;75.349
2024-01-04 08:00:00;2.543;2.968;3.743;3.868;26.837;28.532;28.403;63.999;73.873;81.932
2024-01-04 08:15:00;2.638;3.023;3.411;3.682;24.634;28.705;28.048;65.001;63.17;70.813
2024-01-04 08:30:00;2.37;2.976;3.655;3.805;27.075;27.877;26.34;66.94;75.2;68.133
2024-01-04 08:45:00;2.923;3.219;3.361;3.654;25.263;24.463;28.327;73.896;60.898;73.712
2024-01-04 09:00:00;2.959;3.331;3.924;4.557;26.1;26.681;24.092;74.873;77.992;76.445
2024-01-04 09:15:00;2.919;3.394;3.86;3.871;25.848;30.702;28.133;67.565;70.327;72.191
2024-01-04 09:30:00;3.37;3.372;3.866;4.237;27.446;27.769;28.504;67.769;72.658;79.171
2024-01-04 09:45:00;3.3;3.741;3.532;4.442;24.166;27.759;28.797;65.543;68.108;73.845
2024-01-04 10:00:00;3.894;4.382;4.646;5.14;22.803;27.746;25.835;69.437;62.128;63.552
2024-01-04 10:15:00;3.894;4.279;4.564;5.438;25.701;27.831;28.769;69.992;78.42;78.04
2024-01-04 10:30:00;3.773;4.447;4.776;4.854;26.656;23.578;26.692;72.952;78.946;70.146
2024-01-04 10:45:00;3.605;3.904;4.6;5.434;26.213;26.836;27.068;72.912;70.172;73.011
2024-01-04 11:00:00;4.247;5.016;4.989;5.228;27.725;27.142;29.577;57.72;75.442;83.542
2024-01-04 11:15:00;4.104;4.983;4.797;5.844;26.612;29.148;31.703;68.253;69.967;84.75
2024-01-04 11:30:00;4.418;4.802;5.052;5.686;25.211;27.272;28.484;75.782;73.5;71.835
2024-01-04 11:45:00;4.205;5.042;5.232;5.149;22.744;24.697;27.06;66.853;75.948;78.178
2024-01-04 12:00:00;4.243;4.419;4.891;5.695;25.668;27.854;28.709;74.582;74.886;71.962
2024-01-04 12:15:00;4.339;4.679;5.224;5.584;27.439;25.978;29.94;67.498;78.973;73.422
2024-01-04 12:30:00;4.478;4.631;5.263;5.794;25.451;25.35;29.418;69.857;74.698;71.668
2024-01-04 12:45:00;4.293;4.966;5.006;5.531;26.04;25.932;32.899;63.429;72.146;65.516
2024-01-04 13:00:00;4.076;4.391;4.874;5.337;26.59;28.025;27.227;63.614;68.041;75.523
2024-01-04 13:15:00;4.279;4.807;5.095;5.857;24.579;29.113;28.814;72.555;69.512;76.585
2024-01-04 13:30:00;4.279;4.948;4.727;5.402;26.873;27.934;30.94;73.321;76.212;71.309
2024-01-04 13:45:00;4.136;4.792;5.127;5.689;28.292;28.161;30.837;69.13;64.191;80.983
2024-01-04 14:00:00;3.686;4.24;4.333;4.905;25.758;27.919;25.202;62.985;77.75;72.602
2024-01-04 14:15:00;3.819;3.948;4.862;5.492;24.419;27.354;28.394;69.215;70.538;71.495
2024-01-04 14:30:00;3.5;3.98;5.206;4.765;25.907;28.259;30.835;75.16;67.743;77.896
2024-01-04 14:45:00;3.508;4.462;4.343;4.785;22.886;23.523;33.141;77.54;66.287;66.515
2024-01-04 15:00:00;3.013;3.729;4.094;4.823;26.472;27.369;29.554;67.448;75.507;79.987
2024-01-04 15:15:00;3.109;3.541;3.754;4.212;26.633;25.612;27.797;60.867;71.924;72.788
2024-01-04 15:30:00;3.209;3.454;4.231;4.846;28.346;28.968;26.745;73.118;80.262;80.441
2024-01-04 15:45:00;3.43;3.084;3.608;4.626;25.728;26.976;32.039;67.648;65.432;82.085
2024-01-04 16:00:00;2.688;2.679;3.455;3.677;26.572;27.247;29.595;73.621;68.994;78.521
2024-01-04 16:15:00;2.495;3.365;3.089;3.163;24.794;24.912;27.009;70.377;71.52;70.534
2024-01-04 16:30:00;2.521;2.63;3.269;3.719;25.501;28.746;28.067;64.671;68.09;68.12
2024-01-04 16:45:00;2.335;2.969;3.047;3.757;23.865;28.154;28.909;69.285;72.032;67.113
2024-01-04 17:00:00;2.064;2.699;3.09;3.629;25.727;28.047;29.292;75.411;73.661;81.066
2024-01-04 17:15:00;2.013;2.179;2.641;3.76;25.573;25.964;26.925;68.269;74.519;74.259
2024-01-04 17:30:00;2.129;2.51;3.016;3.055;26.419;26.024;27.393;63.929;79.832;71.704
2024-01-04 17:45:00;1.91;2.683;2.775;3.516;25.127;27.54;25.689;61.216;65.222;74.274
2024-01-04 18:00:00;1.999;2.303;2.669;3.337;26.117;26.144;30.105;65.216;73.756;80.943
2024-01-04 18:15:00;2.191;2.96;2.74;3.433;25.533;27.861;27.84;66.99;68.636;79.283
2024-01-04 18:30:00;1.879;1.916;2.494;3.255;25.536;23.915;29.165;73.018;74.236;77.412
2024-01-04 18:45:00;1.976;2.544;2.757;2.498;26.113;26.459;30.733;63.508;74.243;78.508
2024-01-04 19:00:00;2.199;2.428;3.281;3.219;16.057;19.931;18.761;76.613;66.868;75.991
2024-01-04 19:15:00;1.991;2.645;2.657;2.909;17.066;17.868;18.215;62.448;67.314;76.662
2024-01-04 19:30:00;2.11;2.569;3.184;3.205;15.831;17.454;18.718;80.424;74.661;76.216
2024-01-04 19:45:00;2.07;2.299;3.272;3.571;15.51;20.218;18.504;77.455;72.122;75.0
2024-01-04 20:00:00;2.544;2.978;3.105;3.82;15.747;13.649;20.444;69.692;70.858;79.144
2024-01-04 20:15:00;2.378;2.498;2.932;4.081;14.999;15.961;18.91;60.926;75.422;76.987
2024-01-04 20:30:00;2.53;3.064;3.407;3.831;15.496;16.59;17.507;68.728;75.805;70.156
2024-01-04 20:45:00;2.62;2.994;3.177;3.323;18.844;18.505;20.118;67.104;69.246;77.909
2024-01-04 21:00:00;3.426;3.697;4.455;3.569;14.722;18.531;20.418;62.756;67.569;76.36
2024-01-04 21:15:00;3.332;3.793;3.959;4.396;15.61;15.884;16.205;70.426;65.438;78.363
2024-01-04 21:30:00;3.559;3.635;3.733;4.284;15.458;18.717;20.914;64.964;72.174;74.427
2024-01-04 21:45:00;3.004;3.584;3.64;4.047;15.654;16.587;18.998;65.497;64.6;79.465
2024-01-04 22:00:00;3.941;3.972;4.869;4.448;15.536;19.042;18.865;68.002;72.517;74.662
2024-01-04 22:15:00;3.81;4.011;4.421;4.747;16.391;15.63;20.051;66.183;78.328;78.981
2024-01-04 22:30:00;4.191;4.448;4.587;4.915;13.606;17.013;17.47;79.183;70.162;72.489
2024-01-04 22:45:00;3.621;4.505;4.833;5.181;17.452;16.455;19.965;66.375;69.212;72.87
2024-01-04 23:00:00;4.073;4.578;4.902;5.491;16.886;18.805;17.782;71.16;82.389;78.311
2024-01-04 23:15:00;4.119;4.643;5.02;5.931;14.26;16.405;15.981;69.713;79.85;73.175
2024-01-04 23:30:00;3.829;4.424;5.028;5.111;12.823;17.135;16.764;70.728;68.024;87.132
2024-01-04 23:45:00;4.133;4.902;5.217;5.706;14.632;17.97;19.33;71.103;72.723;78.115
2024-01-05 00:00:00;4.256;4.953;5.36;5.615;15.66;18.029;16.849;73.319;73.709;75.137
2024-01-05 00:15:00;4.429;5.246;5.141;5.815;19.612;18.548;21.041;70.306;73.059;79.509
2024-01-05 00:30:00;4.465;4.598;5.217;5.465;16.761;17.521;20.35;70.102;81.436;72.356
2024-01-05 00:45:00;4.756;4.713;5.1;5.932;13.469;16.564;20.587;69.287;72.454;80.077
2024-01-05 01:00:00;4.413;4.686;4.634;5.524;15.034;16.668;18.605;68.322;73.234;79.924
2024-01-05 01:15:00;4.123;4.781;5.102;5.222;15.926;17.239;18.823;64.532;75.581;81.894
2024-01-05 01:30:00;4.062;4.583;5.543;5.429;16.355;17.579;16.442;68.702;78.188;72.576
2024-01-05 01:45:00;4.326;4.432;4.794;5.358;14.159;16.976;20.033;70.182;76.872;68.275
2024-01-05 02:00:00;3.524;4.378;4.366;5.127;15.811;17.229;19.023;70.971;74.798;71.644
2024-01-05 02:15:00;4.123;4.341;4.34;4.609;14.995;14.894;19.33;69.883;63.895;73.451
2024-01-05 02:30:00;3.999;3.964;4.771;4.966;14.455;18.214;21.169;67.859;69.462;84.17
2024-01-05 02:45:00;3.686;4.487;4.696;5.098;16.363;17.475;17.406;68.72;76.261;87.073
2024-01-05 03:00:00;2.825;3.819;3.907;4.36;17.083;18.723;18.193;66.287;73.302;76.896
2024-01-05 03:15:00;3.407;3.581;3.702;4.768;17.177;17.2;18.936;70.535;76.296;75.052
2024-01-05 03:30:00;3.128;3.568;3.975;4.59;16.804;14.558;16.866;67.916;81.813;73.076
2024-01-05 03:45:00;3.385;3.677;3.528;4.348;15.304;16.655;18.092;69.885;65.88;79.536
2024-01-05 04:00:00;2.222;2.727;3.364;3.792;17.0;16.896;19.208;73.904;77.917;87.037
2024-01-05 04:15:00;2.411;2.932;3.56;3.817;16.433;18.329;17.866;65.524;70.282;84.822
2024-01-05 04:30:00;2.526;2.43;2.987;3.85;16.188;14.053;20.547;71.924;76.864;81.259
2024-01-05 04:45:00;2.534;3.127;2.911;3.159;15.144;17.263;15.922;69.163;71.786;81.178
2024-01-05 05:00:00;1.982;2.108;3.294;3.174;15.304;17.981;20.241;78.904;83.06;79.578
2024-01-05 05:15:00;2.186;2.813;2.702;2.807;16.103;16.195;19.484;67.94;72.676;74.74
2024-01-05 05:30:00;1.865;2.392;3.174;3.664;19.416;17.313;17.467;72.406;68.669;70.949
2024-01-05 05:45:00;2.04;2.419;2.826;3.249;16.422;16.247;16.884;69.075;74.183;74.886
2024-01-05 06:00:00;1.923;2.156;2.656;3.04;15.144;16.091;14.988;62.197;73.685;77.323
2024-01-05 06:15:00;1.998;2.234;2.818;3.378;14.835;16.579;17.096;66.449;77.918;67.005
2024-01-05 06:30:00;2.035;2.626;2.461;3.231;15.312;16.12;20.117;73.314;74.33;74.159
2024-01-05 06:45:00;1.686;1.728;2.736;2.75;19.048;18.239;18.308;66.88;84.87;70.457
2024-01-05 07:00:00;1.776;2.761;2.764;3.245;15.441;16.083;20.307;58.121;71.421;80.576
2024-01-05 07:15:00;2.31;2.545;2.511;3.164;17.27;15.828;17.383;68.846;71.482;71.977
2024-01-05 07:30:00;2.131;2.19;2.959;2.727;15.474;19.887;19.56;63.648;68.86;76.805
2024-01-05 07:45:00;1.925;2.22;2.796;3.053;16.366;18.66;17.223;69.646;72.445;71.15
2024-01-05 08:00:00;2.82;3.311;3.283;3.668;27.108;24.37;26.816;76.601;73.202;83.787
2024-01-05 08:15:00;2.547;2.708;2.998;3.689;25.199;26.038;28.224;72.77;73.462;65.646
2024-01-05 08:30:00;2.749;2.66;3.755;3.266;25.102;27.569;27.309;76.53;72.349;77.617
2024-01-05 08:45:00;2.538;3.187;3.562;4.082;28.322;27.692;25.87;66.249;68.829;67.975
2024-01-05 09:00:00;3.542;3.628;4.21;4.318;27.378;24.934;28.101;68.298;67.415;72.199
2024-01-05 09:15:00;3.484;3.334;3.868;4.362;27.107;28.961;28.575;63.882;70.049;76.134
2024-01-05 09:30:00;3.103;3.6;3.483;4.474;27.102;28.454;30.48;65.648;77.936;76.404
2024-01-05 09:45:00;3.335;3.314;4.477;4.106;26.643;27.932;29.936;64.458;79.055;76.261
2024-01-05 10:00:00;3.898;4.428;4.559;5.116;28.825;29.262;30.401;62.597;71.6;75.835
2024-01-05 10:15:00;4.035;4.419;4.373;4.861;26.061;27.887;29.581;75.693;67.104;71.47
2024-01-05 10:30:00;3.592;4.297;4.688;4.697;26.808;27.882;28.945;58.749;71.578;74.098
2024-01-05 10:45:00;3.905;4.258;4.89;5.153;23.969;29.568;26.385;75.714;82.877;75.174
2024-01-05 11:00:00;4.434;5.038;5.026;5.895;24.845;28.874;28.646;75.106;77.195;76.074
2024-01-05 11:15:00;3.898;4.632;5.378;5.657;24.319;25.921;29.379;71.449;74.864;74.639
2024-01-05 11:30:00;4.008;4.361;5.325;5.719;27.784;28.162;30.79;63.539;77.006;79.013
2024-01-05 11:45:00;3.845;4.736;4.742;5.271;22.426;26.19;29.526;61.247;80.011;75.514
2024-01-05 12:00:00;4.349;5.28;5.018;5.105;25.437;27.966;30.434;66.313;66.005;76.107
2024-01-05 12:15:00;4.536;4.567;5.459;6.062;21.809;27.924;26.708;72.063;69.961;72.895
2024-01-05 12:30:00;4.685;4.717;4.468;6.237;24.836;25.097;27.865;69.015;69.251;69.212
2024-01-05 12:45:00;4.414;4.896;5.16;6.078;25.313;27.015;29.104;63.887;75.053;75.847
2024-01-05 13:00:00;4.542;4.62;4.646;5.328;27.939;27.603;30.304;74.626;72.833;81.641
2024-01-05 13:15:00;3.97;4.407;4.904;5.075;26.555;26.537;28.162;77.253;75.933;77.441
2024-01-05 13:30:00;3.909;4.891;4.952;5.102;24.834;27.678;28.265;67.89;69.364;70.504
2024-01-05 13:45:00;4.222;5.166;4.936;4.911;27.492;28.425;29.527;69.536;79.134;79.481
2024-01-05 14:00:00;3.848;4.22;4.426;4.942;26.025;27.153;26.554;61.607;71.639;73.157
2024-01-05 14:15:00;3.769;3.967;4.279;5.473;26.053;27.541;31.036;66.97;75.612;78.931
2024-01-05 14:30:00;3.382;3.819;5.194;4.931;24.316;29.303;26.958;71.501;78.216;72.972
2024-01-05 14:45:00;3.758;4.234;5.079;5.069;24.614;27.919;25.254;70.739;77.799;76.943
2024-01-05 15:00:00;2.902;3.804;3.636;4.776;24.845;27.505;28.417;66.512;73.876;72.148
2024-01-05 15:15:00;3.277;3.659;4.377;4.225;26.065;25.744;31.185;67.656;76.261;72.288
2024-01-05 15:30:00;3.22;3.549;3.842;4.981;26.109;28.22;29.362;66.809;81.057;66.386
2024-01-05 15:45:00;2.971;3.414;3.985;4.968;28.162;27.702;29.632;67.636;74.671;77.816
2024-01-05 16:00:00;2.427;2.674;3.308;3.684;26.539;29.151;28.468;71.074;68.206;77.036
2024-01-05 16:15:00;2.324;3.117;3.147;3.546;22.209;27.271;28.15;59.359;75.032;77.345
2024-01-05 16:30:00;2.513;3.135;3.591;3.941;26.368;24.439;25.866;68.636;71.806;76.514
2024-01-05 16:45:00;2.706;2.569;3.359;3.617;23.97;24.616;24.695;70.715;59.79;70.808
2024-01-05 17:00:00;1.88;2.833;2.739;2.909;24.648;28.318;28.722;66.205;74.402;80.312
2024-01-05 17:15:00;2.163;2.6;2.515;3.665;24.863;26.333;30.553;66.651;72.607;80.46
2024-01-05 17:30:00;1.967;2.789;2.626;3.645;25.071;27.864;28.964;66.793;78.013;70.665
2024-01-05 17:45:00;1.917;2.159;2.424;3.316;24.075;27.374;29.423;66.653;68.1;77.927
2024-01-05 18:00:00;1.88;1.986;2.703;2.709;26.285;26.946;30.997;69.029;64.17;79.812
2024-01-05 18:15:00;1.703;2.266;2.377;2.719;24.025;27.054;28.939;69.632;72.877;72.414
2024-01-05 18:30:00;1.795;2.416;2.628;3.133;26.499;25.885;28.199;58.707;73.977;73.372
2024-01-05 18:45:00;1.672;2.713;3.07;2.945;29.132;27.176;27.058;72.199;72.488;77.938
2024-01-05 19:00:00;2.441;2.63;3.191;3.162;14.139;16.312;21.716;67.579;72.108;66.693
2024-01-05 19:15:00;2.074;2.412;2.859;3.584;15.602;16.634;19.264;78.472;66.443;69.013
2024-01-05 19:30:00;1.935;2.231;2.844;3.495;12.467;16.708;16.852;63.161;71.278;69.556
2024-01-05 19:45:00;2.108;2.75;3.375;3.695;15.579;16.855;16.479;64.75;70.188;65.12
2024-01-05 20:00:00;2.504;2.703;3.466;3.418;16.9;18.602;20.455;68.006;77.578;80.967
2024-01-05 20:15:00;2.483;3.3;3.236;3.619;17.009;17.003;16.699;71.025;73.972;64.065
2024-01-05 20:30:00;2.642;2.86;2.94;3.96;16.108;18.756;21.44;59.441;70.554;76.887
2024-01-05 20:45:00;2.669;3.291;3.431;3.864;17.245;19.538;13.879;64.937;80.964;79.464
2024-01-05 21:00:00;3.049;3.706;4.174;4.825;19.564;18.5;20.733;71.897;70.602;73.385
2024-01-05 21:15:00;3.041;3.518;3.779;4.48;18.397;18.012;19.199;64.354;74.9;71.324
2024-01-05 21:30:00;3.098;3.431;4.029;4.923;15.268;17.697;18.594;75.713;71.132;76.281
2024-01-05 21:45:00;2.713;3.472;3.852;4.517;13.968;18.515;18.112;66.776;80.482;75.01
2024-01-05 22:00:00;3.487;4.274;4.525;5.304;15.431;17.336;21.501;64.593;72.452;80.519
2024-01-05 22:15:00;4.035;4.193;3.903;4.875;14.674;18.697;19.56;71.99;72.605;60.543
2024-01-05 22:30:00;4.088;4.038;4.515;4.979;16.632;18.133;16.919;76.877;71.273;69.947
2024-01-05 22:45:00;3.728;4.137;4.837;5.257;14.346;16.653;15.581;71.04;73.022;78.089
2024-01-05 23:00:00;4.342;4.651;4.862;5.933;15.898;18.562;18.691;75.176;78.238;75.277
2024-01-05 23:15:00;4.292;4.143;5.047;5.659;17.173;17.339;18.398;77.216;76.398;79.136
2024-01-05 23:30:00;4.818;4.738;4.828;5.407;15.859;17.039;15.907;64.483;72.146;76.441
2024-01-05 23:45:00;4.445;4.407;5.13;5.86;14.675;16.476;18.309;73.598;80.847;74.259
2024-01-06 00:00:00;4.376;4.535;5.142;4.92;17.645;17.452;17.459;49.535;64.54;61.337
2024-01-06 00:15:00;4.218;4.412;4.946;5.159;13.369;18.715;18.415;59.082;57.721;75.788
2024-01-06 00:30:00;4.095;4.387;5.56;5.811;15.541;18.551;19.591;56.651;52.822;71.442
2024-01-06 00:45:00;4.439;4.488;5.451;5.604;15.942;17.737;20.848;63.09;57.842;65.725
2024-01-06 01:00:00;4.089;4.469;4.869;5.62;16.022;18.111;19.891;62.744;62.149;63.432
2024-01-06 01:15:00;3.962;5.082;5.167;5.452;16.253;19.133;17.217;59.792;63.105;65.96
2024-01-06 01:30:00;4.11;4.512;5.178;5.61;16.855;16.972;19.005;58.462;67.068;67.548
2024-01-06 01:45:00;4.027;4.673;5.206;5.18;15.95;15.505;18.503;59.491;54.308;65.304
2024-01-06 02:00:00;4.096;4.267;4.118;5.152;15.485;19.178;16.215;57.303;57.716;58.867
2024-01-06 02:15:00;3.943;4.205;4.847;5.283;15.429;16.395;19.053;56.7;53.876;72.815
2024-01-06 02:30:00;3.773;4.157;4.421;5.353;15.144;16.151;21.445;64.069;53.038;64.354
2024-01-06 02:45:00;4.056;3.9;4.478;5.599;17.103;14.47;18.453;64.658;56.735;74.077
2024-01-06 03:00:00;3.165;3.884;4.662;4.426;15.095;18.068;15.786;56.306;61.906;64.029
2024-01-06 03:15:00;2.986;3.966;4.032;4.435;17.185;14.735;18.45;58.164;64.011;61.649
2024-01-06 03:30:00;3.439;3.163;3.846;3.878;16.027;16.06;16.41;57.4;55.069;70.613
2024-01-06 03:45:00;3.252;3.314;3.355;4.185;15.27;18.094;19.816;49.103;55.792;64.657
2024-01-06 04:00:00;2.328;2.861;3.7;3.665;16.866;18.297;19.261;55.351;50.745;63.734
2024-01-06 04:15:00;2.489;2.703;2.962;4.051;14.982;16.209;18.12;64.839;61.115;56.398
2024-01-06 04:30:00;2.359;3.041;3.054;3.536;16.893;16.996;17.857;53.326;56.193;66.631
2024-01-06 04:45:00;2.262;2.757;3.236;3.972;16.298;15.874;18.052;67.361;68.648;60.287
2024-01-06 05:00:00;2.243;2.965;3.25;3.267;15.165;16.366;18.414;62.743;62.131;60.537
2024-01-06 05:15:00;2.43;2.741;3.076;3.213;16.74;17.605;17.134;58.967;59.108;60.302
2024-01-06 05:30:00;1.802;2.516;2.825;3.345;16.765;16.437;16.124;59.748;56.666;65.415
2024-01-06 05:45:00;2.174;2.704;2.951;3.146;17.621;16.829;20.267;52.506;52.228;54.555
2024-01-06 06:00:00;1.776;2.554;2.538;2.967;17.353;14.974;17.768;55.7;52.887;61.84
2024-01-06 06:15:00;1.807;2.17;2.738;2.572;16.688;18.922;18.674;64.063;56.765;68.392
2024-01-06 06:30:00;1.787;2.112;2.72;3.023;14.421;17.975;18.868;53.989;56.366;56.149
2024-01-06 06:45:00;1.736;2.318;2.962;2.951;19.428;18.405;18.928;62.2;54.804;63.951
2024-01-06 07:00:00;2.077;2.666;3.129;3.108;14.035;19.161;16.475;50.253;61.961;59.527
2024-01-06 07:15:00;1.91;2.499;3.001;3.397;17.329;15.946;15.652;51.129;62.674;60.78
2024-01-06 07:30:00;2.119;2.105;2.77;3.472;16.604;16.655;17.435;66.317;57.615;72.103
2024-01-06 07:45:00;2.058;2.283;3.068;3.339;14.356;14.32;19.049;56.942;70.063;53.922
2024-01-06 08:00:00;2.48;2.908;3.3;4.034;25.826;31.973;27.206;54.361;50.917;67.211
2024-01-06 08:15:00;2.353;2.908;3.033;3.903;25.89;26.973;27.818;63.677;60.302;60.371
2024-01-06 08:30:00;2.415;3.379;3.216;3.634;27.828;28.779;31.889;63.105;58.863;60.098
2024-01-06 08:45:00;2.669;2.606;3.348;3.582;25.001;25.318;25.374;61.512;57.136;56.886
2024-01-06 09:00:00;3.245;3.666;4.196;4.447;25.633;28.715;27.162;54.208;56.372;67.146
2024-01-06 09:15:00;2.964;3.892;3.9;4.528;22.73;30.024;31.51;55.594;59.964;61.947
2024-01-06 09:30:00;3.169;4.072;3.624;4.783;28.429;27.108;28.327;58.527;58.827;61.253
2024-01-06 09:45:00;3.293;3.457;3.965;4.719;24.501;25.663;27.242;60.403;57.962;63.604
2024-01-06 10:00:00;3.458;4.288;4.606;4.807;26.458;26.989;30.317;54.508;53.247;62.063
2024-01-06 10:15:00;3.878;4.306;4.625;4.943;25.858;23.815;28.491;57.837;51.586;51.996
2024-01-06 10:30:00;3.649;4.22;4.823;5.183;25.863;27.142;27.829;58.31;58.5;60.3
2024-01-06 10:45:00;3.883;4.152;4.85;5.306;27.134;28.448;28.715;63.305;57.909;67.925
2024-01-06 11:00:00;4.088;4.733;4.872;5.724;28.34;27.146;27.321;60.697;58.975;54.714
2024-01-06 11:15:00;3.89;4.05;4.866;5.413;26.352;26.768;26.731;49.617;59.435;57.005
2024-01-06 11:30:00;3.923;4.789;4.752;5.044;26.917;28.002;28.214;55.953;57.283;60.653
2024-01-06 11:45:00;4.242;4.662;5.221;5.123;26.46;28.118;26.742;52.449;58.895;59.009
2024-01-06 12:00:00;4.449;4.749;5.591;5.685;27.425;24.677;28.418;59.784;55.562;62.847
2024-01-06 12:15:00;4.228;5.271;5.115;5.706;25.352;27.335;28.981;61.523;67.925;56.988
2024-01-06 12:30:00;4.521;4.645;5.135;5.259;27.506;30.903;29.799;57.498;55.841;60.867
2024-01-06 12:45:00;4.084;4.707;5.596;5.614;27.555;25.171;30.25;55.686;58.071;62.736
2024-01-06 13:00:00;4.22;5.091;5.169;5.628;27.516;27.07;27.735;57.339;56.236;66.569
2024-01-06 13:15:00;4.002;4.441;5.15;5.076;25.076;30.151;29.219;58.024;56.149;69.846
2024-01-06 13:30:00;4.109;4.506;4.711;5.775;25.764;28.878;29.208;53.864;60.128;61.561
2024-01-06 13:45:00;4.242;4.599;5.216;5.315;26.335;26.42;28.938;51.028;59.468;73.384
2024-01-06 14:00:00;3.612;4.368;4.324;5.365;24.081;27.513;27.614;46.954;57.611;61.989
2024-01-06 14:15:00;3.702;4.223;4.269;4.81;28.233;27.197;26.714;63.209;58.526;67.559
2024-01-06 14:30:00;3.966;3.878;4.481;4.657;25.983;26.063;29.223;59.432;56.257;73.623
2024-01-06 14:45:00;3.665;4.053;4.417;4.833;26.397;27.087;25.601;58.776;62.089;63.766
2024-01-06 15:00:00;3.309;3.41;3.89;4.321;25.192;26.774;27.961;63.199;70.687;55.446
2024-01-06 15:15:00;2.935;3.532;3.561;4.23;24.142;27.371;24.212;50.848;55.451;63.5
2024-01-06 15:30:00;3.251;3.648;4.209;4.283;25.154;26.062;26.208;48.495;62.049;59.636
2024-01-06 15:45:00;3.424;3.646;4.254;4.454;26.307;25.26;26.962;58.883;60.234;61.491
2024-01-06 16:00:00;2.055;2.517;2.799;3.672;26.943;27.137;30.199;58.437;63.477;73.917
2024-01-06 16:15:00;2.374;3.17;3.589;3.705;26.227;29.807;29.528;48.517;63.623;56.275
2024-01-06 16:30:00;2.635;2.983;3.106;3.195;26.485;27.325;27.492;58.762;61.068;64.653
2024-01-06 16:45:00;2.486;3.243;3.556;3.846;25.528;26.696;29.596;55.039;59.793;58.173
2024-01-06 17:00:00;2.138;2.57;2.849;3.24;26.695;28.346;29.856;53.045;57.741;61.308
2024-01-06 17:15:00;1.953;2.721;2.875;3.767;28.076;26.959;28.137;55.366;56.022;67.097
2024-01-06 17:30:00;2.084;2.575;2.817;2.976;26.987;30.039;26.13;45.037;59.496;64.75
2024-01-06 17:45:00;2.038;2.777;3.195;2.707;27.133;27.194;28.059;54.102;53.32;61.762
2024-01-06 18:00:00;2.122;2.42;2.365;3.292;26.412;28.265;28.239;53.549;56.912;59.426
2024-01-06 18:15:00;1.948;2.277;2.864;3.207;23.896;26.053;26.379;59.73;65.756;64.738
2024-01-06 18:30:00;1.964;2.823;2.997;2.787;24.537;27.965;29.002;56.225;60.512;72.392
2024-01-06 18:45:00;1.822;2.504;2.893;2.626;26.637;27.618;28.859;60.13;64.642;58.043
2024-01-06 19:00:00;1.975;2.599;3.495;3.744;15.985;17.114;19.13;44.507;67.642;73.514
2024-01-06 19:15:00;1.985;2.174;2.725;3.706;16.616;16.437;18.857;52.888;59.079;69.597
2024-01-06 19:30:00;2.142;2.171;3.126;2.496;18.347;16.23;19.597;59.724;61.078;70.531
2024-01-06 19:45:00;1.987;2.535;2.839;3.125;17.016;17.629;18.106;55.487;58.43;64.696
2024-01-06 20:00:00;2.58;2.958;3.658;4.241;17.762;18.156;18.731;61.143;55.774;69.441
2024-01-06 20:15:00;2.919;2.784;3.323;3.577;16.133;17.007;17.748;48.157;55.045;57.451
2024-01-06 20:30:00;2.691;2.957;3.22;3.573;14.87;17.637;17.441;60.582;64.384;59.326
2024-01-06 20:45:00;2.463;3.29;3.678;3.637;15.919;17.142;20.595;53.868;61.085;67.212
2024-01-06 21:00:00;3.378;3.71;3.817;4.003;14.873;17.35;15.048;53.393;69.602;64.627
2024-01-06 21:15:00;3.072;3.288;3.569;3.822;18.182;16.895;19.838;61.856;65.055;62.184
2024-01-06 21:30:00;2.763;3.524;3.81;4.676;17.107;17.227;17.382;62.693;56.198;49.236
2024-01-06 21:45:00;2.958;3.365;4.117;3.779;16.729;21.301;17.17;62.07;64.37;60.605
2024-01-06 22:00:00;3.42;4.086;4.951;5.052;17.73;17.674;18.829;66.989;58.414;56.543
2024-01-06 22:15:00;3.708;4.08;4.605;5.25;13.172;18.181;15.957;63.207;66.328;65.714
2024-01-06 22:30:00;3.778;4.065;4.931;4.525;16.823;17.866;17.062;53.102;57.471;61.949
2024-01-06 22:45:00;4.094;3.886;4.208;4.688;14.165;16.801;17.007;57.694;54.527;59.544
2024-01-06 23:00:00;4.295;4.603;4.913;5.809;15.99;19.167;18.037;55.235;55.862;77.536
2024-01-06 23:15:00;4.191;4.504;4.955;5.598;15.564;16.757;17.081;66.943;56.128;68.71
2024-01-06 23:30:00;4.39;3.959;5.002;5.241;16.926;18.804;21.026;62.414;55.631;68.807
2024-01-06 23:45:00;3.812;5.105;5.055;5.805;16.319;16.692;21.347;56.074;57.022;75.112
2024-01-07 00:00:00;4.445;5.05;5.387;5.974;17.883;15.741;15.084;61.302;64.455;67.412
2024-01-07 00:15:00;4.546;4.713;5.08;5.683;15.157;17.755;19.293;50.962;69.339;58.76
2024-01-07 00:30:00;4.119;4.804;5.238;5.321;16.993;15.521;19.808;58.226;53.083;58.117
2024-01-07 00:45:00;4.617;4.531;5.188;5.472;16.227;18.014;19.29;52.404;66.57;68.307
2024-01-07 01:00:00;4.297;5.023;4.783;5.521;13.711;15.385;17.321;48.726;57.516;51.674
2024-01-07 01:15:00;4.154;5.069;5.002;5.374;14.714;16.715;18.0;60.844;61.809;62.572
2024-01-07 01:30:00;4.353;4.669;4.994;5.724;15.79;15.024;17.173;61.452;51.398;51.059
2024-01-07 01:45:00;4.664;4.868;4.988;4.958;17.557;21.493;17.711;59.24;62.725;63.544
2024-01-07 02:00:00;3.81;4.215;4.584;4.512;16.649;14.686;16.416;56.103;49.572;67.697
2024-01-07 02:15:00;3.822;3.868;4.595;5.031;14.365;17.215;18.212;50.795;61.632;64.537
2024-01-07 02:30:00;3.688;4.08;4.458;4.823;15.804;18.938;15.935;51.309;61.338;68.16
2024-01-07 02:45:00;3.614;4.205;4.919;4.781;18.825;18.775;18.072;52.251;60.993;73.807
2024-01-07 03:00:00;3.308;3.445;3.634;3.802;16.156;18.494;16.352;55.855;56.178;62.211
2024-01-07 03:15:00;2.987;3.5;3.755;4.356;15.542;16.718;18.739;62.273;62.858;78.442
2024-01-07 03:30:00;3.164;3.529;4.701;4.334;16.688;19.254;17.286;62.196;62.034;64.17
2024-01-07 03:45:00;3.059;3.531;3.67;4.553;17.069;18.588;18.877;48.922;58.908;68.22
2024-01-07 04:00:00;2.616;2.937;2.959;3.746;15.361;17.523;20.174;53.603;63.494;59.639
2024-01-07 04:15:00;2.588;2.681;3.523;3.684;16.704;17.566;21.007;53.471;59.503;71.906
2024-01-07 04:30:00;2.722;2.76;2.764;4.09;15.54;16.738;14.254;44.595;62.75;68.729
2024-01-07 04:45:00;2.428;2.63;3.261;3.318;17.007;15.817;17.032;59.774;59.345;71.093
2024-01-07 05:00:00;2.016;2.692;3.447;3.434;16.238;19.08;17.903;55.794;61.127;63.3
2024-01-07 05:15:00;1.882;1.983;2.45;2.749;16.675;19.195;19.155;56.446;62.989;56.095
2024-01-07 05:30:00;1.983;2.733;2.332;3.008;14.937;15.856;15.693;63.595;57.931;65.532
2024-01-07 05:45:00;2.139;2.786;2.463;2.892;14.85;16.966;16.789;57.433;53.584;53.666
2024-01-07 06:00:00;2.044;2.23;2.943;3.342;17.324;16.982;18.614;54.889;61.436;61.151
2024-01-07 06:15:00;1.725;1.701;3.004;3.08;15.889;17.15;18.539;59.803;66.185;64.051
2024-01-07 06:30:00;2.065;2.217;2.562;3.096;16.399;17.298;19.019;62.188;61.556;76.075
2024-01-07 06:45:00;2.158;2.285;2.884;2.757;15.571;18.639;19.128;58.453;61.654;64.752
2024-01-07 07:00:00;2.146;2.235;3.243;3.175;17.258;16.064;18.955;60.377;59.781;63.767
2024-01-07 07:15:00;2.424;2.349;3.35;3.031;15.149;15.914;18.718;56.287;63.843;62.653
2024-01-07 07:30:00;1.92;2.819;2.801;3.386;15.81;19.08;18.491;56.599;59.033;55.619
2024-01-07 07:45:00;1.831;2.62;2.246;2.96;17.1;16.497;19.49;57.554;57.64;63.472
2024-01-07 08:00:00;2.187;2.712;3.103;4.137;27.642;25.28;24.728;53.31;65.748;63.566
2024-01-07 08:15:00;2.809;2.558;3.21;3.206;25.267;26.463;30.933;54.216;57.241;57.673
2024-01-07 08:30:00;2.649;2.85;3.255;3.475;28.744;26.698;24.785;63.752;64.625;56.473
2024-01-07 08:45:00;2.514;2.876;3.274;4.245;26.439;29.564;26.63;66.839;65.751;60.351
2024-01-07 09:00:00;3.203;3.664;4.252;4.215;24.54;28.606;28.028;64.802;62.947;63.357
2024-01-07 09:15:00;2.936;3.427;4.294;3.942;26.517;28.944;29.503;50.516;53.504;60.483
2024-01-07 09:30:00;3.615;3.668;3.904;4.418;25.464;28.446;23.488;50.043;60.141;57.22
2024-01-07 09:45:00;3.175;3.995;4.247;4.203;26.608;28.638;28.354;51.166;58.95;64.591
2024-01-07 10:00:00;3.796;4.363;4.672;4.716;25.94;26.154;29.7;57.658;57.421;65.964
2024-01-07 10:15:00;3.913;4.164;4.592;4.635;26.104;26.898;30.031;43.237;60.742;63.667
2024-01-07 10:30:00;3.866;4.133;4.82;5.833;24.724;25.695;27.256;54.115;64.0;59.904
2024-01-07 10:45:00;3.818;4.093;4.595;4.897;27.386;26.88;27.907;63.895;57.616;66.272
2024-01-07 11:00:00;4.082;4.904;5.588;4.836;24.381;28.24;27.39;61.814;59.109;61.952
2024-01-07 11:15:00;4.322;4.488;4.644;5.896;24.448;27.405;27.756;54.505;58.746;56.46
2024-01-07 11:30:00;4.59;4.643;4.893;5.622;26.514;29.193;26.708;54.877;66.052;68.699
2024-01-07 11:45:00;4.488;4.644;4.998;5.195;28.244;25.465;26.942;59.779;58.663;64.944
2024-01-07 12:00:00;4.703;4.685;5.319;5.311;25.506;27.96;29.112;61.583;53.581;62.344
2024-01-07 12:15:00;4.303;4.484;5.542;5.809;26.981;25.303;28.616;54.388;51.818;54.359
2024-01-07 12:30:00;4.212;4.874;5.193;5.523;27.503;27.343;29.206;55.852;61.886;58.903
2024-01-07 12:45:00;4.376;4.786;4.816;5.003;27.141;28.325;28.751;54.227;56.044;74.102
2024-01-07 13:00:00;4.243;4.748;5.26;5.987;25.564;26.874;29.555;50.476;63.477;54.704
2024-01-07 13:15:00;4.44;4.51;5.236;5.298;24.473;28.038;29.84;55.923;53.078;61.618
2024-01-07 13:30:00;3.911;4.913;4.508;5.896;22.909;25.741;25.544;55.55;57.198;62.91
2024-01-07 13:45:00;4.523;4.431;5.032;5.829;25.632;24.671;26.999;50.823;53.081;64.763
2024-01-07 14:00:00;3.745;4.569;4.146;4.665;27.649;28.047;28.021;60.166;62.26;54.766
2024-01-07 14:15:00;3.694;3.773;4.396;5.295;24.426;29.851;28.363;59.368;63.374;63.958
2024-01-07 14:30:00;3.583;4.275;4.331;4.773;26.98;25.686;27.301;60.409;61.761;53.726
2024-01-07 14:45:00;3.461;4.284;4.794;4.396;24.67;29.058;29.896;53.236;54.353;63.536
2024-01-07 15:00:00;3.306;3.367;3.982;4.218;26.149;27.266;31.647;47.28;56.122;59.412
2024-01-07 15:15:00;3.164;3.648;3.603;4.473;26.991;25.17;28.705;59.29;61.218;58.238
2024-01-07 15:30:00;2.905;3.844;4.188;4.207;25.077;25.48;28.538;53.746;51.224;67.591
2024-01-07 15:45:00;2.904;3.04;3.563;4.255;26.239;27.224;29.793;52.636;58.746;61.704
2024-01-07 16:00:00;2.461;3.041;3.414;4.08;25.419;26.585;25.34;50.84;67.888;65.605
2024-01-07 16:15:00;2.842;2.352;3.105;3.758;26.987;25.204;28.447;55.651;59.064;65.788
2024-01-07 16:30:00;2.476;2.703;3.226;3.464;26.329;24.625;30.006;64.729;52.26;69.985
2024-01-07 16:45:00;2.239;3.3;3.461;3.943;26.079;25.913;27.345;54.523;56.841;56.355
2024-01-07 17:00:00;2.021;2.334;3.008;3.329;28.182;27.495;26.388;51.66;56.72;68.055
2024-01-07 17:15:00;2.016;2.197;3.228;2.486;26.927;27.19;28.095;60.194;71.13;63.091
2024-01-07 17:30:00;1.555;2.422;2.845;3.4;25.034;26.438;28.3;57.847;68.662;60.92
2024-01-07 17:45:00;2.057;2.943;2.95;3.389;25.88;27.507;26.91;46.615;63.801;56.679
2024-01-07 18:00:00;1.856;1.879;2.582;3.106;25.894;28.781;31.838;60.245;58.216;66.336
2024-01-07 18:15:00;2.032;2.058;2.749;3.376;26.112;27.799;27.615;67.429;66.243;57.928
2024-01-07 18:30:00;2.251;2.644;2.819;2.892;29.534;27.016;26.508;44.257;54.106;65.848
2024-01-07 18:45:00;2.114;2.727;2.673;3.204;26.519;28.611;28.246;50.945;65.598;73.603
2024-01-07 19:00:00;2.016;2.444;2.38;2.782;13.15;15.741;19.889;43.042;64.825;68.39
2024-01-07 19:15:00;1.857;2.182;2.957;3.394;15.24;16.858;18.429;56.631;59.213;70.653
2024-01-07 19:30:00;2.556;2.95;2.966;3.873;13.295;16.894;19.196;61.853;65.924;59.045
2024-01-07 19:45:00;2.079;2.834;2.684;2.959;15.538;15.32;16.971;57.517;57.674;67.195
2024-01-07 20:00:00;2.528;3.081;2.978;3.489;13.218;16.562;20.84;63.821;53.422;56.707
2024-01-07 20:15:00;2.52;2.738;3.723;3.505;14.78;14.046;19.321;61.07;65.085;61.716
2024-01-07 20:30:00;2.563;2.914;3.458;3.765;13.871;20.107;20.118;65.341;59.557;72.577
2024-01-07 20:45:00;2.498;2.888;3.263;3.395;16.538;15.775;18.999;62.685;63.129;59.657
2024-01-07 21:00:00;3.041;3.626;3.643;4.481;16.001;19.611;19.753;55.026;69.469;69.112
2024-01-07 21:15:00;3.046;3.884;3.728;4.613;16.424;17.258;16.968;57.327;56.244;68.586
2024-01-07 21:30:00;3.144;3.752;4.302;4.516;15.854;18.059;17.594;52.743;59.254;68.911
2024-01-07 21:45:00;3.047;3.302;3.987;3.802;14.048;16.457;20.608;55.87;68.162;56.031
2024-01-07 22:00:00;3.64;4.492;4.426;5.284;16.719;17.516;20.958;57.303;63.477;65.889
2024-01-07 22:15:00;3.795;4.247;4.713;5.266;18.691;18.189;16.519;56.584;56.361;62.139
2024-01-07 22:30:00;3.727;4.333;4.355;5.232;16.573;18.21;18.81;63.577;55.034;68.987
2024-01-07 22:45:00;4.061;4.512;4.98;5.091;15.404;18.378;17.693;55.382;57.254;53.897
2024-01-07 23:00:00;3.729;4.377;5.398;5.501;14.001;16.64;17.257;52.433;56.16;65.023
2024-01-07 23:15:00;4.44;4.624;4.907;5.753;14.729;16.47;18.867;52.739;61.234;64.245
2024-01-07 23:30:00;4.469;4.51;4.863;6.029;16.634;14.777;20.271;60.21;60.408;52.054
2024-01-07 23:45:00;3.839;4.272;4.326;5.137;17.502;17.995;19.141;50.125;61.452;58.13
2024-01-08 00:00:00;4.335;4.88;4.8;5.934;16.365;18.845;17.876;68.014;67.628;64.934
2024-01-08 00:15:00;4.329;5.378;4.838;5.573;17.12;19.656;19.244;75.505;71.632;71.005
2024-01-08 00:30:00;4.133;4.377;5.237;5.56;16.991;17.664;17.81;70.434;61.31;78.021
2024-01-08 00:45:00;4.252;4.793;5.112;5.124;16.709;16.035;19.076;68.634;72.754;76.075
2024-01-08 01:00:00;4.022;4.78;4.669;5.344;15.078;14.62;20.69;68.824;78.112;75.932
2024-01-08 01:15:00;4.565;4.661;4.957;5.123;16.243;18.783;14.993;63.955;64.591;69.281
2024-01-08 01:30:00;4.41;4.607;5.169;5.289;14.812;14.47;19.707;64.8;74.514;81.162
2024-01-08 01:45:00;4.474;4.334;5.175;5.092;16.024;16.682;15.876;68.044;68.823;74.896
2024-01-08 02:00:00;3.912;4.229;4.062;4.836;16.463;16.859;20.414;70.329;76.173;75.185
2024-01-08 02:15:00;3.56;4.001;4.54;4.849;18.35;17.094;17.355;73.646;72.825;80.172
2024-01-08 02:30:00;3.675;3.671;4.201;5.005;14.166;17.254;16.403;69.454;74.104;69.548
2024-01-08 02:45:00;3.868;4.45;4.818;4.474;16.674;17.41;19.54;75.629;72.337;76.257
2024-01-08 03:00:00;2.918;3.77;4.162;3.902;18.074;13.529;18.997;76.865;78.907;77.329
2024-01-08 03:15:00;3.285;3.562;3.708;4.462;17.062;17.222;16.761;72.897;73.807;71.999
2024-01-08 03:30:00;3.104;3.603;3.743;4.103;17.166;13.811;16.345;75.002;68.332;78.588
2024-01-08 03:45:00;3.079;3.797;3.825;4.683;16.823;18.313;18.093;64.146;72.513;77.624
2024-01-08 04:00:00;2.66;2.977;2.717;3.795;17.818;16.356;16.425;63.369;70.082;74.444
2024-01-08 04:15:00;2.609;3.133;3.416;3.913;14.478;13.921;16.659;71.538;72.844;74.273
2024-01-08 04:30:00;2.456;2.857;3.251;4.162;14.06;15.962;18.59;62.428;69.817;77.88
2024-01-08 04:45:00;2.745;3.227;3.587;3.629;15.991;16.333;16.816;67.577;68.481;79.337
2024-01-08 05:00:00;1.862;2.541;2.571;3.089;12.974;19.01;19.1;72.779;73.036;75.346
2024-01-08 05:15:00;2.184;2.512;2.7;3.538;17.723;17.499;20.844;75.926;72.29;81.161
2024-01-08 05:30:00;2.18;2.175;2.461;3.425;17.709;17.724;18.156;67.754;77.533;78.622
2024-01-08 05:45:00;2.009;2.533;2.596;3.209;15.393;18.995;18.613;65.815;69.842;65.163
2024-01-08 06:00:00;1.962;2.109;2.381;3.531;15.481;17.054;21.71;70.57;61.7;67.273
2024-01-08 06:15:00;1.662;2.153;2.969;3.034;15.899;18.346;16.452;63.74;70.108;81.502
2024-01-08 06:30:00;2.076;2.112;2.511;3.11;16.073;18.239;20.354;68.151;63.543;73.643
2024-01-08 06:45:00;1.865;2.055;2.734;3.107;16.178;15.245;20.156;68.961;74.161;75.903
2024-01-08 07:00:00;1.968;2.956;2.765;2.978;16.782;19.439;19.801;68.863;63.296;81.266
2024-01-08 07:15:00;2.267;2.774;2.525;3.292;15.758;15.041;20.518;69.434;66.86;74.965
2024-01-08 07:30:00;1.934;2.909;2.822;3.7;17.32;18.594;18.86;64.911;70.116;75.205
2024-01-08 07:45:00;1.8;2.186;3.029;3.405;16.624;14.894;17.444;65.438;80.029;70.222
2024-01-08 08:00:00;2.229;2.941;2.999;3.735;25.15;28.114;30.195;65.339;66.421;77.035
2024-01-08 08:15:00;2.64;2.627;3.543;3.675;27.869;30.03;30.258;61.062;72.065;78.226
2024-01-08 08:30:00;2.282;2.765;3.096;3.828;24.098;26.876;30.213;70.675;75.016;71.822
2024-01-08 08:45:00;2.858;2.714;3.195;3.957;25.871;26.81;28.473;73.384;79.717;69.929
2024-01-08 09:00:00;2.754;3.835;4.093;4.539;27.354;28.128;27.225;72.902;76.045;89.445
2024-01-08 09:15:00;3.472;3.459;3.771;4.247;24.988;26.699;28.714;67.714;77.688;74.489
2024-01-08 09:30:00;3.19;3.796;3.96;4.451;26.433;29.964;29.945;65.026;76.494;71.24
2024-01-08 09:45:00;3.132;3.689;3.865;4.499;26.761;27.492;30.08;72.647;65.713;78.886
2024-01-08 10:00:00;3.671;4.705;4.61;4.663;24.795;26.713;27.695;72.131;73.87;74.721
2024-01-08 10:15:00;3.851;3.835;3.932;5.027;25.899;26.379;28.917;70.065;76.413;69.028
2024-01-08 10:30:00;3.768;4.465;4.081;4.305;25.781;25.782;26.254;77.547;67.026;77.657
2024-01-08 10:45:00;3.985;4.439;4.741;5.125;25.228;26.246;30.015;68.871;68.985;70.308
2024-01-08 11:00:00;4.254;4.409;5.313;5.637;29.222;26.667;27.115;67.741;67.823;83.671
2024-01-08 11:15:00;4.261;4.864;4.787;5.664;24.932;26.459;29.688;67.041;76.018;77.72
2024-01-08 11:30:00;4.163;4.71;4.967;5.31;27.407;26.2;26.515;61.352;71.64;73.477
2024-01-08 11:45:00;4.222;4.58;5.112;5.528;25.45;30.39;30.092;72.241;70.332;75.601
2024-01-08 12:00:00;4.458;4.61;5.387;6.041;24.479;25.634;28.928;68.483;65.335;79.968
2024-01-08 12:15:00;4.075;4.635;4.653;6.038;26.144;27.423;27.119;71.499;71.65;76.023
2024-01-08 12:30:00;4.144;5.271;4.961;5.591;26.909;28.101;29.534;78.025;69.049;86.672
2024-01-08 12:45:00;4.541;4.8;5.11;5.643;27.289;28.158;27.432;67.085;73.265;81.247
2024-01-08 13:00:00;4.265;4.812;5.222;5.777;28.187;27.111;29.629;57.544;66.057;77.682
2024-01-08 13:15:00;4.198;4.451;5.707;4.967;30.123;26.834;27.95;71.357;72.925;69.847
2024-01-08 13:30:00;4.236;4.453;4.971;5.332;26.351;27.886;25.577;69.818;69.717;74.192
2024-01-08 13:45:00;4.299;4.881;4.653;5.847;25.072;27.605;26.789;65.411;65.504;77.634
2024-01-08 14:00:00;3.672;3.865;4.684;5.277;26.634;26.806;27.694;70.947;65.098;70.474
2024-01-08 14:15:00;3.627;4.08;4.932;5.089;25.627;24.826;30.644;72.852;65.879;82.114
2024-01-08 14:30:00;3.812;4.183;4.604;4.508;27.296;26.489;29.878;64.362;70.927;69.642
2024-01-08 14:45:00;3.589;4.201;4.33;4.96;24.184;25.457;31.063;67.523;72.629;71.495
2024-01-08 15:00:00;3.228;3.509;4.209;4.167;29.316;26.186;31.112;76.236;73.403;71.907
2024-01-08 15:15:00;2.827;3.641;4.129;4.453;27.198;27.25;27.523;65.464;73.599;79.091
2024-01-08 15:30:00;3.346;3.709;3.673;4.099;23.642;27.745;28.091;69.327;68.056;70.573
2024-01-08 15:45:00;3.24;3.719;4.053;4.032;25.007;29.906;27.726;56.14;77.504;65.1
2024-01-08 16:00:00;2.574;2.698;3.594;3.085;27.143;26.383;27.299;61.739;69.7;80.984
2024-01-08 16:15:00;2.712;2.86;3.644;4.104;27.647;28.377;25.38;69.772;74.341;72.556
2024-01-08 16:30:00;2.841;3.2;3.307;3.601;24.219;27.665;28.376;75.017;71.146;69.123
2024-01-08 16:45:00;2.718;3.131;3.228;3.774;26.998;29.17;26.292;62.326;73.953;70.848
2024-01-08 17:00:00;1.718;2.152;3.199;3.267;23.274;28.076;28.344;69.365;70.885;84.442
2024-01-08 17:15:00;1.824;2.548;2.541;2.937;25.875;25.667;31.87;67.159;74.047;71.386
2024-01-08 17:30:00;1.949;2.012;2.986;2.877;27.557;24.581;27.565;73.67;71.962;74.321
2024-01-08 17:45:00;2.072;2.478;2.498;2.956;25.228;27.673;28.719;63.033;76.232;72.542
2024-01-08 18:00:00;1.998;2.736;2.988;2.876;23.89;26.397;29.887;71.107;67.743;68.22
2024-01-08 18:15:00;1.762;2.082;2.63;3.214;26.205;25.71;28.86;65.797;62.797;70.915
2024-01-08 18:30:00;1.935;2.108;3.043;2.853;25.153;25.273;28.88;70.093;66.939;67.844
2024-01-08 18:45:00;1.756;2.476;2.833;3.641;26.881;27.445;27.806;69.338;77.558;80.257
2024-01-08 19:00:00;1.951;2.113;2.537;3.586;14.761;19.492;18.02;67.766;71.196;75.555
2024-01-08 19:15:00;1.8;2.322;3.252;3.518;14.918;16.579;16.826;71.341;72.479;88.655
2024-01-08 19:30:00;1.892;2.605;3.286;3.23;13.171;18.097;19.788;69.214;66.521;71.101
2024-01-08 19:45:00;1.811;2.322;3.106;3.737;16.238;17.045;15.544;68.349;72.341;70.276
2024-01-08 20:00:00;2.34;2.871;3.119;3.657;15.775;15.24;19.993;67.254;66.681;83.436
2024-01-08 20:15:00;2.725;3.096;3.242;3.715;14.336;18.317;16.098;69.38;67.446;80.819
2024-01-08 20:30:00;2.345;3.022;3.364;3.778;16.271;15.536;19.979;70.088;69.907;77.116
2024-01-08 20:45:00;3.025;2.986;3.135;3.943;17.438;17.233;17.82;64.153;74.315;68.875
2024-01-08 21:00:00;3.244;3.472;4.407;4.547;15.698;16.681;16.38;67.288;74.87;84.597
2024-01-08 21:15:00;3.185;3.635;3.989;4.203;16.375;18.557;19.35;63.83;75.011;74.603
2024-01-08 21:30:00;2.987;3.522;3.22;4.185;16.383;15.592;19.923;68.805;63.742;72.631
2024-01-08 21:45:00;3.283;3.655;4.042;4.548;14.314;17.794;17.682;66.098;71.965;81.286
2024-01-08 22:00:00;3.666;4.061;4.481;5.197;18.879;15.924;19.582;72.777;70.977;74.877
2024-01-08 22:15:00;3.798;4.133;4.555;4.853;15.341;16.423;14.652;72.296;64.033;68.589
2024-01-08 22:30:00;4.261;3.947;4.475;4.483;16.919;11.674;16.234;64.479;72.083;75.222
2024-01-08 22:45:00;3.757;4.167;4.793;4.911;17.077;20.38;20.52;68.989;70.698;70.703
2024-01-08 23:00:00;4.451;4.446;5.335;5.626;15.805;18.037;18.033;72.129;74.66;58.449
2024-01-08 23:15:00;4.099;4.376;5.109;5.992;16.85;16.034;15.346;68.141;72.422;70.151
2024-01-08 23:30:00;4.226;4.692;4.941;5.061;16.344;15.491;17.254;65.432;69.144;72.097
2024-01-08 23:45:00;4.569;4.681;5.021;5.3;14.015;16.447;16.886;63.647;76.814;68.644
2024-01-09 00:00:00;4.281;4.98;5.205;5.479;15.535;18.29;18.128;73.186;60.45;78.164
2024-01-09 00:15:00;4.744;4.701;4.983;6.02;15.142;14.324;17.792;73.423;71.666;70.724
2024-01-09 00:30:00;4.534;4.894;5.356;5.589;15.354;16.985;18.693;67.981;62.831;77.631
2024-01-09 00:45:00;4.293;4.927;5.324;5.319;14.174;19.891;18.286;72.754;67.257;68.217
2024-01-09 01:00:00;4.353;4.735;5.448;5.606;17.577;15.476;20.63;54.47;74.729;80.001
2024-01-09 01:15:00;4.417;4.443;5.371;5.307;18.243;17.322;19.096;75.505;65.374;67.979
2024-01-09 01:30:00;4.351;4.667;4.847;5.053;17.369;20.549;19.151;68.231;64.597;62.122
2024-01-09 01:45:00;3.934;4.716;5.254;5.156;17.779;18.161;20.311;69.695;84.386;81.805
2024-01-09 02:00:00;3.637;4.177;4.318;5.513;15.518;17.391;17.762;67.429;64.932;70.293
2024-01-09 02:15:00;3.728;3.695;4.763;5.094;15.109;17.97;16.331;75.839;80.583;84.663
2024-01-09 02:30:00;3.761;4.212;4.436;5.008;14.91;16.591;20.379;63.802;71.105;78.105
2024-01-09 02:45:00;3.893;4.684;4.299;4.898;16.902;19.175;18.623;76.225;69.271;79.346
2024-01-09 03:00:00;3.184;3.467;4.026;4.441;16.318;16.593;18.629;70.942;74.947;80.75
2024-01-09 03:15:00;2.896;3.383;3.228;4.437;15.892;14.222;17.361;72.051;78.95;75.62
2024-01-09 03:30:00;3.222;3.636;3.477;4.441;17.813;16.605;17.388;67.387;66.04;75.682
2024-01-09 03:45:00;3.266;3.622;3.902;4.386;16.567;15.731;19.789;62.59;69.347;82.047
2024-01-09 04:00:00;2.631;3.199;3.347;3.994;14.826;16.773;20.015;73.56;76.404;75.612
2024-01-09 04:15:00;2.73;2.636;3.225;3.732;15.047;16.806;19.685;70.526;73.498;70.995
2024-01-09 04:30:00;2.683;3.093;2.899;3.422;16.955;19.02;19.7;75.672;77.73;78.222
2024-01-09 04:45:00;2.612;3.061;3.104;3.535;17.458;18.257;19.333;68.05;74.679;63.375
2024-01-09 05:00:00;2.054;2.435;2.973;2.654;16.772;17.6;18.616;66.946;81.403;82.258
2024-01-09 05:15:00;1.752;2.545;3.025;3.896;18.656;17.196;18.112;75.802;72.929;82.372
2024-01-09 05:30:00;2.149;2.704;2.863;3.535;18.289;15.591;20.385;78.368;73.153;81.59
2024-01-09 05:45:00;2.107;2.668;3.18;3.01;16.617;13.885;17.787;69.046;73.673;81.379
2024-01-09 06:00:00;1.952;2.037;2.807;3.013;14.826;17.372;19.007;65.311;71.259;74.537
2024-01-09 06:15:00;1.657;2.489;2.498;2.903;14.166;18.408;17.081;72.972;76.41;74.413
2024-01-09 06:30:00;1.695;2.285;2.624;3.578;15.458;17.035;17.319;67.755;73.233;68.237
2024-01-09 06:45:00;2.1;2.317;2.321;2.66;17.054;16.387;18.013;71.936;76.099;84.614
2024-01-09 07:00:00;2.06;2.484;2.838;3.303;18.557;17.906;17.082;67.73;76.911;72.332
2024-01-09 07:15:00;2.197;2.433;3.168;3.234;16.584;17.073;19.708;76.664;74.228;76.869
2024-01-09 07:30:00;2.073;2.742;3.052;3.524;17.636;19.762;16.189;65.573;74.609;76.397
2024-01-09 07:45:00;2.073;2.448;3.246;3.235;15.657;19.074;18.563;71.355;66.746;67.628
2024-01-09 08:00:00;2.703;2.668;3.243;3.18;26.872;28.658;28.617;66.605;69.138;65.404
2024-01-09 08:15:00;2.427;2.834;3.688;3.647;27.153;28.352;25.43;67.621;76.386;75.031
2024-01-09 08:30:00;2.543;2.966;3.273;3.424;23.229;25.239;27.677;66.981;79.403;72.504
2024-01-09 08:45:00;2.437;3.208;3.722;3.75;25.421;28.208;28.819;72.619;61.91;74.508
2024-01-09 09:00:00;3.067;3.689;3.944;4.795;27.33;27.772;29.103;73.5;69.047;80.86
2024-01-09 09:15:00;3.091;3.354;4.141;3.811;26.384;28.122;28.065;71.733;72.123;76.237
2024-01-09 09:30:00;3.192;4.122;4.348;4.102;24.325;27.949;29.51;68.471;67.428;79.172
2024-01-09 09:45:00;3.059;3.611;3.898;4.179;22.598;27.888;28.221;69.687;67.723;77.449
2024-01-09 10:00:00;4.014;4.468;4.634;4.857;25.488;31.305;28.422;73.399;74.47;73.26
2024-01-09 10:15:00;3.605;4.14;4.923;5.204;25.9;27.084;28.813;73.554;80.223;69.49
2024-01-09 10:30:00;3.739;4.298;4.539;4.921;24.763;28.623;29.92;55.818;61.435;76.456
2024-01-09 10:45:00;3.691;4.368;4.218;5.104;26.2;26.484;27.292;67.666;71.114;75.461
2024-01-09 11:00:00;4.507;4.913;5.611;5.239;26.709;28.402;27.602;67.901;74.409;80.033
2024-01-09 11:15:00;4.27;4.876;4.906;5.504;26.939;28.628;27.303;72.279;76.057;74.17
2024-01-09 11:30:00;4.429;4.833;5.075;5.674;22.702;27.754;27.855;68.673;73.659;73.365
2024-01-09 11:45:00;3.95;4.56;5.345;5.206;24.16;29.737;30.739;72.524;81.159;73.738
2024-01-09 12:00:00;4.451;4.668;5.036;5.842;25.574;25.856;29.339;63.715;72.15;69.947
2024-01-09 12:15:00;4.569;4.876;4.928;5.616;26.801;26.459;26.545;70.274;78.822;82.958
2024-01-09 12:30:00;4.416;5.015;5.269;5.924;26.685;27.523;27.415;73.411;68.639;81.268
2024-01-09 12:45:00;4.602;4.749;4.716;5.538;26.661;28.539;29.011;61.776;72.302;68.328
2024-01-09 13:00:00;4.134;4.878;4.955;5.551;25.463;27.473;26.913;81.317;65.694;79.422
2024-01-09 13:15:00;4.5;4.967;5.099;5.42;25.541;29.154;27.21;74.835;76.684;64.852
2024-01-09 13:30:00;4.669;4.422;4.96;5.403;24.98;26.194;30.606;69.007;71.374;80.419
2024-01-09 13:45:00;4.164;4.44;4.616;5.513;27.075;25.466;27.394;64.941;73.861;71.17
2024-01-09 14:00:00;3.69;4.143;5.005;5.141;24.711;27.668;29.966;68.142;70.37;76.979
2024-01-09 14:15:00;4.051;4.246;4.603;4.588;27.19;27.083;30.459;69.411;75.049;64.388
2024-01-09 14:30:00;4.075;4.054;4.961;5.419;26.291;28.025;27.197;71.159;74.067;68.407
2024-01-09 14:45:00;3.676;4.486;4.505;4.399;25.937;27.158;26.94;76.353;66.828;77.578
2024-01-09 15:00:00;3.07;3.648;3.712;4.138;25.081;26.683;27.947;66.667;67.129;71.145
2024-01-09 15:15:00;3.096;3.559;4.023;4.321;24.102;27.086;26.615;71.757;71.856;70.38
2024-01-09 15:30:00;2.895;3.22;3.892;4.478;25.093;27.244;28.598;62.667;75.43;82.677
2024-01-09 15:45:00;2.975;3.247;3.632;4.839;25.538;26.736;28.063;66.973;81.687;87.16
2024-01-09 16:00:00;2.334;2.99;3.722;3.149;22.683;26.891;28.991;70.846;73.576;80.154
2024-01-09 16:15:00;2.379;2.435;3.157;3.568;25.724;26.587;30.691;72.387;77.239;68.995
2024-01-09 16:30:00;2.518;3.158;2.828;3.066;27.294;28.502;29.741;65.309;63.613;84.699
2024-01-09 16:45:00;2.57;2.889;3.684;3.735;26.794;27.495;29.202;66.84;82.467;66.412
2024-01-09 17:00:00;2.362;3.213;2.731;3.352;25.305;30.63;25.176;76.157;75.15;73.325
2024-01-09 17:15:00;1.878;2.998;2.703;3.761;26.066;27.444;29.127;74.693;71.742;75.301
2024-01-09 17:30:00;2.254;2.426;2.391;3.305;25.221;26.363;31.225;70.021;71.144;85.582
2024-01-09 17:45:00;2.027;2.443;3.338;3.591;26.208;31.259;23.463;58.04;66.243;80.02
2024-01-09 18:00:00;1.891;2.529;2.352;3.281;28.156;27.829;29.531;81.305;67.729;72.449
2024-01-09 18:15:00;2.028;2.692;2.716;2.965;27.356;28.705;28.139;68.902;81.934;69.803
2024-01-09 18:30:00;1.687;1.923;2.946;2.663;26.729;28.1;27.006;67.468;66.857;80.512
2024-01-09 18:45:00;1.973;1.889;2.814;3.185;25.31;28.147;29.714;66.44;66.757;72.067
2024-01-09 19:00:00;2.099;2.324;2.851;2.805;17.05;18.014;21.204;70.844;68.348;76.192
2024-01-09 19:15:00;2.161;2.601;2.408;3.669;13.638;15.525;19.671;70.894;65.769;67.466
2024-01-09 19:30:00;2.122;2.582;2.649;3.217;15.647;17.759;17.791;73.658;72.08;78.131
2024-01-09 19:45:00;2.534;2.714;2.918;3.638;16.817;15.186;16.853;64.462;77.662;77.688
2024-01-09 20:00:00;2.404;2.649;3.112;3.576;17.037;16.935;18.637;67.469;68.825;68.171
2024-01-09 20:15:00;2.424;2.392;3.38;3.808;16.938;16.097;19.832;78.95;64.859;80.674
2024-01-09 20:30:00;2.407;3.122;3.509;3.79;16.413;17.743;17.765;70.1;73.518;78.051
2024-01-09 20:45:00;2.419;2.735;3.585;3.711;15.726;17.708;17.924;68.155;71.71;79.07
2024-01-09 21:00:00;3.029;3.086;3.619;4.216;16.753;17.931;23.028;64.386;77.214;72.917
2024-01-09 21:15:00;3.376;3.583;4.543;4.472;14.666;17.637;20.169;71.479;69.637;75.984
2024-01-09 21:30:00;3.42;3.732;4.157;4.063;14.817;16.278;20.286;74.052;70.647;75.349
2024-01-09 21:45:00;3.042;3.522;3.95;3.975;16.086;16.803;16.005;73.285;71.222;74.185
2024-01-09 22:00:00;3.617;4.07;4.869;5.36;16.242;18.599;17.24;67.732;72.463;75.938
2024-01-09 22:15:00;3.865;4.138;5.214;5.2;13.444;18.823;18.522;70.77;69.959;81.91
2024-01-09 22:30:00;3.67;4.09;4.187;4.995;16.637;15.457;16.758;77.191;69.116;80.912
2024-01-09 22:45:00;3.895;3.865;4.514;5.491;17.082;14.873;21.025;74.247;62.378;68.5
2024-01-09 23:00:00;4.271;4.468;4.39;5.35;15.892;16.095;20.713;65.158;69.06;80.42
2024-01-09 23:15:00;3.945;4.752;5.085;5.843;19.324;18.789;17.525;56.525;75.719;81.551
2024-01-09 23:30:00;4.527;4.707;5.131;5.487;15.044;19.047;21.326;70.454;76.421;74.169
2024-01-09 23:45:00;4.574;4.671;5.022;5.115;15.494;15.794;18.393;72.913;69.55;77.796
2024-01-10 00:00:00;4.284;4.571;5.023;6.173;15.447;17.667;22.647;63.663;78.757;77.717
2024-01-10 00:15:00;4.326;4.758;4.647;5.907;15.893;19.988;18.637;68.957;71.851;70.325
2024-01-10 00:30:00;4.454;4.299;5.301;5.562;15.54;17.831;19.345;67.708;65.043;72.899
2024-01-10 00:45:00;4.464;4.841;5.593;5.825;14.03;19.361;20.696;69.511;63.408;79.129
2024-01-10 01:00:00;4.358;4.961;4.873;5.307;15.235;18.718;20.495;66.331;78.335;72.273
2024-01-10 01:15:00;4.614;4.293;5.151;5.69;15.863;15.816;19.238;75.324;70.06;80.365
2024-01-10 01:30:00;4.199;4.498;4.609;4.691;17.72;16.911;18.169;69.725;65.687;82.177
2024-01-10 01:45:00;4.081;4.708;5.156;5.116;19.083;17.253;19.243;64.693;60.252;81.29
2024-01-10 02:00:00;3.513;4.463;4.469;5.279;17.87;17.358;17.061;73.496;69.942;85.889
2024-01-10 02:15:00;3.636;4.072;4.369;4.898;14.914;18.593;18.649;62.805;74.105;74.501
2024-01-10 02:30:00;3.769;4.016;4.37;5.039;15.026;17.821;16.581;75.294;68.372;75.975
2024-01-10 02:45:00;4.116;3.722;4.469;4.557;15.777;12.737;15.479;73.856;66.523;76.764
2024-01-10 03:00:00;3.052;3.574;4.053;4.923;18.498;15.204;18.483;75.81;69.143;74.668
2024-01-10 03:15:00;3.193;4.02;3.596;4.719;15.768;13.875;20.47;68.225;78.465;77.982
2024-01-10 03:30:00;3.147;3.614;3.843;4.288;14.141;17.467;19.918;66.569;64.756;65.588
2024-01-10 03:45:00;3.376;3.545;3.939;4.225;15.298;17.566;18.266;69.412;68.663;76.127
2024-01-10 04:00:00;3.005;2.999;3.028;4.044;17.06;17.631;21.265;68.586;78.296;67.424
2024-01-10 04:15:00;2.424;2.922;3.81;4.34;16.966;15.742;17.467;65.802;74.57;69.706
2024-01-10 04:30:00;2.432;2.738;3.095;4.021;15.72;18.225;15.255;66.287;72.931;79.031
2024-01-10 04:45:00;2.723;3.114;3.144;4.398;16.957;18.289;14.821;67.205;68.628;73.905
2024-01-10 05:00:00;2.197;2.519;2.603;2.982;12.818;15.292;16.463;63.267;72.159;78.837
2024-01-10 05:15:00;2.418;2.472;3.353;3.013;16.145;14.972;19.739;72.322;69.203;73.786
2024-01-10 05:30:00;2.178;2.243;3.017;2.899;17.205;17.2;17.359;68.744;67.531;81.085
2024-01-10 05:45:00;1.999;2.767;2.615;3.404;14.834;19.924;19.156;67.489;66.384;73.685
2024-01-10 06:00:00;2.012;2.453;2.999;3.154;14.829;19.784;21.1;63.559;76.077;64.248
2024-01-10 06:15:00;2.111;2.173;2.754;3.053;13.387;18.056;16.596;63.314;71.686;76.24
2024-01-10 06:30:00;2.056;2.53;2.769;3.351;18.226;16.09;19.185;78.486;73.635;63.071
2024-01-10 06:45:00;1.996;2.186;2.607;3.482;14.992;18.548;19.284;65.926;72.789;67.01
2024-01-10 07:00:00;2.27;2.288;2.665;2.795;16.337;16.512;16.988;71.992;74.293;70.144
2024-01-10 07:15:00;2.29;2.293;2.959;3.082;16.845;16.033;20.621;69.797;70.675;69.458
2024-01-10 07:30:00;2.33;2.06;2.72;3.522;18.117;13.941;17.928;55.402;69.495;72.002
2024-01-10 07:45:00;2.191;2.576;3.358;3.122;15.785;17.356;17.771;77.783;67.761;69.269
2024-01-10 08:00:00;2.493;2.504;2.982;3.478;25.245;26.243;31.863;72.352;64.647;67.267
2024-01-10 08:15:00;2.553;2.642;3.74;4.041;26.242;27.347;29.257;65.238;66.165;83.48
2024-01-10 08:30:00;2.754;2.448;3.295;3.325;27.798;23.705;29.917;68.861;70.1;71.27
2024-01-10 08:45:00;2.37;2.905;3.406;3.632;25.762;27.458;30.622;63.369;63.664;62.731
2024-01-10 09:00:00;3.22;3.515;4.175;4.452;24.663;23.505;27.333;77.948;64.812;73.015
2024-01-10 09:15:00;3.075;3.475;3.78;4.172;23.843;28.854;30.45;64.552;77.419;68.814
2024-01-10 09:30:00;3.155;3.31;4.183;4.593;24.29;27.993;27.577;66.437;73.166;70.133
2024-01-10 09:45:00;3.393;3.28;3.219;4.174;27.21;26.776;27.507;65.425;69.65;78.907
2024-01-10 10:00:00;3.811;4.282;4.381;5.412;25.551;28.055;27.954;69.394;83.812;72.535
2024-01-10 10:15:00;3.784;4.048;4.326;4.936;25.149;25.713;27.38;75.715;63.429;68.661
2024-01-10 10:30:00;3.517;4.248;4.237;5.183;24.998;27.31;29.748;77.768;77.073;77.454
2024-01-10 10:45:00;3.917;3.971;4.517;5.206;26.119;28.408;28.838;67.045;71.42;81.325
2024-01-10 11:00:00;4.355;4.674;5.137;5.238;25.665;22.497;27.594;70.853;76.082;77.953
2024-01-10 11:15:00;4.644;4.932;5.222;4.796;25.618;26.52;29.506;69.401;72.567;61.505
2024-01-10 11:30:00;4.174;4.767;5.098;5.544;27.889;27.166;27.949;64.19;62.264;68.868
2024-01-10 11:45:00;4.274;4.538;4.853;5.455;28.153;26.902;27.862;80.871;72.496;75.261
2024-01-10 12:00:00;4.447;4.859;5.3;5.772;23.746;29.415;28.48;75.678;73.745;73.656
2024-01-10 12:15:00;4.7;4.745;5.234;5.53;26.459;25.492;29.16;69.927;60.602;73.2
2024-01-10 12:30:00;4.382;4.802;5.453;5.467;24.912;26.256;29.039;76.751;82.109;69.595
2024-01-10 12:45:00;4.453;4.725;5.41;6.223;25.652;24.288;27.804;74.939;73.618;67.269
2024-01-10 13:00:00;4.348;4.595;5.041;4.976;26.433;29.496;29.789;69.401;75.494;86.043
2024-01-10 13:15:00;4.268;4.681;4.79;5.66;25.702;26.826;28.035;70.597;65.939;75.149
2024-01-10 13:30:00;4.148;4.404;4.856;5.254;26.323;26.534;27.326;76.409;75.591;78.532
2024-01-10 13:45:00;4.269;4.399;4.884;5.328;26.942;27.12;25.992;64.364;77.665;75.034
2024-01-10 14:00:00;3.979;3.856;4.49;4.877;26.412;28.167;30.012;77.201;73.319;75.255
2024-01-10 14:15:00;3.58;3.807;4.647;4.726;25.094;27.728;28.42;67.897;71.951;74.658
2024-01-10 14:30:00;3.8;3.895;4.768;5.152;25.119;31.225;28.746;76.471;67.353;68.838
2024-01-10 14:45:00;3.642;4.212;4.561;5.406;23.984;27.89;30.115;68.974;70.876;66.67
2024-01-10 15:00:00;3.377;3.345;3.954;4.496;24.805;26.493;27.617;70.654;69.337;77.124
2024-01-10 15:15:00;2.861;3.668;3.989;4.382;28.747;26.347;26.146;68.832;74.974;76.033
2024-01-10 15:30:00;3.044;3.558;3.811;4.044;24.891;26.603;28.514;66.394;67.581;80.161
2024-01-10 15:45:00;3.222;3.097;3.7;4.51;24.329;24.917;28.905;67.677;74.936;79.044
2024-01-10 16:00:00;2.822;3.076;2.851;4.393;26.448;27.261;27.969;75.758;67.637;70.553
2024-01-10 16:15:00;2.513;3.111;3.137;3.607;25.845;28.391;30.817;57.661;70.636;81.229
2024-01-10 16:30:00;2.42;2.696;3.453;3.608;25.726;26.268;24.323;62.929;75.203;79.208
2024-01-10 16:45:00;2.882;3.022;3.135;3.551;27.973;25.973;30.237;65.445;68.34;78.8
2024-01-10 17:00:00;1.792;2.27;2.803;3.116;26.769;29.504;29.697;63.716;75.383;87.371
2024-01-10 17:15:00;1.65;2.49;2.993;2.416;25.258;25.032;29.149;76.399;74.876;86.242
2024-01-10 17:30:00;2.151;2.177;3.008;3.393;25.406;24.057;22.929;75.163;70.591;78.795
2024-01-10 17:45:00;1.972;2.055;2.576;3.005;25.296;25.448;30.506;71.901;78.041;78.109
2024-01-10 18:00:00;1.706;2.212;2.969;2.601;27.225;24.859;26.717;65.875;72.404;80.949
2024-01-10 18:15:00;2.035;2.272;3.004;3.333;25.569;27.787;27.567;75.542;77.732;71.788
2024-01-10 18:30:00;1.946;2.209;2.395;2.765;23.49;26.652;28.12;61.218;81.326;71.866
2024-01-10 18:45:00;1.793;2.028;2.478;2.995;25.932;26.866;29.068;79.496;70.745;78.704
2024-01-10 19:00:00;1.824;2.375;3.189;3.722;13.848;18.952;19.449;65.645;75.354;70.289
2024-01-10 19:15:00;2.233;2.529;2.828;2.831;19.058;16.149;19.864;67.716;68.685;78.26
2024-01-10 19:30:00;2.191;2.457;2.268;2.792;14.648;18.378;19.738;66.896;66.629;75.863
2024-01-10 19:45:00;2.049;2.509;2.49;3.351;15.773;19.497;18.815;63.742;70.984;70.291
2024-01-10 20:00:00;2.876;2.771;3.258;4.081;16.361;16.507;19.082;78.433;64.914;75.142
2024-01-10 20:15:00;2.322;3.194;3.011;3.237;15.596;18.32;16.611;72.866;67.124;82.178
2024-01-10 20:30:00;2.235;2.654;3.213;3.851;15.594;16.832;17.168;74.956;75.075;75.453
2024-01-10 20:45:00;2.394;3.037;3.334;3.905;16.591;18.605;19.869;63.004;69.329;75.476
2024-01-10 21:00:00;3.141;3.822;4.345;3.712;18.137;14.811;19.773;69.887;75.695;76.809
2024-01-10 21:15:00;3.196;3.661;3.872;4.598;17.075;14.699;19.587;71.553;73.557;77.526
2024-01-10 21:30:00;3.104;3.503;4.24;4.622;18.07;16.605;17.556;70.327;81.626;73.18
2024-01-10 21:45:00;3.217;3.428;4.336;4.253;14.535;15.849;19.893;63.314;74.727;76.926
2024-01-10 22:00:00;3.537;4.413;4.962;5.363;16.444;16.415;16.496;74.27;77.794;69.23
2024-01-10 22:15:00;4.049;3.848;4.652;5.327;16.217;16.866;20.167;69.596;74.09;70.605
2024-01-10 22:30:00;3.759;3.952;4.045;5.007;16.492;18.294;17.972;64.321;73.619;71.309
2024-01-10 22:45:00;3.987;4.084;4.699;4.835;17.927;16.58;21.162;59.909;78.057;77.584
2024-01-10 23:00:00;4.298;4.917;5.316;5.131;15.691;15.948;15.905;71.973;75.478;75.881
2024-01-10 23:15:00;4.319;4.72;5.011;5.421;15.432;16.666;21.292;81.007;73.092;74.261
2024-01-10 23:30:00;4.341;4.41;5.504;5.609;16.748;16.031;17.807;64.025;73.069;78.799
2024-01-10 23:45:00;4.318;4.561;5.265;5.332;13.511;15.78;17.778;69.835;74.799;77.084
2024-01-11 00:00:00;4.522;4.659;5.353;4.919;15.668;14.748;18.72;74.441;68.509;73.405
2024-01-11 00:15:00;4.653;4.637;5.493;5.993;15.812;17.306;17.257;62.779;68.288;69.306
2024-01-11 00:30:00;4.437;5.025;5.29;5.659;14.711;16.336;18.281;66.648;79.412;70.492
2024-01-11 00:45:00;4.535;4.484;4.527;5.482;17.48;18.669;17.19;64.785;81.695;66.933
2024-01-11 01:00:00;4.215;5.003;4.898;5.698;14.513;15.0;17.25;73.825;67.17;75.773
2024-01-11 01:15:00;4.506;4.823;5.356;5.905;15.81;16.376;19.198;75.495;68.521;70.258
2024-01-11 01:30:00;4.104;4.883;4.814;4.564;16.41;19.956;16.921;69.779;77.941;72.276
2024-01-11 01:45:00;4.575;4.526;4.972;5.567;17.895;15.772;17.14;64.876;74.774;74.298
2024-01-11 02:00:00;3.767;4.141;4.293;4.533;15.985;16.84;16.149;66.83;75.517;80.742
2024-01-11 02:15:00;3.503;3.845;5.057;5.13;17.311;15.352;17.574;65.911;76.662;80.108
2024-01-11 02:30:00;3.799;4.054;5.029;5.015;16.981;15.15;20.551;64.211;70.748;74.699
2024-01-11 02:45:00;3.646;4.289;4.336;5.172;16.173;19.552;17.013;68.5;73.716;81.96
2024-01-11 03:00:00;3.31;3.848;3.99;4.195;14.475;17.46;17.2;71.817;73.311;63.932
2024-01-11 03:15:00;3.026;3.295;3.766;3.769;13.992;17.403;18.718;71.402;67.536;85.325
2024-01-11 03:30:00;3.065;3.466;4.116;4.21;16.149;14.622;17.792;68.96;73.638;78.809
2024-01-11 03:45:00;2.791;3.515;4.088;4.476;15.24;17.745;22.054;69.28;78.436;75.565
2024-01-11 04:00:00;2.439;2.604;3.544;4.04;17.287;18.959;18.133;68.6;70.263;70.098
2024-01-11 04:15:00;2.064;3.061;3.415;3.362;17.044;18.947;18.95;62.644;72.793;72.591
2024-01-11 04:30:00;2.224;2.758;4.118;4.043;15.742;18.216;19.948;69.785;73.075;78.351
2024-01-11 04:45:00;2.669;2.88;3.047;3.524;14.379;15.483;19.916;66.14;70.52;78.476
2024-01-11 05:00:00;2.217;2.364;2.406;3.38;16.715;17.676;18.783;62.398;75.52;78.676
2024-01-11 05:15:00;2.148;2.286;2.761;3.109;14.575;18.215;18.136;70.816;68.464;70.993
2024-01-11 05:30:00;1.884;2.466;2.444;3.324;14.938;14.472;21.719;66.003;78.93;69.886
2024-01-11 05:45:00;2.058;2.418;2.465;3.544;14.629;15.496;18.236;70.116;75.256;76.074
2024-01-11 06:00:00;1.899;2.214;2.43;2.72;15.806;18.55;17.676;73.153;67.129;79.234
2024-01-11 06:15:00;1.68;2.132;2.451;2.889;17.638;18.532;17.341;64.344;80.83;75.018
2024-01-11 06:30:00;2.186;2.373;2.442;3.157;15.993;14.846;15.568;69.451;72.874;83.148
2024-01-11 06:45:00;2.067;2.68;2.84;3.844;15.379;18.408;19.747;60.129;68.241;75.182
2024-01-11 07:00:00;2.025;2.5;2.731;3.0;13.864;17.345;14.549;76.509;77.744;74.996
2024-01-11 07:15:00;2.073;2.697;2.819;3.9;16.773;18.387;18.391;62.341;74.572;78.688
2024-01-11 07:30:00;2.107;2.148;3.109;3.889;14.907;16.236;18.064;66.477;62.786;81.706
2024-01-11 07:45:00;1.68;2.504;2.661;3.237;16.165;18.181;22.074;75.558;69.267;67.579
2024-01-11 08:00:00;2.478;2.673;3.254;3.633;25.504;28.483;25.396;67.851;73.451;68.851
2024-01-11 08:15:00;2.395;2.585;3.424;3.51;27.173;26.666;26.922;63.133;60.77;73.277
2024-01-11 08:30:00;2.335;2.755;2.801;3.704;25.78;27.227;28.177;72.494;72.442;92.374
2024-01-11 08:45:00;2.472;3.199;2.681;3.289;25.918;26.214;28.076;72.384;72.821;73.562
2024-01-11 09:00:00;3.492;3.769;4.043;4.326;26.68;29.71;27.499;65.897;65.846;74.33
2024-01-11 09:15:00;3.272;3.606;4.083;4.814;28.95;27.017;28.267;66.428;73.407;78.401
2024-01-11 09:30:00;3.041;3.197;4.507;4.161;27.244;25.799;26.334;66.866;72.039;80.373
2024-01-11 09:45:00;3.259;3.505;3.993;4.275;25.876;26.112;28.986;67.986;65.805;75.934
2024-01-11 10:00:00;4.041;4.244;4.796;4.448;26.004;27.393;24.593;59.724;76.782;81.404
2024-01-11 10:15:00;3.951;4.215;4.522;5.091;25.265;28.345;28.358;68.111;76.357;68.433
2024-01-11 10:30:00;3.786;3.751;4.655;5.057;24.67;25.17;27.415;77.741;70.493;70.787
2024-01-11 10:45:00;3.652;3.97;5.025;4.995;25.226;30.008;30.067;64.61;70.967;81.394
2024-01-11 11:00:00;4.365;4.618;4.459;5.365;24.919;27.669;31.279;66.141;75.777;75.06
2024-01-11 11:15:00;4.307;4.756;5.144;5.342;26.915;27.909;27.857;63.2;70.957;68.057
2024-01-11 11:30:00;4.403;4.127;5.609;5.588;24.5;27.052;30.681;72.0;61.959;67.726
2024-01-11 11:45:00;4.353;4.595;5.109;5.424;27.866;27.229;27.882;74.896;74.532;70.54
2024-01-11 12:00:00;4.599;4.833;5.646;5.698;27.053;26.975;26.816;74.784;67.771;75.012
2024-01-11 12:15:00;4.298;4.995;5.03;5.667;26.029;28.747;31.263;62.885;69.973;77.571
2024-01-11 12:30:00;4.65;4.959;5.191;5.948;26.0;27.188;29.254;71.449;79.581;73.19
2024-01-11 12:45:00;4.438;4.934;5.209;5.81;25.22;28.366;28.407;76.025;71.303;77.117
2024-01-11 13:00:00;4.627;4.449;4.434;5.492;26.378;26.541;29.527;71.497;72.009;72.596
2024-01-11 13:15:00;4.102;4.194;4.717;5.903;27.523;27.497;28.85;71.344;74.65;81.732
2024-01-11 13:30:00;4.562;4.542;4.736;5.563;25.016;25.978;28.286;66.689;74.628;89.035
2024-01-11 13:45:00;4.27;4.863;5.254;5.837;23.853;29.049;26.225;70.079;67.22;72.841
2024-01-11 14:00:00;3.651;4.495;4.81;5.163;26.985;25.933;27.956;75.058;71.686;77.64
2024-01-11 14:15:00;3.683;4.338;4.662;4.404;26.454;26.706;29.422;70.608;72.188;77.191
2024-01-11 14:30:00;3.714;4.274;4.798;5.379;24.432;26.721;28.199;62.883;73.415;75.763
2024-01-11 14:45:00;3.856;4.262;4.531;5.017;24.973;26.662;29.88;66.765;73.504;78.593
2024-01-11 15:00:00;3.249;3.422;4.275;4.334;24.797;28.298;29.029;74.925;85.455;77.634
2024-01-11 15:15:00;3.041;3.52;3.952;4.437;24.986;26.719;26.96;70.591;65.886;72.409
2024-01-11 15:30:00;3.145;3.934;3.966;4.243;25.547;29.319;26.237;69.583;77.096;82.241
2024-01-11 15:45:00;3.557;3.333;3.878;4.42;25.627;25.956;28.142;66.285;78.154;76.109
2024-01-11 16:00:00;2.853;3.296;3.51;3.542;25.089;27.457;27.54;74.824;74.562;72.884
2024-01-11 16:15:00;2.608;2.851;3.211;4.12;24.939;26.021;28.952;77.146;68.618;88.438
2024-01-11 16:30:00;2.532;3.23;3.589;3.69;25.68;27.84;27.222;75.19;80.656;74.361
2024-01-11 16:45:00;2.548;2.601;3.019;3.606;26.235;27.176;27.391;76.069;60.602;76.402
2024-01-11 17:00:00;2.184;2.602;2.571;2.981;25.557;26.964;30.127;67.242;68.447;75.965
2024-01-11 17:15:00;1.873;2.298;3.053;3.351;27.622;29.006;28.643;66.549;78.093;74.286
2024-01-11 17:30:00;2.019;2.142;2.844;3.325;26.711;26.205;27.248;68.234;70.075;77.468
2024-01-11 17:45:00;1.75;2.518;2.745;3.388;23.773;28.092;28.429;69.189;80.302;70.353
2024-01-11 18:00:00;1.976;2.532;2.94;2.782;26.733;26.031;30.661;76.012;64.139;78.281
2024-01-11 18:15:00;2.023;2.106;2.536;2.604;26.848;27.371;28.882;74.713;66.217;65.329
2024-01-11 18:30:00;1.808;1.955;2.646;3.294;25.391;25.383;29.372;71.638;69.235;67.861
2024-01-11 18:45:00;2.199;2.279;3.078;3.56;23.907;26.193;27.166;61.987;74.17;85.041
2024-01-11 19:00:00;1.835;2.447;3.283;2.949;16.011;17.075;20.083;60.729;70.845;68.091
2024-01-11 19:15:00;1.789;2.594;3.292;3.76;15.989;19.958;22.202;70.178;69.45;64.22
2024-01-11 19:30:00;2.11;2.686;2.791;3.355;14.43;17.353;17.102;73.313;79.386;68.227
2024-01-11 19:45:00;2.266;2.454;3.2;3.265;13.968;19.715;16.462;68.61;79.87;84.57
2024-01-11 20:00:00;2.845;3.352;3.069;3.602;15.877;17.535;18.688;78.383;69.845;65.145
2024-01-11 20:15:00;2.438;2.977;3.08;3.296;15.674;16.612;19.836;63.696;63.109;69.743
2024-01-11 20:30:00;2.73;2.845;2.69;4.031;15.416;19.54;18.25;63.079;60.781;66.98
2024-01-11 20:45:00;2.518;2.554;3.777;3.485;15.883;17.864;16.673;65.745;73.244;73.492
2024-01-11 21:00:00;3.117;3.49;3.717;4.108;14.456;16.223;18.222;65.559;75.411;72.602
2024-01-11 21:15:00;3.318;3.473;3.916;4.657;15.391;17.915;19.381;71.579;72.328;72.356
2024-01-11 21:30:00;3.274;3.771;3.704;3.766;16.747;16.755;17.732;66.934;71.631;85.209
2024-01-11 21:45:00;2.85;3.656;4.138;3.878;15.51;14.177;19.396;61.416;67.816;68.405
2024-01-11 22:00:00;4.056;3.904;4.474;4.969;13.659;18.623;20.31;73.369;75.406;74.438
2024-01-11 22:15:00;4.037;4.215;4.223;5.066;15.338;18.864;18.794;60.376;80.727;76.862
2024-01-11 22:30:00;3.656;4.329;4.694;5.125;14.502;19.994;18.354;63.751;60.472;69.609
2024-01-11 22:45:00;3.85;4.526;4.188;4.881;16.374;17.842;19.76;61.049;71.597;77.676
2024-01-11 23:00:00;4.326;4.837;4.806;6.217;16.446;16.822;16.996;70.015;66.954;72.801
2024-01-11 23:15:00;4.282;4.808;4.464;5.362;13.678;18.469;16.834;69.912;64.25;77.059
2024-01-11 23:30:00;4.128;4.646;4.648;5.361;17.063;18.492;17.963;78.391;66.124;74.406
2024-01-11 23:45:00;4.105;4.722;5.081;5.185;14.443;19.69;17.593;73.478;73.974;63.722
2024-01-12 00:00:00;4.395;5.087;4.67;5.638;18.183;17.132;17.083;76.064;74.106;82.184
2024-01-12 00:15:00;4.623;4.493;4.8;5.791;15.932;16.948;21.402;70.414;79.593;86.388
2024-01-12 00:30:00;4.503;4.72;5.199;5.973;14.255;16.112;21.962;64.213;72.046;74.028
2024-01-12 00:45:00;4.33;4.622;5.053;5.138;14.401;18.017;17.82;69.628;62.857;70.061
2024-01-12 01:00:00;4.379;4.72;5.57;5.356;16.487;14.847;18.55;71.903;70.762;83.283
2024-01-12 01:15:00;3.691;4.915;5.528;5.571;15.452;18.38;18.092;72.449;64.791;85.397
2024-01-12 01:30:00;4.451;4.495;4.798;5.615;15.865;18.094;20.216;66.685;65.725;74.072
2024-01-12 01:45:00;3.902;4.083;5.183;5.435;18.258;18.089;20.541;71.395;75.019;73.797
2024-01-12 02:00:00;3.706;4.08;4.777;5.143;15.021;17.41;15.485;64.428;73.01;74.56
2024-01-12 02:15:00;3.562;4.385;4.414;4.724;16.084;19.53;19.181;63.888;75.055;65.79
2024-01-12 02:30:00;3.529;4.299;4.171;5.458;17.988;18.525;16.257;63.533;70.141;73.399
2024-01-12 02:45:00;3.996;4.273;4.572;5.283;16.379;16.277;21.284;69.121;76.111;84.432
2024-01-12 03:00:00;3.061;3.486;3.903;3.933;13.751;16.304;19.122;63.229;69.85;74.072
2024-01-12 03:15:00;3.216;3.256;3.832;4.017;16.708;15.863;17.05;66.919;77.807;69.28
2024-01-12 03:30:00;3.141;3.669;4.069;4.025;14.372;18.038;18.004;73.424;73.792;77.732
2024-01-12 03:45:00;3.241;3.358;3.747;4.56;17.97;15.68;17.926;63.957;70.924;71.33
2024-01-12 04:00:00;2.54;3.427;3.014;3.327;14.848;18.847;19.261;66.529;73.103;74.635
2024-01-12 04:15:00;2.281;3.056;3.354;3.622;20.157;19.211;20.109;69.351;71.907;68.021
2024-01-12 04:30:00;2.714;2.791;3.429;3.866;18.054;15.864;16.517;70.21;80.3;69.299
2024-01-12 04:45:00;2.431;2.784;3.007;3.704;14.885;16.918;21.416;66.553;73.276;79.057
2024-01-12 05:00:00;1.772;2.446;3.118;3.348;16.028;17.225;21.033;72.856;71.992;75.637
2024-01-12 05:15:00;1.986;2.412;2.389;2.937;17.055;18.544;16.964;71.893;70.76;70.732
2024-01-12 05:30:00;2.353;2.724;2.711;3.452;17.097;19.646;18.519;74.585;76.385;75.657
2024-01-12 05:45:00;2.229;2.51;2.798;3.077;16.619;14.638;21.206;68.6;75.681;71.661
2024-01-12 06:00:00;1.834;2.132;2.528;2.999;17.753;16.716;20.422;66.487;70.576;70.689
2024-01-12 06:15:00;1.834;2.735;2.547;3.174;15.828;16.796;17.848;65.655;65.991;81.402
2024-01-12 06:30:00;1.839;2.311;3.205;3.132;15.487;15.071;19.736;70.504;67.31;79.306
2024-01-12 06:45:00;2.295;2.477;2.47;3.107;15.514;16.463;23.315;67.152;71.042;74.883
2024-01-12 07:00:00;2.14;2.328;3.527;3.035;17.202;17.85;18.572;66.211;79.014;75.794
2024-01-12 07:15:00;2.149;2.551;2.985;3.175;16.511;16.776;17.362;66.803;70.699;74.954
2024-01-12 07:30:00;2.263;2.539;2.892;3.268;16.408;14.852;18.683;65.65;68.911;77.679
2024-01-12 07:45:00;2.113;2.033;2.996;2.841;17.113;21.569;18.804;69.975;62.844;70.603
2024-01-12 08:00:00;2.476;3.389;4.008;3.582;23.129;27.605;27.54;62.078;79.87;79.744
2024-01-12 08:15:00;2.488;3.222;3.057;3.845;26.434;27.37;29.124;70.485;74.959;76.945
2024-01-12 08:30:00;2.511;2.834;3.022;3.329;26.306;25.531;26.343;72.315;76.139;73.553
2024-01-12 08:45:00;2.518;2.671;3.121;4.084;28.336;27.596;27.309;66.154;77.001;72.317
2024-01-12 09:00:00;3.288;3.63;3.959;4.744;23.86;26.95;29.644;78.418;71.143;79.626
2024-01-12 09:15:00;3.16;3.57;3.484;3.964;28.18;24.329;25.522;69.086;72.44;74.172
2024-01-12 09:30:00;3.289;3.632;3.956;4.771;26.106;25.573;29.881;61.349;79.741;71.156
2024-01-12 09:45:00;3.135;3.594;4.407;4.305;26.685;28.408;25.1;67.622;72.934;72.885
2024-01-12 10:00:00;3.79;4.291;4.616;5.105;28.346;30.155;25.561;69.307;75.055;79.231
2024-01-12 10:15:00;3.395;4.508;4.496;4.821;26.785;27.758;27.582;71.2;76.527;66.142
2024-01-12 10:30:00;3.949;4.306;4.408;5.261;26.561;28.877;28.87;67.739;75.343;73.045
2024-01-12 10:45:00;3.841;3.934;4.818;5.101;26.339;26.963;30.573;64.043;71.334;80.888
2024-01-12 11:00:00;4.422;4.946;4.81;5.18;25.323;27.068;28.495;63.635;71.824;74.075
2024-01-12 11:15:00;3.682;5.01;5.531;5.071;25.96;28.858;27.996;65.797;76.044;76.5
2024-01-12 11:30:00;4.629;5.358;5.555;4.98;24.998;29.727;29.351;66.267;76.035;80.977
2024-01-12 11:45:00;4.206;4.374;5.102;5.491;25.938;29.178;26.972;63.439;78.075;79.908
2024-01-12 12:00:00;4.611;4.856;5.197;5.777;22.73;25.579;28.629;65.409;74.866;72.58
2024-01-12 12:15:00;4.202;4.321;5.478;5.802;26.601;27.098;26.433;72.231;75.102;74.283
2024-01-12 12:30:00;4.516;4.927;5.496;5.563;25.83;27.622;28.535;77.077;69.68;79.976
2024-01-12 12:45:00;4.2;4.674;4.982;5.241;25.529;26.805;28.187;72.702;68.978;80.167
2024-01-12 13:00:00;4.114;5.075;4.89;5.221;26.308;27.79;27.081;75.399;76.059;74.516
2024-01-12 13:15:00;4.596;4.454;4.675;5.79;23.993;28.447;28.671;73.773;69.014;74.705
2024-01-12 13:30:00;4.196;4.244;5.143;5.282;28.701;28.724;28.66;73.082;71.892;76.472
2024-01-12 13:45:00;4.274;4.524;5.213;5.477;25.856;29.763;30.328;67.345;79.171;82.518
2024-01-12 14:00:00;3.94;3.721;4.211;4.642;25.796;26.699;25.767;69.69;78.347;80.872
2024-01-12 14:15:00;3.869;4.348;4.452;5.079;24.648;25.127;28.275;66.939;73.569;78.814
2024-01-12 14:30:00;3.804;3.7;4.211;4.833;26.034;27.745;27.153;67.926;70.46;69.067
2024-01-12 14:45:00;3.844;4.182;4.332;5.299;27.942;30.063;29.826;69.334;71.358;73.488
2024-01-12 15:00:00;3.607;3.072;4.099;4.59;27.45;26.475;29.636;72.496;76.512;73.777
2024-01-12 15:15:00;3.139;3.476;3.752;4.196;27.196;28.244;29.233;71.074;71.81;82.802
2024-01-12 15:30:00;3.188;3.928;3.869;4.311;26.765;28.258;27.246;68.207;69.097;73.686
2024-01-12 15:45:00;3.35;3.633;3.511;4.179;25.498;27.491;29.852;69.272;78.322;81.894
2024-01-12 16:00:00;2.735;2.726;3.375;3.285;23.97;27.211;25.891;71.124;72.944;71.861
2024-01-12 16:15:00;2.751;2.918;3.313;3.459;25.719;25.796;25.554;72.27;68.998;72.3
2024-01-12 16:30:00;2.646;2.929;3.128;3.786;25.67;23.732;26.308;61.557;74.49;77.648
2024-01-12 16:45:00;2.308;3.034;3.274;3.826;27.468;25.51;28.345;63.721;77.05;83.625
2024-01-12 17:00:00;2.378;2.153;2.916;3.314;26.433;26.607;29.507;74.426;66.76;73.835
2024-01-12 17:15:00;1.85;2.604;2.647;3.174;28.257;28.868;23.519;68.702;70.958;60.905
2024-01-12 17:30:00;2.125;1.845;2.469;3.557;27.676;27.043;30.569;66.922;70.717;66.397
2024-01-12 17:45:00;1.924;2.323;3.355;3.287;25.361;26.411;28.615;67.709;74.352;76.639
2024-01-12 18:00:00;1.888;2.188;2.529;3.318;23.487;25.846;25.829;67.708;75.286;66.889
2024-01-12 18:15:00;1.962;2.446;2.674;2.55;27.94;28.198;28.566;71.734;69.132;70.239
2024-01-12 18:30:00;1.961;2.305;2.973;1.884;27.903;29.265;30.192;63.571;64.238;75.068
2024-01-12 18:45:00;1.98;1.977;3.653;3.188;24.087;28.816;29.383;69.121;77.365;61.528
2024-01-12 19:00:00;2.374;2.241;2.531;2.826;18.113;18.121;20.202;70.206;66.176;72.912
2024-01-12 19:15:00;2.154;2.513;2.989;3.202;16.535;14.957;16.159;70.942;73.41;68.594
2024-01-12 19:30:00;2.021;2.449;2.676;3.174;16.225;16.665;17.721;70.092;71.314;66.755
2024-01-12 19:45:00;2.251;2.334;2.722;3.76;18.261;20.16;16.884;71.528;72.845;70.588
2024-01-12 20:00:00;2.751;2.814;3.131;3.849;17.883;18.905;21.217;66.194;80.586;69.119
2024-01-12 20:15:00;2.292;3.085;3.021;3.776;16.912;14.863;19.449;64.385;87.799;77.582
2024-01-12 20:30:00;2.639;2.806;3.314;3.984;16.663;17.116;23.069;81.039;63.506;81.581
2024-01-12 20:45:00;2.658;2.905;2.927;3.839;16.863;17.752;17.633;67.524;77.116;72.996
2024-01-12 21:00:00;3.093;4.049;4.206;4.208;15.44;16.042;17.212;68.096;71.188;71.721
2024-01-12 21:15:00;3.411;3.223;3.965;4.682;15.923;13.69;18.166;72.321;77.449;72.722
2024-01-12 21:30:00;3.121;3.124;4.064;4.006;14.737;17.35;20.661;76.821;76.978;68.905
2024-01-12 21:45:00;3.174;3.73;3.824;4.45;15.534;16.003;17.8;66.332;79.331;67.912
2024-01-12 22:00:00;3.742;4.019;4.476;4.495;15.487;16.009;18.604;64.106;73.482;65.949
2024-01-12 22:15:00;3.778;4.102;4.653;5.038;15.111;16.661;18.559;62.913;67.374;67.688
2024-01-12 22:30:00;3.567;3.995;4.261;5.035;16.191;16.997;18.465;76.806;76.824;83.976
2024-01-12 22:45:00;3.501;4.115;4.478;5.495;15.546;17.186;17.33;63.913;72.614;71.203
2024-01-12 23:00:00;4.535;5.0;4.8;4.947;16.703;15.856;18.175;68.865;70.784;58.821
2024-01-12 23:15:00;4.072;4.817;4.792;5.246;13.729;16.865;18.105;64.211;69.524;71.771
2024-01-12 23:30:00;4.044;4.831;4.463;5.688;15.841;14.529;18.388;61.903;77.233;66.253
2024-01-12 23:45:00;3.823;4.307;5.394;5.536;16.184;17.673;19.947;67.567;80.338;75.327
2024-01-13 00:00:00;4.279;4.535;5.015;5.656;15.565;12.858;21.287;52.405;53.784;62.734
2024-01-13 00:15:00;4.149;4.147;5.514;5.304;15.759;16.76;17.022;53.611;63.234;63.307
2024-01-13 00:30:00;4.712;4.614;5.489;5.417;13.781;18.597;17.757;66.83;58.064;62.776
2024-01-13 00:45:00;4.592;5.02;4.853;5.986;16.499;15.59;17.047;59.082;52.37;60.95
2024-01-13 01:00:00;4.102;4.751;4.739;5.417;16.907;18.289;18.707;61.564;60.768;54.993
2024-01-13 01:15:00;4.66;4.582;5.724;5.549;16.691;18.957;17.517;61.041;55.668;62.589
2024-01-13 01:30:00;4.419;4.627;5.505;5.397;17.454;12.172;18.793;56.506;51.796;68.604
2024-01-13 01:45:00;4.171;4.474;5.024;5.066;16.282;16.97;20.21;54.845;55.935;72.975
2024-01-13 02:00:00;3.3;4.222;4.644;5.264;16.67;12.829;14.258;58.22;54.656;61.691
2024-01-13 02:15:00;4.21;4.351;4.405;5.131;16.219;17.02;19.207;57.825;56.637;62.287
2024-01-13 02:30:00;3.511;3.803;4.692;5.69;16.963;17.189;17.645;54.213;53.105;65.752
2024-01-13 02:45:00;3.462;4.244;4.381;4.66;13.792;13.427;19.155;57.636;57.945;71.213
2024-01-13 03:00:00;3.344;3.764;3.401;4.605;14.749;20.126;16.93;53.539;56.291;60.325
2024-01-13 03:15:00;3.614;3.455;3.593;3.943;18.222;17.635;20.362;56.16;61.953;66.81
2024-01-13 03:30:00;3.413;3.711;3.956;4.399;12.555;15.909;19.898;55.357;63.086;58.474
2024-01-13 03:45:00;3.257;4.197;3.645;4.653;15.804;19.427;19.332;50.783;61.353;64.814
2024-01-13 04:00:00;2.638;2.901;3.307;3.083;17.641;14.471;19.701;45.479;58.776;68.338
2024-01-13 04:15:00;2.687;3.015;3.035;3.661;15.869;15.332;17.177;52.399;58.635;55.9
2024-01-13 04:30:00;2.669;2.755;3.114;3.55;15.433;13.705;17.384;65.84;55.647;60.112
2024-01-13 04:45:00;2.578;2.967;3.555;3.507;16.181;19.938;19.634;55.483;55.772;68.251
2024-01-13 05:00:00;2.087;2.573;2.934;3.387;15.506;17.705;17.141;60.802;63.659;66.389
2024-01-13 05:15:00;2.056;2.512;2.865;3.615;16.043;18.202;20.771;46.59;50.85;68.698
2024-01-13 05:30:00;1.924;2.233;3.105;3.226;15.043;17.658;17.869;52.059;59.58;67.666
2024-01-13 05:45:00;2.014;2.515;2.997;3.331;17.552;18.072;19.223;50.363;58.318;61.124
2024-01-13 06:00:00;1.578;2.636;3.091;3.135;17.993;17.319;21.843;56.009;63.115;75.096
2024-01-13 06:15:00;1.881;2.403;2.576;3.101;15.813;17.612;17.242;68.868;52.59;63.753
2024-01-13 06:30:00;1.712;2.521;2.584;2.762;14.059;17.364;18.513;59.255;60.065;46.194
2024-01-13 06:45:00;1.69;2.245;2.349;3.444;15.267;16.275;20.129;65.309;61.784;61.447
2024-01-13 07:00:00;2.102;2.64;2.752;3.359;15.742;17.129;19.96;55.753;50.095;60.42
2024-01-13 07:15:00;2.332;2.532;3.128;3.39;16.708;17.616;17.862;63.688;54.413;67.374
2024-01-13 07:30:00;2.242;2.249;3.218;3.017;14.589;17.368;17.553;67.159;59.523;60.518
2024-01-13 07:45:00;1.769;2.541;3.127;3.125;14.923;14.954;18.018;56.464;62.674;69.044
2024-01-13 08:00:00;2.337;2.697;2.841;3.67;26.715;25.156;30.774;54.358;60.949;66.07
2024-01-13 08:15:00;2.704;2.779;3.617;3.249;27.314;28.846;27.942;50.543;62.914;57.5
2024-01-13 08:30:00;2.338;2.969;2.829;3.202;25.13;26.733;28.528;55.486;54.387;62.228
2024-01-13 08:45:00;2.482;2.993;3.567;3.539;24.133;28.089;27.7;57.401;51.738;58.735
2024-01-13 09:00:00;3.255;3.276;3.851;4.512;30.598;25.54;29.557;66.952;60.439;64.016
2024-01-13 09:15:00;2.966;3.792;4.14;4.148;27.097;24.961;28.655;50.655;53.607;58.702
2024-01-13 09:30:00;3.17;3.682;3.59;4.034;25.626;25.918;26.754;57.292;55.5;63.409
2024-01-13 09:45:00;2.897;3.388;4.266;4.097;27.217;26.862;26.811;48.11;64.848;61.502
2024-01-13 10:00:00;3.661;3.821;4.179;4.834;25.826;26.189;25.122;54.909;60.983;62.163
2024-01-13 10:15:00;3.836;4.142;4.395;4.865;27.214;29.167;27.037;58.526;57.046;74.28
2024-01-13 10:30:00;3.472;4.072;4.306;5.646;26.223;27.473;29.702;59.512;56.37;61.017
2024-01-13 10:45:00;3.859;4.201;4.101;5.302;26.128;30.01;30.571;59.886;63.229;52.361
2024-01-13 11:00:00;4.229;4.549;5.058;5.75;25.841;27.815;29.524;58.947;61.102;68.587
2024-01-13 11:15:00;4.338;4.171;5.52;5.795;23.974;23.533;29.31;59.844;53.684;68.544
2024-01-13 11:30:00;4.275;4.543;5.753;5.123;28.713;28.805;28.192;57.224;49.871;52.116
2024-01-13 11:45:00;4.492;4.562;5.059;5.054;24.682;24.905;29.671;51.865;69.785;59.145
2024-01-13 12:00:00;4.424;4.946;5.502;5.257;24.096;27.55;28.869;47.927;53.643;65.397
2024-01-13 12:15:00;4.318;4.639;5.263;6.014;25.702;26.022;31.359;54.321;62.744;65.883
2024-01-13 12:30:00;4.423;5.186;5.335;5.43;24.654;30.457;28.239;56.34;67.856;62.974
2024-01-13 12:45:00;4.503;4.36;5.108;5.212;25.928;29.388;30.603;63.144;60.768;63.098
2024-01-13 13:00:00;4.242;4.934;5.085;5.299;26.963;26.072;29.834;56.507;56.878;57.838
2024-01-13 13:15:00;4.24;4.581;5.178;5.359;27.393;27.006;29.606;56.037;52.585;49.801
2024-01-13 13:30:00;4.099;4.83;4.876;5.516;27.141;27.572;25.101;58.889;52.512;74.272
2024-01-13 13:45:00;4.107;4.651;5.012;5.51;25.572;28.512;29.924;55.677;61.959;57.672
2024-01-13 14:00:00;3.509;4.437;4.559;4.718;26.069;27.244;28.191;60.972;67.545;63.971
2024-01-13 14:15:00;4.107;4.086;4.798;5.188;26.571;25.642;27.672;66.699;57.944;62.126
2024-01-13 14:30:00;3.539;3.922;4.287;4.777;23.539;26.109;25.968;67.735;57.11;67.935
2024-01-13 14:45:00;3.643;4.502;4.561;4.927;26.799;27.193;28.391;57.475;63.627;63.632
2024-01-13 15:00:00;3.014;3.524;4.466;4.563;23.96;29.076;28.455;58.651;56.433;63.844
2024-01-13 15:15:00;3.32;3.601;4.264;4.151;28.856;27.85;26.263;64.736;61.427;48.511
2024-01-13 15:30:00;3.094;3.834;4.314;4.174;25.434;26.024;25.984;56.265;60.217;58.417
2024-01-13 15:45:00;3.387;3.313;3.957;4.533;25.741;28.186;29.198;60.328;57.871;67.095
2024-01-13 16:00:00;2.397;3.062;3.412;3.459;24.922;26.612;29.83;51.438;59.919;66.601
2024-01-13 16:15:00;2.578;2.789;3.596;3.606;25.118;28.553;28.712;55.477;69.168;57.766
2024-01-13 16:30:00;2.366;2.895;3.746;3.897;29.184;31.041;30.287;62.665;63.144;54.321
2024-01-13 16:45:00;2.933;2.942;2.798;4.362;27.317;26.655;28.258;53.481;65.681;63.696
2024-01-13 17:00:00;1.842;2.122;2.512;3.455;23.831;28.418;28.311;56.373;55.223;47.013
2024-01-13 17:15:00;2.126;2.288;3.221;3.414;28.106;26.067;26.896;49.286;65.699;56.682
2024-01-13 17:30:00;2.188;2.778;2.793;3.432;27.671;27.029;25.841;66.828;63.323;72.681
2024-01-13 17:45:00;2.146;2.671;2.686;2.935;25.606;27.245;31.442;63.189;52.202;70.948
2024-01-13 18:00:00;1.865;2.286;2.361;3.136;26.429;26.906;30.255;57.922;62.807;65.68
2024-01-13 18:15:00;1.875;2.356;2.55;3.091;25.979;30.944;26.116;59.487;57.331;64.69
2024-01-13 18:30:00;1.908;2.232;2.321;3.2;28.762;26.734;28.655;58.94;51.962;52.274
2024-01-13 18:45:00;1.872;2.612;3.265;3.136;24.885;28.092;28.236;63.783;60.675;58.926
2024-01-13 19:00:00;2.251;2.421;2.861;3.385;16.204;14.266;17.951;54.458;62.803;61.377
2024-01-13 19:15:00;2.487;2.521;2.852;3.171;15.401;17.857;17.729;60.588;60.788;59.043
2024-01-13 19:30:00;1.962;2.731;3.026;3.286;13.994;18.936;19.025;62.279;59.432;61.074
2024-01-13 19:45:00;1.807;2.289;3.127;2.887;19.068;16.398;19.742;62.955;58.281;70.146
2024-01-13 20:00:00;2.508;3.284;3.58;3.626;14.346;13.384;19.06;45.929;72.826;60.02
2024-01-13 20:15:00;3.015;2.573;3.615;4.156;16.308;17.141;18.202;54.064;53.851;61.125
2024-01-13 20:30:00;2.372;3.3;3.155;3.824;13.563;17.226;18.142;52.006;64.539;67.067
2024-01-13 20:45:00;2.836;2.839;3.245;3.719;15.441;18.301;19.936;57.733;60.08;55.193
2024-01-13 21:00:00;3.469;3.494;4.158;4.938;16.591;20.257;19.16;47.121;55.557;58.379
2024-01-13 21:15:00;3.045;3.115;3.808;3.928;14.845;16.622;18.519;46.976;59.748;58.943
2024-01-13 21:30:00;3.258;3.445;3.949;4.006;16.822;15.898;18.341;67.633;52.757;63.306
2024-01-13 21:45:00;3.459;3.311;4.058;4.881;15.623;15.426;18.966;60.027;56.903;61.103
2024-01-13 22:00:00;3.703;4.035;4.787;4.989;17.624;17.501;17.632;57.593;59.756;61.277
2024-01-13 22:15:00;3.736;4.143;4.095;4.9;17.906;17.929;19.747;58.782;51.934;59.343
2024-01-13 22:30:00;3.664;4.395;4.768;4.603;15.179;16.371;16.636;57.717;62.633;57.11
2024-01-13 22:45:00;3.582;4.223;4.512;5.114;16.107;18.384;17.725;61.887;54.988;66.35
2024-01-13 23:00:00;4.109;4.703;5.224;5.601;16.257;17.907;19.402;53.901;52.451;61.142
2024-01-13 23:15:00;4.0;4.381;5.242;5.093;16.867;17.266;16.542;57.914;54.382;66.405
2024-01-13 23:30:00;4.239;4.43;5.467;5.389;16.02;15.828;15.82;58.114;71.315;56.886
2024-01-13 23:45:00;4.086;5.046;5.398;5.329;16.266;16.468;18.503;51.87;49.714;59.341
2024-01-14 00:00:00;4.444;4.631;5.564;5.679;15.659;13.507;15.618;63.257;62.268;61.783
2024-01-14 00:15:00;4.104;5.181;5.59;5.253;16.161;17.558;16.27;54.816;56.091;62.297
2024-01-14 00:30:00;4.463;4.744;5.279;5.988;17.817;17.24;19.641;61.985;58.179;67.149
2024-01-14 00:45:00;4.558;4.801;5.209;5.884;16.905;17.486;18.064;57.563;63.14;60.632
2024-01-14 01:00:00;3.854;4.879;5.268;5.32;16.982;17.967;20.508;65.005;62.885;67.107
2024-01-14 01:15:00;4.304;4.925;5.23;5.365;17.012;17.786;16.424;51.897;56.46;65.062
2024-01-14 01:30:00;4.466;4.607;4.949;5.39;15.785;17.032;18.246;51.685;52.939;62.412
2024-01-14 01:45:00;4.003;4.543;5.142;5.191;16.446;17.274;19.055;52.562;63.235;57.768
2024-01-14 02:00:00;4.093;4.162;4.566;4.838;14.481;15.065;16.48;57.653;62.872;67.163
2024-01-14 02:15:00;3.855;4.253;4.344;4.891;17.776;16.313;20.092;64.553;58.518;57.905
2024-01-14 02:30:00;3.641;4.38;4.923;5.475;12.104;17.277;19.238;64.806;62.298;62.883
2024-01-14 02:45:00;3.764;4.176;4.59;5.268;15.878;16.082;15.761;45.681;57.682;62.703
2024-01-14 03:00:00;3.256;3.692;4.503;4.64;17.597;18.507;18.338;58.224;55.699;61.861
2024-01-14 03:15:00;3.164;3.927;3.511;4.465;14.091;16.199;19.033;41.257;60.021;60.859
2024-01-14 03:30:00;3.252;3.638;3.8;4.004;16.56;17.529;17.432;60.896;62.699;58.479
2024-01-14 03:45:00;2.975;3.622;3.959;4.337;15.047;17.377;15.973;62.479;61.608;54.107
2024-01-14 04:00:00;2.557;2.576;3.632;4.026;15.484;18.334;18.857;56.803;62.648;70.721
2024-01-14 04:15:00;2.256;2.32;3.433;3.335;17.324;18.569;22.026;57.412;56.045;60.296
2024-01-14 04:30:00;2.504;3.014;3.409;3.922;16.277;18.255;17.765;57.361;68.226;62.295
2024-01-14 04:45:00;2.353;2.903;3.021;4.445;13.152;13.999;20.974;53.156;58.22;62.262
2024-01-14 05:00:00;1.928;2.349;2.555;3.597;14.633;19.015;17.166;59.115;59.382;69.026
2024-01-14 05:15:00;2.302;2.523;2.955;3.706;17.365;19.522;18.753;55.866;53.143;73.633
2024-01-14 05:30:00;2.275;2.454;2.499;3.335;16.629;16.467;19.665;61.558;58.992;63.879
2024-01-14 05:45:00;2.183;2.727;2.724;3.568;18.447;17.56;18.386;56.443;62.768;62.136
2024-01-14 06:00:00;1.692;2.32;2.835;2.877;18.356;15.846;17.912;52.781;63.965;56.821
2024-01-14 06:15:00;1.84;2.128;2.435;3.347;15.521;14.238;19.591;49.474;68.122;55.06
2024-01-14 06:30:00;2.13;2.528;3.133;3.303;19.505;16.077;21.502;47.866;62.705;53.243
2024-01-14 06:45:00;1.927;2.25;3.03;3.19;16.034;16.379;18.893;63.431;61.44;58.623
2024-01-14 07:00:00;2.508;2.589;2.443;3.675;14.652;16.661;17.554;54.757;57.679;51.5
2024-01-14 07:15:00;2.142;2.358;2.616;3.1;15.113;15.742;18.089;58.659;56.559;68.934
2024-01-14 07:30:00;2.104;2.318;2.25;3.209;12.841;16.085;22.532;65.738;65.045;65.327
2024-01-14 07:45:00;2.009;2.487;2.656;3.297;18.25;17.183;18.621;54.242;64.946;61.616
2024-01-14 08:00:00;2.55;2.928;3.532;3.406;28.233;26.029;27.425;53.925;54.4;69.102
2024-01-14 08:15:00;2.496;3.035;3.213;3.795;24.578;28.026;26.522;56.352;63.76;57.109
2024-01-14 08:30:00;2.66;2.863;3.449;3.192;25.681;28.236;25.406;57.144;63.382;58.49
2024-01-14 08:45:00;2.707;2.503;2.914;4.05;26.134;30.818;28.996;66.249;54.208;52.364
2024-01-14 09:00:00;3.001;3.45;4.165;4.364;24.656;28.911;29.474;64.673;62.81;67.259
2024-01-14 09:15:00;2.897;3.733;3.8;4.189;23.543;27.57;27.749;60.042;54.542;58.543
2024-01-14 09:30:00;2.801;3.482;3.953;4.091;25.705;26.257;28.375;64.102;47.368;63.086
2024-01-14 09:45:00;3.247;3.493;3.925;4.277;25.55;27.646;26.48;56.127;59.167;68.514
2024-01-14 10:00:00;3.565;4.402;4.232;5.188;25.456;27.696;28.618;58.466;61.341;70.54
2024-01-14 10:15:00;3.366;4.011;4.264;5.145;26.312;26.42;29.19;55.523;59.402;62.84
2024-01-14 10:30:00;3.849;3.82;4.836;4.756;28.001;28.391;27.522;50.677;74.909;65.113
2024-01-14 10:45:00;4.249;4.138;4.683;4.713;25.576;25.075;31.172;62.899;61.97;58.029
2024-01-14 11:00:00;4.231;4.521;5.316;5.636;26.239;26.829;27.027;59.605;60.765;72.259
2024-01-14 11:15:00;4.392;4.41;5.12;5.209;27.018;28.045;28.865;57.089;62.234;62.086
2024-01-14 11:30:00;4.248;4.592;5.071;5.451;26.776;26.763;29.791;56.988;57.705;63.442
2024-01-14 11:45:00;4.214;4.746;4.567;5.471;25.14;26.886;28.273;49.62;64.833;60.762
2024-01-14 12:00:00;4.575;4.798;5.127;5.697;26.135;26.991;28.091;52.21;61.877;69.596
2024-01-14 12:15:00;4.345;4.871;5.193;5.866;26.767;25.93;26.057;58.647;61.639;64.098
2024-01-14 12:30:00;4.451;5.217;5.727;5.208;24.42;28.984;30.626;54.407;56.755;67.185
2024-01-14 12:45:00;4.461;4.721;5.385;5.008;27.769;25.653;28.121;55.933;51.865;64.947
2024-01-14 13:00:00;4.106;4.697;5.447;5.257;28.004;27.684;29.281;56.487;57.393;61.788
2024-01-14 13:15:00;4.421;4.515;5.194;5.991;24.988;27.829;29.503;53.656;61.47;68.112
2024-01-14 13:30:00;4.199;4.438;4.84;6.059;26.271;25.758;27.37;52.257;57.688;64.899
2024-01-14 13:45:00;4.089;4.498;5.064;6.0;26.899;27.311;28.076;49.099;61.517;57.715
2024-01-14 14:00:00;3.877;4.065;4.639;4.915;25.236;25.817;30.589;56.282;58.792;57.559
2024-01-14 14:15:00;3.604;4.258;4.321;4.423;26.674;29.314;26.568;60.031;62.239;63.819
2024-01-14 14:30:00;3.78;4.715;4.471;4.249;26.229;25.469;31.89;48.946;54.921;67.991
2024-01-14 14:45:00;3.773;4.01;4.519;4.785;23.945;26.206;27.178;56.882;61.003;72.017
2024-01-14 15:00:00;3.356;3.454;4.384;4.289;26.643;25.339;26.466;58.378;56.667;53.225
2024-01-14 15:15:00;3.24;3.535;3.388;4.753;24.46;25.136;28.617;52.151;52.001;63.141
2024-01-14 15:30:00;3.145;3.641;4.276;4.619;27.315;29.619;32.022;63.968;59.141;65.693
2024-01-14 15:45:00;3.305;3.611;3.697;4.42;25.06;28.025;25.266;55.11;67.989;64.626
2024-01-14 16:00:00;2.789;3.22;2.955;3.449;25.774;27.413;28.169;56.504;52.415;68.551
2024-01-14 16:15:00;2.631;2.367;3.644;3.427;27.921;26.202;29.181;56.21;60.621;66.605
2024-01-14 16:30:00;2.527;2.376;3.523;3.804;26.695;28.58;28.455;48.323;64.147;57.58
2024-01-14 16:45:00;2.276;2.811;3.664;3.941;24.489;25.947;29.026;61.943;71.96;57.419
2024-01-14 17:00:00;1.865;2.72;3.084;3.389;24.579;28.406;27.222;52.318;57.437;64.719
2024-01-14 17:15:00;2.009;2.107;3.424;2.947;25.161;25.874;27.416;55.841;56.714;68.448
2024-01-14 17:30:00;1.952;1.776;3.018;3.469;26.553;26.22;28.157;59.929;53.933;63.789
2024-01-14 17:45:00;2.032;2.599;2.825;3.4;26.502;28.353;26.547;64.158;65.931;54.321
2024-01-14 18:00:00;1.911;2.356;2.793;2.768;24.82;28.513;28.327;51.708;55.489;57.241
2024-01-14 18:15:00;2.001;2.049;3.036;2.857;24.366;28.108;27.762;54.812;58.073;66.803
2024-01-14 18:30:00;1.887;2.073;2.49;3.313;26.394;25.604;27.629;63.774;50.386;61.082
2024-01-14 18:45:00;1.992;2.077;2.524;3.027;25.745;26.521;28.926;59.272;64.597;63.649
2024-01-14 19:00:00;2.08;2.493;2.784;3.76;19.02;17.438;15.414;60.289;66.023;68.86
2024-01-14 19:15:00;1.692;2.323;2.299;3.423;16.051;15.909;18.024;51.849;64.398;56.388
2024-01-14 19:30:00;1.889;2.581;2.905;3.117;18.54;19.284;22.2;55.142;51.652;60.722
2024-01-14 19:45:00;2.04;1.811;2.358;3.264;14.361;13.549;16.619;56.178;63.157;60.124
2024-01-14 20:00:00;2.295;2.728;3.339;3.745;13.798;16.016;20.508;52.796;51.302;64.955
2024-01-14 20:15:00;2.639;2.666;3.559;3.499;14.432;16.425;18.49;48.795;60.302;67.251
2024-01-14 20:30:00;2.816;2.866;3.196;3.442;17.665;12.877;17.411;54.499;61.066;54.859
2024-01-14 20:45:00;2.757;2.801;3.778;3.942;18.459;15.078;16.234;63.636;61.613;62.97
2024-01-14 21:00:00;3.109;3.734;3.556;4.612;14.905;18.15;18.629;57.29;62.78;67.781
2024-01-14 21:15:00;3.433;3.122;4.272;4.537;15.355;17.246;20.784;63.734;59.958;52.799
2024-01-14 21:30:00;3.178;3.56;4.132;4.82;14.363;19.591;17.762;57.877;49.795;62.646
2024-01-14 21:45:00;3.086;3.678;3.487;4.182;13.464;19.549;18.267;53.253;62.783;56.313
2024-01-14 22:00:00;3.658;4.602;5.307;5.494;17.006;17.858;20.057;63.26;60.508;59.471
2024-01-14 22:15:00;3.718;4.064;4.558;4.696;16.312;17.676;18.959;58.04;55.306;49.222
2024-01-14 22:30:00;3.701;4.25;4.338;4.661;16.015;17.3;15.821;61.713;51.839;70.66
2024-01-14 22:45:00;3.807;3.76;4.195;4.429;14.04;13.164;18.562;51.765;68.008;61.043
2024-01-14 23:00:00;4.263;4.082;4.973;5.294;18.296;15.08;20.88;62.09;66.403;58.56
2024-01-14 23:15:00;4.233;4.827;4.998;5.276;15.295;17.353;18.339;62.238;63.671;64.805
2024-01-14 23:30:00;4.316;4.631;5.06;5.596;16.747;18.136;13.904;58.42;56.483;57.267
2024-01-14 23:45:00;4.459;4.904;4.952;5.508;13.964;17.64;19.037;53.046;46.912;56.745
2024-01-15 00:00:00;4.58;4.484;5.371;5.23;15.733;15.843;18.075;68.775;75.976;83.307
2024-01-15 00:15:00;4.118;4.92;5.095;5.478;16.408;18.625;15.4;71.995;73.907;84.948
2024-01-15 00:30:00;3.915;5.23;4.678;5.485;16.458;19.453;15.646;70.149;70.052;71.744
2024-01-15 00:45:00;4.578;4.897;5.16;5.049;16.217;18.626;19.999;71.945;77.849;80.87
2024-01-15 01:00:00;3.973;4.696;4.393;5.128;16.692;18.704;17.199;73.96;76.41;76.958
2024-01-15 01:15:00;4.19;4.634;5.128;5.194;14.417;16.35;16.912;65.823;72.916;67.224
2024-01-15 01:30:00;4.01;4.271;4.768;5.877;16.276;18.835;18.342;63.34;72.182;69.895
2024-01-15 01:45:00;3.89;4.944;5.077;5.492;16.159;17.422;17.344;68.816;72.265;83.531
2024-01-15 02:00:00;3.878;4.035;4.93;5.18;16.324;17.978;18.564;67.384;75.536;67.153
2024-01-15 02:15:00;3.919;4.291;4.319;4.51;16.101;17.755;18.068;72.851;67.541;87.545
2024-01-15 02:30:00;3.665;3.816;4.862;5.345;14.218;17.015;16.432;63.735;74.215;71.858
2024-01-15 02:45:00;3.283;3.904;4.458;5.378;14.155;15.893;17.562;74.0;67.213;83.694
2024-01-15 03:00:00;3.046;3.88;4.423;3.731;12.9;17.075;19.126;75.633;78.95;73.319
2024-01-15 03:15:00;3.224;3.47;3.851;4.131;17.145;18.7;18.469;69.001;74.767;79.399
2024-01-15 03:30:00;2.869;3.884;3.723;4.504;17.159;16.529;18.266;69.298;68.421;82.673
2024-01-15 03:45:00;3.185;3.532;4.136;4.55;17.181;18.558;21.577;65.239;72.419;82.645
2024-01-15 04:00:00;2.522;2.501;3.207;3.515;16.43;18.32;19.599;66.341;67.56;71.786
2024-01-15 04:15:00;2.635;3.13;3.098;3.63;13.014;16.746;19.798;66.999;79.821;70.284
2024-01-15 04:30:00;2.548;2.789;3.196;3.54;14.563;19.311;18.128;76.07;80.439;74.553
2024-01-15 04:45:00;2.34;3.086;3.313;3.759;16.239;16.66;18.761;68.648;75.62;67.847
2024-01-15 05:00:00;2.295;2.473;3.23;3.639;16.19;19.495;17.693;62.521;80.095;76.316
2024-01-15 05:15:00;2.037;2.113;2.345;3.028;15.688;17.86;19.675;70.251;72.789;70.486
2024-01-15 05:30:00;2.062;2.505;2.874;3.578;16.516;17.176;18.219;73.049;75.97;80.955
2024-01-15 05:45:00;1.89;2.973;3.036;3.025;16.016;15.851;18.765;68.875;78.369;71.864
2024-01-15 06:00:00;1.816;2.413;2.752;2.837;16.169;17.066;18.663;76.199;71.97;65.418
2024-01-15 06:15:00;1.732;2.287;3.054;3.354;15.105;16.89;18.37;72.81;72.37;82.705
2024-01-15 06:30:00;1.867;2.547;2.68;3.386;17.375;15.287;23.219;63.859;76.855;76.009
2024-01-15 06:45:00;2.225;2.348;2.65;3.364;15.397;16.869;17.307;66.298;75.362;75.16
2024-01-15 07:00:00;1.807;2.516;3.027;2.86;14.137;15.978;17.292;70.109;68.072;81.019
2024-01-15 07:15:00;1.761;2.216;2.894;3.123;14.921;18.091;19.538;60.836;60.628;79.794
2024-01-15 07:30:00;2.347;2.521;2.762;3.523;15.512;19.186;17.424;70.648;71.087;70.81
2024-01-15 07:45:00;2.028;2.706;3.007;3.28;17.392;15.335;17.922;60.368;61.096;72.526
2024-01-15 08:00:00;2.398;2.733;3.149;3.392;25.941;29.803;26.618;74.015;66.847;68.879
2024-01-15 08:15:00;2.723;3.253;3.16;3.867;25.739;27.005;29.206;73.446;67.454;66.946
2024-01-15 08:30:00;2.41;2.904;3.182;3.503;24.252;25.718;29.227;71.473;69.043;78.182
2024-01-15 08:45:00;2.872;2.721;3.69;4.281;27.1;28.352;27.883;65.688;76.266;77.157
2024-01-15 09:00:00;3.279;3.779;3.08;4.829;25.087;26.521;29.572;69.834;77.396;79.185
2024-01-15 09:15:00;3.057;3.484;4.057;4.537;25.86;27.076;25.353;66.484;74.645;82.049
2024-01-15 09:30:00;3.56;3.725;3.959;4.772;28.072;26.585;27.241;63.949;75.289;79.26
2024-01-15 09:45:00;3.035;3.483;3.496;4.37;26.712;25.959;28.121;67.34;75.412;79.749
2024-01-15 10:00:00;3.916;4.161;4.659;5.212;23.72;28.3;26.477;72.422;59.016;63.571
2024-01-15 10:15:00;3.832;4.289;4.703;5.433;23.523;26.765;25.532;69.215;72.053;73.312
2024-01-15 10:30:00;4.022;4.242;4.734;5.051;25.91;25.016;27.895;76.108;62.658;80.305
2024-01-15 10:45:00;4.072;3.716;3.859;4.896;24.302;28.038;29.538;72.752;74.648;68.575
2024-01-15 11:00:00;4.239;4.375;5.401;4.904;26.908;25.368;30.503;72.228;61.116;75.504
2024-01-15 11:15:00;4.089;4.846;4.833;5.407;26.059;25.447;27.502;61.116;71.062;77.857
2024-01-15 11:30:00;4.32;4.602;5.218;5.688;26.232;29.013;29.602;67.603;74.848;77.436
2024-01-15 11:45:00;4.104;4.512;5.233;5.726;25.011;25.382;29.444;63.785;66.188;77.028
2024-01-15 12:00:00;4.783;4.488;4.963;5.756;28.438;23.679;30.399;68.103;77.001;78.294
2024-01-15 12:15:00;4.426;4.552;5.378;5.432;29.98;28.147;27.826;65.603;74.634;75.994
2024-01-15 12:30:00;4.331;4.335;5.096;4.987;25.61;26.738;25.45;67.15;73.98;66.954
2024-01-15 12:45:00;4.435;4.777;4.641;5.446;26.494;26.869;28.515;74.2;75.63;77.788
2024-01-15 13:00:00;3.977;4.495;5.348;5.338;26.136;26.722;26.737;71.329;70.132;76.566
2024-01-15 13:15:00;4.048;4.41;4.823;5.336;25.636;27.552;27.213;73.935;72.79;67.026
2024-01-15 13:30:00;4.461;4.617;4.802;5.624;24.835;26.056;27.906;61.157;72.052;82.589
2024-01-15 13:45:00;4.108;4.716;4.924;6.048;24.481;29.444;27.844;69.284;71.935;77.936
2024-01-15 14:00:00;3.576;4.656;4.649;5.013;24.41;24.956;28.632;73.737;68.505;67.408
2024-01-15 14:15:00;3.877;3.827;4.56;4.908;26.567;27.876;29.553;76.381;65.539;70.505
2024-01-15 14:30:00;4.0;4.442;4.723;4.895;25.272;28.176;27.797;61.414;70.248;71.898
2024-01-15 14:45:00;3.912;4.399;4.213;5.014;22.39;26.045;29.049;67.278;69.962;71.894
2024-01-15 15:00:00;3.339;3.371;3.75;4.093;26.623;25.644;28.424;74.068;68.169;76.612
2024-01-15 15:15:00;3.006;3.597;3.919;4.387;25.946;28.746;29.934;68.058;76.431;69.63
2024-01-15 15:30:00;2.88;3.445;4.462;4.49;27.885;25.694;28.091;64.539;65.905;81.205
2024-01-15 15:45:00;3.435;3.593;3.919;4.415;26.522;26.278;28.271;61.405;71.108;80.752
2024-01-15 16:00:00;2.464;3.272;3.618;3.867;23.93;28.549;27.786;64.351;78.065;78.406
2024-01-15 16:15:00;2.477;3.064;3.335;3.859;22.878;27.253;28.134;60.724;76.727;75.243
2024-01-15 16:30:00;2.777;3.042;3.194;3.176;24.993;24.468;27.115;69.286;78.325;80.156
2024-01-15 16:45:00;2.631;2.826;3.258;3.922;25.125;29.856;26.953;73.392;68.928;73.482
2024-01-15 17:00:00;2.154;2.126;2.822;3.059;27.32;26.394;29.672;62.821;76.078;71.015
2024-01-15 17:15:00;2.479;2.42;3.03;2.928;25.988;26.588;26.624;70.263;66.473;81.546
2024-01-15 17:30:00;1.945;2.745;3.239;2.925;27.587;27.589;27.877;73.142;70.565;76.746
2024-01-15 17:45:00;2.244;2.116;2.965;3.402;24.145;28.15;30.065;68.987;71.055;71.238
2024-01-15 18:00:00;1.911;2.057;3.021;3.031;27.351;30.181;27.822;61.108;69.006;72.702
2024-01-15 18:15:00;1.951;2.329;2.44;2.579;27.009;24.677;29.759;70.892;70.119;70.95
2024-01-15 18:30:00;2.19;2.074;2.588;3.248;23.174;28.455;27.431;68.732;69.434;86.122
2024-01-15 18:45:00;1.996;2.118;2.504;2.654;27.852;28.329;26.676;68.233;66.892;75.023
2024-01-15 19:00:00;2.17;2.37;2.952;3.311;16.131;16.992;15.784;66.32;76.453;75.868
2024-01-15 19:15:00;2.271;2.153;2.771;3.341;16.549;18.397;20.553;69.425;71.051;78.967
2024-01-15 19:30:00;1.998;2.243;3.065;3.542;14.789;18.62;16.536;71.498;73.047;68.316
2024-01-15 19:45:00;1.908;2.629;2.616;3.82;17.785;15.099;19.625;80.714;72.852;81.031
2024-01-15 20:00:00;2.326;2.624;3.337;3.302;14.34;19.86;16.76;69.55;72.285;71.657
2024-01-15 20:15:00;2.151;2.557;3.51;3.709;17.165;14.831;20.561;76.405;72.483;85.065
2024-01-15 20:30:00;2.916;2.78;2.767;3.639;17.149;15.474;22.019;70.753;70.412;73.28
2024-01-15 20:45:00;2.315;3.093;3.898;3.859;14.636;16.802;15.634;68.512;79.376;80.707
2024-01-15 21:00:00;3.108;3.505;3.874;4.417;18.777;20.126;16.621;69.728;75.956;61.268
2024-01-15 21:15:00;3.097;3.443;3.403;4.241;16.324;16.731;19.668;63.013;72.096;68.537
2024-01-15 21:30:00;3.208;3.56;3.993;4.213;16.915;17.151;19.241;70.499;69.675;73.385
2024-01-15 21:45:00;3.305;3.148;3.959;4.004;13.862;19.377;19.674;59.239;71.382;63.831
2024-01-15 22:00:00;3.938;4.289;4.553;5.281;18.965;16.744;17.459;64.773;74.172;78.305
2024-01-15 22:15:00;3.664;4.263;4.843;5.117;14.286;15.409;21.66;69.538;79.8;76.721
2024-01-15 22:30:00;3.743;4.081;4.777;5.26;17.435;16.566;18.594;74.851;64.86;69.55
2024-01-15 22:45:00;3.829;4.406;4.655;4.879;14.607;19.284;16.404;76.01;75.431;74.912
2024-01-15 23:00:00;4.185;4.373;5.154;5.229;15.133;17.308;17.985;67.841;77.859;79.436
2024-01-15 23:15:00;4.538;4.892;5.004;5.098;17.104;20.135;16.426;69.763;64.269;63.433
2024-01-15 23:30:00;4.326;4.668;5.512;5.544;17.439;18.322;21.009;73.823;71.058;67.996
2024-01-15 23:45:00;4.372;4.555;4.633;5.11;14.22;16.22;17.317;62.485;66.465;73.157
2024-01-16 00:00:00;4.526;4.795;5.238;6.173;17.527;17.278;19.208;70.983;74.239;75.13
2024-01-16 00:15:00;4.623;4.775;5.218;5.195;17.463;15.903;17.628;64.943;70.137;74.678
2024-01-16 00:30:00;4.434;5.081;5.42;5.685;14.687;16.184;17.391;68.158;71.323;79.891
2024-01-16 00:45:00;4.154;4.552;4.972;6.086;18.238;24.008;15.267;66.751;69.863;77.625
2024-01-16 01:00:00;4.308;4.457;4.562;5.618;13.96;18.748;19.381;71.133;75.745;78.831
2024-01-16 01:15:00;4.109;4.871;5.075;5.487;15.125;18.509;20.531;71.696;73.191;67.356
2024-01-16 01:30:00;4.132;4.496;5.108;5.132;16.671;16.253;16.898;73.366;73.201;75.797
2024-01-16 01:45:00;4.344;4.84;5.435;5.004;14.805;19.586;15.866;70.706;72.835;73.311
2024-01-16 02:00:00;4.01;4.566;4.232;5.214;16.369;18.871;19.717;69.841;74.977;83.041
2024-01-16 02:15:00;3.779;4.083;4.887;5.442;16.338;20.06;15.7;78.085;70.638;75.959
2024-01-16 02:30:00;3.834;4.332;5.214;4.839;15.738;19.986;20.4;61.531;80.844;71.32
2024-01-16 02:45:00;4.098;3.91;4.473;4.622;17.165;14.952;16.917;77.308;65.579;79.689
2024-01-16 03:00:00;3.196;3.724;3.601;3.588;15.68;15.513;16.591;67.58;63.025;78.098
2024-01-16 03:15:00;3.644;3.596;3.84;4.046;16.324;15.674;18.807;71.797;62.595;70.481
2024-01-16 03:30:00;3.257;3.659;3.954;4.315;17.605;15.765;16.697;67.404;61.186;73.083
2024-01-16 03:45:00;2.815;3.402;4.102;4.846;17.107;17.692;17.24;65.558;75.5;73.177
2024-01-16 04:00:00;2.668;2.543;3.165;3.934;17.1;16.338;18.981;71.374;74.867;81.751
2024-01-16 04:15:00;2.597;3.041;3.745;3.82;14.391;20.35;14.416;74.106;78.28;76.118
2024-01-16 04:30:00;2.77;2.45;3.024;3.601;16.735;20.095;21.094;71.318;66.505;78.997
2024-01-16 04:45:00;2.653;2.852;2.855;3.544;14.77;17.19;18.472;66.344;75.876;72.287
2024-01-16 05:00:00;2.041;2.684;3.166;3.703;14.206;20.172;16.28;86.696;72.295;76.841
2024-01-16 05:15:00;1.835;2.512;2.253;3.33;15.9;19.462;16.732;74.873;72.866;82.168
2024-01-16 05:30:00;2.028;2.916;2.812;2.616;14.734;16.515;20.026;73.573;75.253;73.014
2024-01-16 05:45:00;1.906;2.703;3.709;3.059;17.107;14.146;19.386;67.27;68.067;75.633
2024-01-16 06:00:00;1.79;2.15;2.697;2.834;17.14;16.869;20.674;65.937;85.454;67.502
2024-01-16 06:15:00;2.012;2.306;2.397;2.931;13.336;16.22;17.28;67.629;78.926;70.789
2024-01-16 06:30:00;2.217;2.289;2.685;3.275;14.84;17.514;18.886;74.299;69.235;73.161
2024-01-16 06:45:00;1.975;1.936;2.686;3.067;13.956;17.336;19.1;64.146;66.328;69.165
2024-01-16 07:00:00;1.84;2.251;2.911;3.244;15.352;17.296;19.54;63.766;71.543;82.271
2024-01-16 07:15:00;2.152;2.338;3.046;3.675;16.637;17.996;20.249;71.644;72.948;70.391
2024-01-16 07:30:00;2.295;1.999;2.587;3.052;15.661;15.357;17.224;70.564;77.541;79.327
2024-01-16 07:45:00;1.952;2.478;3.323;3.845;15.174;17.825;18.213;65.225;65.923;76.028
2024-01-16 08:00:00;2.5;2.868;3.391;3.517;27.82;26.532;27.399;63.653;73.485;75.17
2024-01-16 08:15:00;2.528;2.54;3.521;3.753;22.773;27.504;28.314;76.046;64.049;83.174
2024-01-16 08:30:00;2.376;3.018;3.155;3.638;27.732;28.655;29.545;70.749;74.269;62.567
2024-01-16 08:45:00;2.648;3.09;3.672;3.763;25.238;25.339;25.687;62.319;71.441;73.921
2024-01-16 09:00:00;3.127;3.602;3.881;4.488;25.891;26.772;30.219;62.661;82.071;69.058
2024-01-16 09:15:00;3.23;3.475;4.025;4.484;25.262;27.02;26.532;67.229;63.961;64.212
2024-01-16 09:30:00;2.981;3.686;3.698;4.117;28.16;26.418;27.896;72.591;79.127;68.429
2024-01-16 09:45:00;3.067;3.706;3.681;4.002;24.277;28.568;30.44;71.916;63.14;75.095
2024-01-16 10:00:00;3.912;4.246;4.761;5.751;26.016;26.105;28.938;74.545;65.099;71.011
2024-01-16 10:15:00;3.704;3.985;4.455;4.825;26.738;26.356;28.957;61.697;63.279;79.931
2024-01-16 10:30:00;4.103;4.239;4.344;5.192;23.745;26.121;26.464;70.097;73.302;73.824
2024-01-16 10:45:00;3.699;4.45;4.401;4.477;24.712;28.86;26.688;75.987;65.897;73.214
2024-01-16 11:00:00;4.275;4.495;5.221;5.346;25.793;26.451;29.944;75.531;64.989;73.238
2024-01-16 11:15:00;4.41;5.115;4.863;5.393;24.759;27.899;27.434;70.759;73.054;74.458
2024-01-16 11:30:00;3.963;4.512;5.001;5.579;24.858;30.203;27.588;80.505;74.349;72.698
2024-01-16 11:45:00;3.898;4.64;5.037;4.589;25.51;27.086;29.981;71.985;72.207;70.318
2024-01-16 12:00:00;4.11;4.645;4.682;5.652;26.909;28.89;26.678;74.109;71.156;80.441
2024-01-16 12:15:00;4.64;4.851;4.803;5.244;25.52;29.74;28.842;69.218;81.51;71.567
2024-01-16 12:30:00;4.295;4.399;5.291;5.701;27.51;28.761;28.47;65.173;72.758;72.891
2024-01-16 12:45:00;4.886;4.674;5.001;5.279;24.603;27.174;28.396;64.711;76.19;77.362
2024-01-16 13:00:00;4.125;4.381;5.318;5.167;24.247;28.176;27.55;69.89;72.743;76.753
2024-01-16 13:15:00;4.268;4.664;5.294;5.348;28.697;25.243;27.449;67.964;66.291;70.086
2024-01-16 13:30:00;4.526;4.861;5.227;5.106;25.079;26.014;26.631;60.334;74.859;79.152
2024-01-16 13:45:00;4.614;4.781;5.524;5.285;24.165;26.281;29.192;63.974;68.59;77.957
2024-01-16 14:00:00;4.167;3.63;4.553;4.605;23.561;30.606;27.304;67.44;71.527;75.979
2024-01-16 14:15:00;4.005;4.645;4.75;4.407;27.505;25.965;29.989;72.564;73.588;72.628
2024-01-16 14:30:00;3.97;4.243;4.417;5.291;25.522;25.942;28.032;68.921;61.905;72.763
2024-01-16 14:45:00;3.888;3.996;5.237;4.573;25.645;25.613;26.664;68.647;63.631;73.89
2024-01-16 15:00:00;3.298;3.586;4.486;4.295;25.777;28.051;28.01;64.164;76.729;68.225
2024-01-16 15:15:00;3.045;3.591;3.953;4.583;27.418;27.417;27.726;69.114;68.549;74.784
2024-01-16 15:30:00;2.995;3.397;4.054;4.159;25.749;28.852;30.055;75.464;68.795;79.907
2024-01-16 15:45:00;3.149;3.596;4.317;4.094;29.282;28.22;27.795;69.762;72.865;79.82
2024-01-16 16:00:00;2.493;2.785;3.285;3.795;26.187;25.102;27.947;61.614;69.995;72.905
2024-01-16 16:15:00;2.439;2.832;3.148;4.072;27.486;25.973;30.715;62.868;74.171;80.852
2024-01-16 16:30:00;2.657;2.767;3.561;3.363;27.127;29.275;29.234;71.885;71.734;85.482
2024-01-16 16:45:00;2.707;2.595;3.346;3.678;25.949;26.891;31.127;67.901;73.033;73.261
2024-01-16 17:00:00;2.084;2.501;2.917;2.73;25.178;29.005;30.465;68.635;68.35;78.803
2024-01-16 17:15:00;2.348;2.602;2.642;3.146;26.465;26.972;26.945;65.998;73.007;62.555
2024-01-16 17:30:00;1.851;2.586;2.404;3.278;26.714;25.729;30.024;71.467;77.746;68.08
2024-01-16 17:45:00;2.031;2.656;2.931;3.003;25.198;26.739;30.901;67.526;69.048;75.501
2024-01-16 18:00:00;1.764;2.375;2.944;2.958;26.233;25.729;30.914;68.086;76.76;69.463
2024-01-16 18:15:00;1.545;2.177;2.639;2.663;27.731;26.34;30.02;64.829;71.732;86.216
2024-01-16 18:30:00;1.884;2.493;3.088;3.124;28.898;27.505;29.987;73.516;75.819;78.288
2024-01-16 18:45:00;1.877;1.988;2.51;3.427;27.196;27.978;27.904;67.916;72.67;80.312
2024-01-16 19:00:00;2.355;2.26;2.583;2.927;18.608;14.783;17.027;71.979;71.826;74.84
2024-01-16 19:15:00;2.187;2.246;2.849;3.074;15.119;17.174;17.822;63.151;73.819;69.482
2024-01-16 19:30:00;1.873;2.716;2.845;3.423;16.983;16.308;15.67;77.496;78.311;72.147
2024-01-16 19:45:00;2.42;2.684;3.075;3.643;17.874;16.214;20.602;75.259;73.228;76.399
2024-01-16 20:00:00;2.757;3.037;3.116;3.262;14.745;17.402;17.935;59.642;74.488;71.491
2024-01-16 20:15:00;2.636;3.172;3.694;3.673;15.32;16.363;20.518;65.071;70.084;78.692
2024-01-16 20:30:00;2.482;2.723;3.856;3.813;18.433;19.301;16.38;71.34;80.169;78.913
2024-01-16 20:45:00;2.343;3.005;3.314;3.693;14.635;19.006;20.176;62.533;75.33;75.027
2024-01-16 21:00:00;3.079;3.521;4.287;3.582;14.122;18.996;17.588;68.355;72.404;64.959
2024-01-16 21:15:00;3.357;3.745;3.665;4.505;18.139;16.448;16.294;71.09;71.362;84.431
2024-01-16 21:30:00;3.508;3.523;4.24;4.821;17.675;15.737;21.068;68.095;77.085;73.83
2024-01-16 21:45:00;3.443;3.461;4.233;4.386;16.605;17.325;20.216;71.64;68.848;89.901
2024-01-16 22:00:00;3.682;4.299;4.808;4.655;15.936;16.971;18.747;65.603;62.729;78.589
2024-01-16 22:15:00;3.562;4.377;4.571;4.816;15.386;16.275;18.456;58.004;72.376;73.845
2024-01-16 22:30:00;3.802;4.021;3.777;5.524;16.395;15.413;19.121;73.812;78.188;77.463
2024-01-16 22:45:00;3.439;4.161;4.402;5.257;18.212;17.137;18.719;73.781;80.275;63.894
2024-01-16 23:00:00;4.294;4.389;4.864;5.631;16.334;16.586;17.101;81.268;71.442;80.644
2024-01-16 23:15:00;4.204;4.058;4.768;5.543;19.034;18.246;17.724;58.185;72.227;89.118
2024-01-16 23:30:00;4.144;4.679;5.066;5.228;14.743;18.211;21.616;72.679;74.702;63.509
2024-01-16 23:45:00;3.93;4.773;4.919;5.37;15.972;18.873;22.782;59.353;70.625;73.419
2024-01-17 00:00:00;4.498;4.86;4.977;5.576;15.478;15.286;20.963;77.607;74.685;74.421
2024-01-17 00:15:00;4.299;4.352;4.914;5.77;14.481;17.81;19.184;71.391;71.556;79.814
2024-01-17 00:30:00;4.178;4.719;5.007;6.068;15.786;16.094;17.846;64.336;77.259;86.583
2024-01-17 00:45:00;3.854;4.29;5.503;5.947;16.584;15.345;17.091;72.823;75.759;77.106
2024-01-17 01:00:00;4.227;4.948;4.854;4.993;16.734;16.549;17.199;66.29;76.213;86.78
2024-01-17 01:15:00;4.569;4.383;4.893;5.502;19.039;18.824;17.493;70.472;70.932;75.937
2024-01-17 01:30:00;4.548;4.921;4.909;5.661;16.65;16.634;21.928;70.009;82.015;77.483
2024-01-17 01:45:00;4.146;4.85;5.124;5.624;17.61;19.579;21.362;77.546;74.516;76.805
2024-01-17 02:00:00;3.661;3.968;4.698;4.78;16.093;18.034;19.624;77.893;73.286;81.712
2024-01-17 02:15:00;3.864;3.914;3.753;5.878;18.349;16.601;16.825;66.073;68.043;72.677
2024-01-17 02:30:00;3.585;4.256;4.851;4.579;19.358;18.963;19.865;74.185;71.495;79.501
2024-01-17 02:45:00;3.832;3.981;4.963;4.639;16.744;17.877;18.009;70.739;72.595;68.231
2024-01-17 03:00:00;3.296;3.574;3.666;4.422;14.61;15.783;14.869;62.078;67.904;73.435
2024-01-17 03:15:00;3.383;3.439;3.687;5.006;15.232;20.025;18.871;65.588;70.48;71.498
2024-01-17 03:30:00;3.131;3.14;3.828;4.091;16.395;17.594;17.019;80.447;71.138;75.484
2024-01-17 03:45:00;3.111;3.037;3.746;4.268;16.639;17.229;17.075;70.753;72.291;73.262
2024-01-17 04:00:00;2.358;2.977;3.385;4.059;16.978;15.9;17.989;73.899;62.834;81.227
2024-01-17 04:15:00;2.368;2.796;2.799;3.719;16.644;18.993;17.583;67.961;71.297;70.167
2024-01-17 04:30:00;2.482;2.798;3.023;3.621;16.01;17.986;18.344;66.354;70.038;65.478
2024-01-17 04:45:00;2.595;3.085;3.741;3.9;15.109;18.156;18.265;69.134;71.891;67.535
2024-01-17 05:00:00;2.241;2.737;2.617;3.352;16.562;16.429;15.324;67.696;77.383;80.468
2024-01-17 05:15:00;1.915;2.405;3.203;3.587;18.597;18.468;20.893;61.683;82.672;69.667
2024-01-17 05:30:00;2.351;2.389;2.963;3.668;17.428;18.586;16.787;64.084;75.528;77.188
2024-01-17 05:45:00;2.016;2.583;2.379;3.363;16.749;16.183;16.838;72.469;65.581;73.379
2024-01-17 06:00:00;1.896;1.988;2.872;3.19;17.441;15.046;17.861;67.135;70.204;79.533
2024-01-17 06:15:00;1.758;2.351;2.668;3.166;15.481;18.084;18.222;69.126;75.099;73.731
2024-01-17 06:30:00;1.439;2.427;2.577;3.252;15.288;14.809;20.793;70.151;74.513;90.204
2024-01-17 06:45:00;2.068;2.456;2.766;3.117;14.953;17.431;18.842;70.534;77.134;85.44
2024-01-17 07:00:00;2.207;2.022;2.996;3.267;15.825;16.52;19.329;74.618;71.494;73.266
2024-01-17 07:15:00;2.014;2.292;3.059;3.638;15.409;19.052;18.85;63.616;70.11;72.513
2024-01-17 07:30:00;2.08;2.265;3.186;3.737;17.692;16.603;18.78;71.794;81.113;92.228
2024-01-17 07:45:00;2.165;2.49;2.978;2.8;15.335;18.883;18.908;72.7;72.305;69.066
2024-01-17 08:00:00;2.228;3.036;2.954;3.728;24.876;26.418;25.23;73.831;66.713;74.697
2024-01-17 08:15:00;2.424;3.269;3.197;3.512;28.72;28.72;27.99;62.077;79.671;75.123
2024-01-17 08:30:00;2.676;2.811;4.12;3.629;25.368;30.332;30.306;70.249;64.22;74.987
2024-01-17 08:45:00;2.287;2.811;3.521;3.85;26.215;25.577;34.865;77.409;53.826;65.437
2024-01-17 09:00:00;3.206;3.814;4.59;4.558;26.632;27.644;26.425;68.514;76.001;77.731
2024-01-17 09:15:00;2.892;3.618;4.327;4.315;24.409;31.378;29.094;71.369;76.736;69.663
2024-01-17 09:30:00;3.239;3.842;4.015;3.757;27.73;27.301;27.463;72.824;74.153;82.898
2024-01-17 09:45:00;3.143;3.616;4.031;4.051;26.892;27.294;31.758;63.975;65.227;66.992
2024-01-17 10:00:00;3.468;3.909;4.565;5.253;28.182;28.399;26.18;77.986;71.694;75.327
2024-01-17 10:15:00;3.996;3.868;4.106;4.125;25.049;27.262;29.425;71.448;70.554;62.811
2024-01-17 10:30:00;3.635;3.818;4.58;5.343;26.139;24.605;26.092;71.546;69.206;63.151
2024-01-17 10:45:00;3.621;4.327;4.902;5.137;26.055;28.921;27.878;60.856;79.343;70.384
2024-01-17 11:00:00;4.271;4.906;4.871;5.841;26.369;24.156;28.344;72.893;66.557;71.16
2024-01-17 11:15:00;4.451;5.058;5.144;5.371;23.964;26.566;30.154;71.481;73.644;83.061
2024-01-17 11:30:00;4.04;4.826;5.262;4.793;26.155;29.035;26.633;76.959;78.209;74.777
2024-01-17 11:45:00;4.244;4.9;4.787;5.566;24.003;26.658;29.488;67.475;73.983;82.108
2024-01-17 12:00:00;4.481;4.667;5.078;5.995;26.502;26.146;28.431;64.16;78.454;72.911
2024-01-17 12:15:00;4.532;4.534;4.925;5.887;23.02;28.536;28.847;65.657;74.931;78.333
2024-01-17 12:30:00;4.434;4.996;4.978;5.395;23.408;25.906;29.972;66.526;74.233;71.01
2024-01-17 12:45:00;4.33;4.896;4.852;5.627;27.146;25.342;26.297;63.518;73.908;70.636
2024-01-17 13:00:00;4.075;4.657;4.789;5.267;25.234;27.617;29.729;75.322;75.19;64.985
2024-01-17 13:15:00;4.249;4.722;5.416;5.179;24.617;26.922;27.467;75.506;69.995;76.847
2024-01-17 13:30:00;4.029;4.707;4.785;5.729;27.779;25.31;30.197;68.041;65.23;76.441
2024-01-17 13:45:00;3.677;4.928;5.067;5.061;26.459;28.168;28.949;67.075;76.961;79.275
2024-01-17 14:00:00;3.858;4.473;4.439;4.698;27.221;27.906;28.056;60.104;78.041;76.182
2024-01-17 14:15:00;3.947;4.3;4.893;4.633;25.767;26.653;27.432;72.41;73.31;86.144
2024-01-17 14:30:00;3.326;4.37;4.929;4.513;29.751;26.757;29.75;77.102;69.148;75.968
2024-01-17 14:45:00;3.583;4.293;4.808;5.02;25.154;27.915;30.468;65.878;63.9;80.455
2024-01-17 15:00:00;3.268;3.444;4.033;4.71;28.442;29.009;27.526;68.428;72.446;73.217
2024-01-17 15:15:00;3.541;3.724;3.888;4.293;25.914;26.77;26.542;71.128;64.985;70.003
2024-01-17 15:30:00;3.154;3.229;3.628;3.883;23.684;28.195;29.539;77.45;64.257;78.947
2024-01-17 15:45:00;3.012;3.792;4.475;4.61;26.676;28.059;26.024;69.979;71.892;74.51
2024-01-17 16:00:00;2.49;2.65;3.12;4.248;26.441;28.537;26.259;69.958;68.028;79.576
2024-01-17 16:15:00;2.786;2.991;3.504;3.525;24.528;27.26;26.657;69.879;73.796;76.941
2024-01-17 16:30:00;2.402;2.731;3.611;3.577;24.709;25.813;27.719;62.017;71.172;70.638
2024-01-17 16:45:00;2.373;3.052;3.175;3.885;25.965;26.497;26.208;61.911;68.846;80.909
2024-01-17 17:00:00;1.976;2.46;3.148;3.77;26.49;27.721;25.22;65.041;63.134;70.208
2024-01-17 17:15:00;1.886;2.101;3.074;3.106;22.541;29.964;26.538;73.963;67.565;78.439
2024-01-17 17:30:00;2.091;2.564;3.334;2.854;27.474;26.464;29.454;67.357;67.756;82.049
2024-01-17 17:45:00;2.376;2.335;2.741;3.463;25.308;28.423;26.315;66.405;65.628;72.885
2024-01-17 18:00:00;1.961;2.503;2.353;3.348;24.136;26.701;27.842;66.319;70.289;81.358
2024-01-17 18:15:00;1.852;2.3;2.564;3.102;27.317;27.368;31.593;68.325;66.034;77.187
2024-01-17 18:30:00;1.845;2.391;2.756;2.927;25.967;29.503;28.319;77.34;71.149;79.686
2024-01-17 18:45:00;1.603;2.08;2.716;3.408;27.703;28.362;28.962;68.259;73.25;70.398
2024-01-17 19:00:00;2.235;2.332;2.761;3.431;16.613;15.313;16.848;65.147;67.704;76.179
2024-01-17 19:15:00;2.053;2.362;2.352;3.029;15.998;16.33;21.948;69.124;74.212;67.256
2024-01-17 19:30:00;2.033;2.665;2.994;3.283;15.786;19.109;17.512;77.6;64.921;84.412
2024-01-17 19:45:00;2.674;2.853;3.4;2.848;16.676;17.416;18.026;66.536;66.217;63.923
2024-01-17 20:00:00;2.582;2.74;3.45;3.938;15.421;15.454;20.56;63.213;71.411;73.049
2024-01-17 20:15:00;2.382;3.173;3.489;3.644;14.806;15.955;18.102;66.545;75.573;69.876
2024-01-17 20:30:00;2.444;2.426;3.48;3.59;16.854;18.269;18.479;69.631;76.51;78.711
2024-01-17 20:45:00;2.743;2.65;3.432;3.715;15.798;18.712;17.938;72.372;80.384;85.582
2024-01-17 21:00:00;3.172;3.329;4.202;4.362;16.047;17.227;17.949;73.934;70.042;78.602
2024-01-17 21:15:00;2.877;3.239;4.057;4.627;17.525;20.962;19.008;63.876;71.337;91.287
2024-01-17 21:30:00;3.325;3.186;3.866;4.533;15.841;18.453;19.307;64.341;66.63;67.421
2024-01-17 21:45:00;3.023;3.645;3.735;4.302;16.021;16.83;17.345;67.416;65.48;67.843
2024-01-17 22:00:00;4.131;4.126;4.508;5.212;15.16;15.96;17.144;72.354;73.189;70.088
2024-01-17 22:15:00;3.98;4.262;4.66;5.099;16.603;15.718;17.401;62.826;67.965;75.667
2024-01-17 22:30:00;3.69;4.334;4.49;4.843;16.49;17.71;16.102;66.024;78.408;69.352
2024-01-17 22:45:00;4.018;4.236;4.66;4.936;17.261;16.457;15.792;66.096;64.396;70.866
2024-01-17 23:00:00;4.245;4.784;5.151;5.387;15.189;19.744;18.887;73.615;74.529;78.413
2024-01-17 23:15:00;4.395;4.617;5.257;5.589;15.359;19.429;19.939;71.588;66.77;68.185
2024-01-17 23:30:00;4.325;4.36;5.379;5.319;17.109;18.162;19.829;73.428;67.734;68.767
2024-01-17 23:45:00;4.072;4.876;5.054;5.312;16.353;15.408;14.494;75.56;74.803;72.808
2024-01-18 00:00:00;4.278;4.665;4.847;6.21;14.731;16.178;17.998;67.502;68.485;73.326
2024-01-18 00:15:00;4.596;4.585;5.107;5.891;17.829;19.109;16.593;63.182;69.318;80.555
2024-01-18 00:30:00;4.336;4.759;5.212;5.364;13.622;16.344;18.636;63.213;67.777;70.046
2024-01-18 00:45:00;4.323;4.59;4.704;5.777;17.098;18.906;17.715;59.993;81.282;71.038
2024-01-18 01:00:00;4.051;4.537;5.407;5.469;14.229;17.921;19.371;66.752;68.789;78.199
2024-01-18 01:15:00;4.313;4.712;5.071;5.554;18.64;17.279;18.369;67.117;72.268;79.408
2024-01-18 01:30:00;4.624;4.713;5.135;5.475;13.838;16.132;15.291;72.859;70.95;82.858
2024-01-18 01:45:00;4.03;4.426;5.401;5.801;17.613;17.057;16.814;69.083;73.151;77.58
2024-01-18 02:00:00;3.78;4.063;4.405;5.082;15.886;17.488;18.409;66.597;68.803;75.717
2024-01-18 02:15:00;4.043;4.422;4.73;4.956;15.487;18.769;18.548;68.432;70.956;78.163
2024-01-18 02:30:00;3.76;4.289;4.545;5.298;16.26;15.854;16.095;63.909;74.049;73.529
2024-01-18 02:45:00;3.861;4.652;4.525;5.047;16.885;16.801;15.88;74.024;67.512;73.489
2024-01-18 03:00:00;2.948;3.821;3.742;4.388;14.734;17.268;18.492;65.149;77.664;65.242
2024-01-18 03:15:00;3.231;3.813;4.4;4.447;14.858;18.207;16.098;63.414;78.164;79.914
2024-01-18 03:30:00;3.114;3.231;3.849;4.321;16.909;15.819;15.663;73.008;75.154;76.163
2024-01-18 03:45:00;3.337;3.726;4.139;4.353;13.61;15.199;17.67;71.813;72.363;79.274
2024-01-18 04:00:00;2.751;2.913;2.819;3.543;15.182;18.224;17.599;60.554;56.449;59.513
2024-01-18 04:15:00;3.017;2.798;3.644;3.492;20.257;14.893;16.959;73.19;74.206;74.741
2024-01-18 04:30:00;2.635;2.964;3.609;3.415;14.645;19.153;17.246;65.366;69.965;70.293
2024-01-18 04:45:00;2.587;3.142;3.351;3.293;17.607;16.963;18.423;67.167;70.719;83.257
2024-01-18 05:00:00;2.104;2.583;2.806;2.995;15.18;14.848;17.219;69.916;62.134;78.378
2024-01-18 05:15:00;2.0;2.265;2.975;3.213;16.713;16.47;18.516;71.874;74.567;76.288
2024-01-18 05:30:00;2.132;2.638;3.485;3.299;16.916;17.776;17.776;71.183;64.467;72.624
2024-01-18 05:45:00;2.011;2.321;2.391;3.183;17.581;16.39;18.675;68.756;72.616;77.185
2024-01-18 06:00:00;1.932;2.35;2.911;2.37;15.72;17.23;19.84;66.919;76.704;69.895
2024-01-18 06:15:00;2.15;2.23;2.454;3.588;18.784;18.325;19.776;71.02;69.559;74.452
2024-01-18 06:30:00;1.709;2.25;2.695;3.437;15.175;16.893;20.513;68.42;78.323;71.819
2024-01-18 06:45:00;2.117;2.476;2.633;3.238;16.328;15.776;19.775;77.846;68.116;87.466
2024-01-18 07:00:00;2.318;2.228;2.752;3.859;16.343;16.746;18.791;71.873;75.122;83.085
2024-01-18 07:15:00;2.045;2.915;2.865;2.964;14.429;19.351;17.689;64.475;65.215;80.847
2024-01-18 07:30:00;1.664;2.049;2.561;3.853;15.6;19.761;17.764;66.66;77.362;66.803
2024-01-18 07:45:00;1.952;2.33;3.145;2.968;16.226;14.13;16.96;69.236;76.555;79.753
2024-01-18 08:00:00;2.771;3.01;2.841;3.799;25.395;28.858;28.407;75.367;74.435;76.032
2024-01-18 08:15:00;2.521;3.059;3.471;3.33;29.417;27.58;29.544;75.914;69.955;81.729
2024-01-18 08:30:00;2.335;2.902;3.237;3.73;24.826;28.604;27.21;67.059;64.71;76.773
2024-01-18 08:45:00;2.429;2.912;3.009;3.845;27.651;26.363;28.339;64.425;69.969;74.963
2024-01-18 09:00:00;3.31;3.644;4.005;4.302;27.199;24.512;27.289;63.799;77.774;76.286
2024-01-18 09:15:00;3.254;3.497;3.53;4.571;25.981;28.088;28.743;70.237;72.676;65.069
2024-01-18 09:30:00;3.105;3.87;3.961;4.381;24.789;25.77;27.499;80.289;63.924;70.779
2024-01-18 09:45:00;3.08;3.743;3.566;4.188;24.924;25.09;27.187;71.642;66.151;77.053
2024-01-18 10:00:00;3.701;4.376;4.7;4.799;25.275;25.196;27.285;61.19;78.516;81.267
2024-01-18 10:15:00;3.6;3.953;4.325;5.226;23.5;28.113;29.225;65.443;74.537;71.972
2024-01-18 10:30:00;4.082;4.157;4.453;4.772;24.595;27.412;28.241;65.943;65.583;74.776
2024-01-18 10:45:00;3.714;4.106;4.654;5.259;23.925;28.389;27.697;64.972;62.818;66.195
2024-01-18 11:00:00;4.464;4.401;4.824;5.812;27.884;28.217;28.829;67.099;68.75;83.026
2024-01-18 11:15:00;4.522;4.715;5.017;4.915;26.866;26.56;27.72;70.81;62.373;81.126
2024-01-18 11:30:00;4.422;4.509;4.624;5.784;27.1;27.093;30.247;72.342;71.19;78.587
2024-01-18 11:45:00;4.151;4.783;5.203;6.071;26.824;26.423;26.803;74.35;84.748;77.237
2024-01-18 12:00:00;4.477;4.554;5.677;5.678;26.234;26.88;28.093;71.569;63.696;83.539
2024-01-18 12:15:00;4.395;5.195;5.954;5.786;28.045;25.73;26.096;59.425;71.033;70.572
2024-01-18 12:30:00;4.228;4.594;5.225;5.921;25.145;27.794;27.831;63.819;78.822;69.978
2024-01-18 12:45:00;4.462;4.85;5.413;5.515;26.149;28.834;25.645;68.225;75.895;80.838
2024-01-18 13:00:00;4.009;4.815;4.552;5.489;27.046;25.959;29.624;69.722;71.227;80.469
2024-01-18 13:15:00;4.458;4.501;5.438;5.025;24.15;29.148;29.657;73.221;71.239;68.436
2024-01-18 13:30:00;4.144;4.829;5.242;5.476;30.335;27.373;29.686;69.212;65.989;72.078
2024-01-18 13:45:00;4.271;4.35;4.902;5.587;26.04;27.566;28.447;69.248;70.608;84.29
2024-01-18 14:00:00;3.829;4.509;4.909;5.135;26.199;24.617;26.957;70.165;73.266;77.264
2024-01-18 14:15:00;3.726;4.178;4.506;5.305;27.76;24.453;27.087;67.75;77.747;79.329
2024-01-18 14:30:00;3.886;4.038;4.451;4.735;27.281;27.419;30.909;69.426;68.775;68.625
2024-01-18 14:45:00;3.685;4.106;4.703;4.81;26.053;28.4;30.755;74.517;71.013;78.612
2024-01-18 15:00:00;3.316;3.736;3.663;4.938;26.182;26.18;28.601;68.589;67.064;67.193
2024-01-18 15:15:00;2.894;3.416;4.226;4.303;23.894;29.739;27.554;68.852;73.172;64.111
2024-01-18 15:30:00;3.174;3.378;3.665;4.412;25.221;28.317;30.645;68.835;76.076;78.998
2024-01-18 15:45:00;3.518;3.499;3.666;4.329;26.724;25.819;27.261;75.359;75.274;82.889
2024-01-18 16:00:00;2.335;2.654;3.079;3.47;26.621;27.247;28.775;63.571;65.915;73.604
2024-01-18 16:15:00;2.396;3.344;3.53;4.228;27.71;30.965;30.617;77.702;72.764;71.994
2024-01-18 16:30:00;2.623;2.795;3.158;3.561;25.831;25.311;27.028;63.236;68.478;84.41
2024-01-18 16:45:00;2.559;3.116;2.961;3.376;24.058;28.003;29.76;65.794;77.257;73.929
2024-01-18 17:00:00;2.134;2.516;2.704;3.128;27.479;26.709;29.254;72.649;71.161;74.638
2024-01-18 17:15:00;2.16;2.241;2.859;2.647;28.011;28.274;28.335;74.049;64.099;84.317
2024-01-18 17:30:00;2.188;2.466;2.549;3.066;27.258;29.126;26.771;62.123;70.857;73.055
2024-01-18 17:45:00;2.278;2.648;2.557;2.967;25.771;26.613;27.212;63.646;74.384;71.403
2024-01-18 18:00:00;1.978;2.257;3.27;3.291;27.462;28.901;28.875;70.361;73.269;79.485
2024-01-18 18:15:00;1.854;2.574;2.468;2.891;30.8;30.576;26.066;80.488;69.339;71.085
2024-01-18 18:30:00;2.028;2.535;2.613;3.375;26.161;27.301;28.614;75.107;68.957;74.205
2024-01-18 18:45:00;2.261;2.511;2.601;3.534;24.164;28.393;29.287;67.784;66.865;67.745
2024-01-18 19:00:00;2.042;2.362;2.754;3.51;15.179;16.303;20.016;57.146;69.947;76.02
2024-01-18 19:15:00;1.882;2.219;3.035;3.201;16.876;17.229;16.107;69.4;67.55;75.375
2024-01-18 19:30:00;2.278;2.326;3.123;3.311;13.753;16.931;20.559;70.775;77.044;80.324
2024-01-18 19:45:00;2.045;2.513;2.785;2.795;16.237;18.411;21.18;67.125;67.314;79.715
2024-01-18 20:00:00;2.112;3.051;2.991;3.684;16.532;19.031;19.073;64.831;72.636;78.033
2024-01-18 20:15:00;2.686;2.426;3.669;3.458;18.149;17.033;16.698;69.78;72.282;77.168
2024-01-18 20:30:00;2.423;2.923;3.299;3.94;17.834;19.531;17.862;64.383;76.917;74.597
2024-01-18 20:45:00;2.508;2.961;3.792;4.523;17.21;19.526;18.322;78.175;77.665;78.353
2024-01-18 21:00:00;3.213;3.486;3.344;4.505;12.972;18.487;18.844;76.432;75.619;68.882
2024-01-18 21:15:00;3.186;3.847;4.003;3.733;17.289;16.416;18.436;72.224;73.835;62.081
2024-01-18 21:30:00;3.285;3.647;4.468;4.238;16.988;16.27;18.861;69.44;66.547;81.391
2024-01-18 21:45:00;3.067;3.851;3.855;4.388;16.358;15.965;18.251;65.765;66.442;78.708
2024-01-18 22:00:00;3.872;4.125;4.514;5.002;13.578;18.643;18.835;68.898;67.602;74.302
2024-01-18 22:15:00;3.726;4.391;4.655;4.748;14.913;15.358;17.645;77.033;75.91;80.91
2024-01-18 22:30:00;3.915;4.551;4.424;5.051;14.366;18.229;17.845;73.256;72.381;70.977
2024-01-18 22:45:00;3.892;4.477;4.491;4.59;13.179;15.557;17.455;69.998;76.517;71.12
2024-01-18 23:00:00;4.055;4.381;4.941;5.14;15.996;18.452;21.544;73.527;77.215;70.357
2024-01-18 23:15:00;4.439;4.574;4.863;5.633;14.883;17.226;20.801;71.673;68.225;78.122
2024-01-18 23:30:00;4.131;4.553;5.364;5.118;19.675;19.227;19.311;70.942;72.167;66.294
2024-01-18 23:45:00;4.386;4.745;5.157;5.599;15.764;18.935;20.574;73.805;71.932;70.782
2024-01-19 00:00:00;4.47;4.958;5.268;5.175;17.811;19.381;19.709;71.533;70.296;76.593
2024-01-19 00:15:00;4.749;4.607;5.418;6.147;13.803;19.42;18.697;73.207;69.219;68.377
2024-01-19 00:30:00;4.358;4.816;5.129;5.36;15.258;17.418;15.931;69.791;78.161;71.368
2024-01-19 00:45:00;4.334;4.335;4.991;5.531;16.136;15.439;17.97;67.755;72.27;62.836
2024-01-19 01:00:00;4.229;4.964;4.87;5.535;14.729;15.6;17.851;66.314;72.068;78.332
2024-01-19 01:15:00;4.175;4.515;5.033;5.257;15.409;14.028;16.542;65.73;67.826;71.217
2024-01-19 01:30:00;4.385;4.645;4.747;5.477;15.695;15.553;15.963;61.135;75.511;68.954
2024-01-19 01:45:00;3.925;4.561;4.897;5.611;15.673;17.305;19.208;64.531;66.773;67.877
2024-01-19 02:00:00;3.575;4.439;4.436;5.273;18.597;16.349;18.932;64.39;74.366;72.7
2024-01-19 02:15:00;3.572;3.522;5.149;5.22;16.53;16.926;16.485;66.514;74.508;66.309
2024-01-19 02:30:00;3.956;4.171;3.826;4.922;16.671;17.949;17.177;76.655;69.855;85.683
2024-01-19 02:45:00;4.1;4.151;4.527;4.93;16.756;16.738;20.304;68.228;73.652;61.884
2024-01-19 03:00:00;3.13;3.446;4.416;5.078;16.858;15.495;16.961;70.185;72.965;72.522
2024-01-19 03:15:00;3.118;3.947;3.983;4.644;15.884;17.119;18.68;70.339;71.795;75.588
2024-01-19 03:30:00;3.163;3.346;4.153;4.064;15.551;15.834;18.089;76.779;72.067;70.735
2024-01-19 03:45:00;3.371;3.728;3.977;4.381;16.234;16.788;19.23;66.18;72.321;76.167
2024-01-19 04:00:00;2.349;3.007;3.145;3.621;17.62;19.241;16.996;67.91;72.676;70.602
2024-01-19 04:15:00;2.57;3.215;2.72;3.683;17.577;16.789;18.548;68.48;72.313;83.416
2024-01-19 04:30:00;2.71;2.772;3.38;3.344;15.663;19.892;18.677;74.569;66.26;68.846
2024-01-19 04:45:00;2.62;2.756;3.116;3.597;17.075;19.376;18.777;75.586;71.209;62.068
2024-01-19 05:00:00;2.103;2.72;2.651;3.829;15.728;16.319;18.53;71.325;73.378;67.858
2024-01-19 05:15:00;2.258;2.565;2.733;3.447;16.047;15.511;18.965;75.041;72.506;77.126
2024-01-19 05:30:00;1.554;2.112;3.339;2.495;15.337;17.12;21.995;69.871;76.96;74.351
2024-01-19 05:45:00;2.196;2.343;3.517;3.645;15.746;18.953;22.601;68.154;75.224;79.137
2024-01-19 06:00:00;1.776;2.389;2.759;3.438;17.878;16.455;17.352;74.776;67.474;77.76
2024-01-19 06:15:00;1.552;2.493;2.575;2.989;16.129;18.58;14.598;71.389;71.134;71.5
2024-01-19 06:30:00;1.997;2.144;2.382;3.322;16.189;19.037;19.377;65.396;70.381;72.31
2024-01-19 06:45:00;2.161;1.63;2.827;2.834;13.974;16.023;18.705;73.887;71.977;72.881
2024-01-19 07:00:00;2.041;2.588;3.349;3.122;15.567;16.172;20.14;67.978;71.984;85.364
2024-01-19 07:15:00;2.249;2.187;2.801;3.732;15.662;18.283;18.867;67.379;75.18;78.8
2024-01-19 07:30:00;2.374;2.003;2.225;3.183;14.839;17.431;18.496;73.376;72.922;85.404
2024-01-19 07:45:00;2.317;1.816;3.048;2.688;16.03;16.157;20.251;68.565;78.399;79.624
2024-01-19 08:00:00;2.837;3.112;3.591;3.705;25.399;26.665;30.481;70.906;73.253;74.65
2024-01-19 08:15:00;2.666;2.955;2.897;3.701;26.112;27.093;26.126;72.244;67.681;69.394
2024-01-19 08:30:00;2.539;2.873;3.373;4.096;26.17;24.821;27.061;65.164;69.57;76.108
2024-01-19 08:45:00;2.221;3.244;3.447;3.729;24.662;28.364;28.227;70.886;75.14;74.665
2024-01-19 09:00:00;3.103;3.697;3.93;4.219;25.442;26.472;28.561;75.612;63.606;74.485
2024-01-19 09:15:00;2.99;3.922;3.736;4.674;26.108;22.969;28.029;64.313;65.001;73.85
2024-01-19 09:30:00;3.562;3.23;4.224;4.387;27.658;27.164;29.112;71.205;72.056;63.711
2024-01-19 09:45:00;3.117;3.542;3.841;4.117;26.359;26.073;30.034;64.936;76.945;81.935
2024-01-19 10:00:00;3.798;3.803;4.174;5.333;25.073;29.767;31.225;74.005;78.797;74.723
2024-01-19 10:15:00;3.88;4.122;4.022;5.035;26.559;26.31;29.349;73.958;70.871;67.222
2024-01-19 10:30:00;3.783;4.118;4.915;4.976;28.391;25.532;27.002;67.264;77.516;77.65
2024-01-19 10:45:00;4.097;4.319;4.741;5.03;27.283;27.972;28.158;79.827;72.376;70.293
2024-01-19 11:00:00;4.114;4.643;5.056;5.101;26.767;26.196;28.276;74.422;64.037;78.092
2024-01-19 11:15:00;4.27;4.776;4.914;5.269;27.016;26.015;29.244;72.464;71.958;79.849
2024-01-19 11:30:00;4.091;4.794;4.89;5.434;28.016;27.974;29.037;72.188;68.782;80.608
2024-01-19 11:45:00;3.982;5.128;4.742;5.372;27.506;25.618;31.763;73.821;76.775;74.115
2024-01-19 12:00:00;4.284;4.727;5.084;5.994;26.793;24.985;27.643;64.121;71.866;72.724
2024-01-19 12:15:00;4.393;4.584;4.628;5.667;27.496;29.824;29.031;69.954;65.355;71.56
2024-01-19 12:30:00;4.318;4.857;5.001;5.865;24.486;28.081;32.262;70.878;64.201;71.026
2024-01-19 12:45:00;4.268;4.615;5.116;5.603;23.897;26.798;27.44;67.039;71.891;74.905
2024-01-19 13:00:00;3.965;4.973;5.197;5.76;26.22;27.195;28.638;71.277;59.415;73.849
2024-01-19 13:15:00;4.217;4.567;5.022;5.556;26.096;27.969;26.85;75.035;69.306;70.461
2024-01-19 13:30:00;3.947;4.502;5.247;5.437;25.239;28.679;28.535;66.933;73.201;68.709
2024-01-19 13:45:00;4.377;4.524;5.397;5.428;27.156;26.051;27.12;68.733;66.504;74.402
2024-01-19 14:00:00;3.791;4.34;4.861;4.679;23.392;27.757;30.117;64.979;77.169;72.612
2024-01-19 14:15:00;3.498;4.139;4.702;5.132;25.251;26.43;28.642;60.244;78.193;68.722
2024-01-19 14:30:00;3.716;4.027;4.578;4.963;25.321;26.913;26.866;72.817;66.713;79.568
2024-01-19 14:45:00;3.632;4.558;4.31;4.819;23.709;27.444;29.779;68.874;70.45;84.747
2024-01-19 15:00:00;3.211;3.353;4.15;4.693;28.093;27.19;28.695;69.233;77.172;80.294
2024-01-19 15:15:00;3.405;3.558;4.404;3.962;24.097;28.318;29.963;64.165;71.993;71.039
2024-01-19 15:30:00;2.794;3.7;4.042;4.219;25.176;27.94;26.518;68.091;64.749;74.724
2024-01-19 15:45:00;3.172;3.175;4.468;4.669;27.271;24.908;29.005;74.373;71.255;83.472
2024-01-19 16:00:00;2.495;3.035;2.913;3.823;26.904;25.136;29.668;69.004;67.565;68.545
2024-01-19 16:15:00;2.653;2.682;3.013;3.71;24.449;26.638;27.706;69.143;77.763;79.304
2024-01-19 16:30:00;2.566;3.114;3.556;3.803;26.955;29.98;26.335;70.017;75.151;67.036
2024-01-19 16:45:00;2.382;2.704;3.396;3.781;26.406;25.906;28.332;62.942;70.368;84.262
2024-01-19 17:00:00;2.007;2.627;3.222;2.797;29.266;26.884;30.414;72.062;72.739;72.633
2024-01-19 17:15:00;1.916;2.722;2.863;3.159;26.566;26.385;30.247;62.85;65.198;87.26
2024-01-19 17:30:00;2.272;2.666;2.633;3.769;25.802;26.358;27.697;64.396;68.08;84.504
2024-01-19 17:45:00;2.072;2.525;2.81;3.063;24.801;27.471;26.296;63.859;80.077;74.415
2024-01-19 18:00:00;2.261;2.247;2.286;3.001;24.958;29.329;27.693;68.141;72.278;71.043
2024-01-19 18:15:00;1.888;2.167;2.395;2.932;24.844;27.893;27.632;67.273;76.836;76.071
2024-01-19 18:30:00;1.765;2.638;2.963;3.073;27.92;25.979;29.132;68.994;73.206;74.009
2024-01-19 18:45:00;1.612;2.139;2.936;2.919;26.025;31.385;28.228;64.564;78.834;72.791
2024-01-19 19:00:00;1.725;2.229;2.965;3.418;16.791;17.319;17.165;73.927;61.606;65.88
2024-01-19 19:15:00;1.766;2.621;2.403;3.329;18.12;16.323;20.211;73.087;71.021;72.17
2024-01-19 19:30:00;2.118;2.284;2.771;3.507;12.698;19.346;18.63;68.148;80.553;68.892
2024-01-19 19:45:00;2.164;2.249;2.537;2.942;17.79;16.487;19.114;66.656;76.972;78.034
2024-01-19 20:00:00;2.225;2.593;3.643;3.619;16.078;19.728;15.571;66.161;78.892;80.451
2024-01-19 20:15:00;2.695;2.814;3.167;3.655;16.609;15.877;14.424;67.48;71.965;79.074
2024-01-19 20:30:00;2.433;2.906;3.032;3.866;14.84;19.374;16.042;62.139;69.207;76.883
2024-01-19 20:45:00;2.553;2.981;3.333;3.479;14.943;17.506;17.612;64.298;66.659;70.309
2024-01-19 21:00:00;3.456;3.769;3.777;4.634;16.684;19.162;19.345;73.215;66.296;76.13
2024-01-19 21:15:00;3.32;3.671;4.351;4.718;19.338;20.091;14.559;70.479;76.197;79.36
2024-01-19 21:30:00;3.099;3.506;3.752;4.043;17.405;15.478;21.012;77.008;74.669;71.776
2024-01-19 21:45:00;2.981;3.504;3.572;4.198;17.772;19.139;18.68;67.534;71.654;75.654
2024-01-19 22:00:00;3.366;4.292;3.994;4.81;15.731;15.058;20.631;67.229;74.643;74.2
2024-01-19 22:15:00;3.638;4.468;4.567;5.791;15.16;15.608;16.947;67.001;72.741;84.143
2024-01-19 22:30:00;3.735;4.204;4.423;4.842;14.907;15.979;19.226;67.436;77.004;79.684
2024-01-19 22:45:00;3.587;4.067;4.189;5.495;15.316;17.966;18.54;65.766;76.954;78.35
2024-01-19 23:00:00;4.208;4.404;5.354;5.04;13.126;17.25;19.741;70.328;66.457;65.558
2024-01-19 23:15:00;4.247;4.3;5.213;5.126;14.985;16.946;18.017;69.143;73.423;75.951
2024-01-19 23:30:00;4.19;4.786;5.025;5.22;15.216;17.422;19.176;66.501;63.322;74.147
2024-01-19 23:45:00;4.109;4.765;5.401;5.17;15.754;18.099;20.208;75.131;72.692;74.1
2024-01-20 00:00:00;4.432;4.933;5.379;5.517;16.184;18.216;17.332;66.293;63.142;54.401
2024-01-20 00:15:00;4.484;4.77;4.978;5.38;16.507;18.863;18.797;62.716;53.169;57.017
2024-01-20 00:30:00;4.193;5.124;4.919;5.346;15.979;19.966;15.304;59.735;57.834;62.626
2024-01-20 00:45:00;4.668;4.689;5.421;5.959;15.186;17.168;19.552;60.733;60.05;69.129
2024-01-20 01:00:00;4.214;4.852;5.14;5.812;13.251;16.408;21.606;66.096;61.216;59.752
2024-01-20 01:15:00;4.236;4.624;5.078;5.727;15.195;18.133;16.359;60.726;58.551;60.8
2024-01-20 01:30:00;4.367;4.493;4.804;5.595;14.639;15.461;18.25;54.133;53.904;72.796
2024-01-20 01:45:00;4.277;4.769;5.197;5.461;16.652;16.168;19.844;58.922;59.719;61.367
2024-01-20 02:00:00;3.956;4.269;4.371;4.821;17.273;18.719;18.452;60.069;51.408;62.292
2024-01-20 02:15:00;3.83;4.257;4.547;4.68;17.314;17.011;18.671;52.126;58.79;62.366
2024-01-20 02:30:00;3.659;4.194;4.966;5.088;17.06;15.364;17.759;55.604;57.705;55.6
2024-01-20 02:45:00;3.844;4.166;4.397;4.611;15.813;14.935;17.698;62.392;59.302;66.145
2024-01-20 03:00:00;2.933;4.099;3.525;4.042;15.269;17.274;18.258;48.065;57.092;59.409
2024-01-20 03:15:00;3.171;3.822;3.666;4.707;14.954;18.936;18.468;50.873;52.16;62.835
2024-01-20 03:30:00;3.144;3.716;4.218;4.939;13.89;18.915;16.462;56.136;58.095;65.444
2024-01-20 03:45:00;3.11;3.576;4.019;4.472;17.389;17.369;18.292;58.733;64.84;73.684
2024-01-20 04:00:00;2.501;3.157;3.29;4.068;15.755;20.254;20.972;50.348;66.56;55.752
2024-01-20 04:15:00;2.167;3.044;3.188;3.649;14.255;17.041;17.713;56.379;72.685;67.757
2024-01-20 04:30:00;2.421;2.931;3.456;3.31;14.843;16.989;16.371;62.653;68.797;67.778
2024-01-20 04:45:00;2.543;2.855;3.096;3.915;14.786;13.297;18.152;57.336;53.776;59.49
2024-01-20 05:00:00;2.098;2.449;2.95;3.444;16.06;16.52;17.228;61.602;57.876;66.297
2024-01-20 05:15:00;1.872;1.738;2.67;3.29;17.494;18.495;16.205;54.099;59.882;72.039
2024-01-20 05:30:00;2.308;2.516;2.625;3.192;15.513;19.577;18.628;53.031;59.555;58.793
2024-01-20 05:45:00;1.903;2.355;2.695;3.566;12.846;15.938;17.235;61.159;60.362;64.328
2024-01-20 06:00:00;2.084;2.666;2.599;2.794;15.735;17.903;17.375;58.809;72.519;65.226
2024-01-20 06:15:00;1.981;2.304;2.687;2.86;15.781;18.791;18.652;51.191;54.373;65.938
2024-01-20 06:30:00;1.777;2.027;2.764;2.787;15.685;17.217;15.886;53.076;56.29;67.231
2024-01-20 06:45:00;2.237;2.289;1.704;3.126;15.122;13.729;15.544;64.666;68.548;63.915
2024-01-20 07:00:00;1.841;2.227;2.649;2.93;16.304;17.576;19.5;52.47;56.797;65.824
2024-01-20 07:15:00;2.242;2.576;2.762;3.055;16.093;18.357;15.233;61.578;62.047;57.987
2024-01-20 07:30:00;2.258;2.534;3.274;3.049;15.965;15.76;16.798;54.657;65.38;63.902
2024-01-20 07:45:00;1.94;2.688;2.576;3.187;16.578;16.814;15.448;56.984;62.53;60.38
2024-01-20 08:00:00;2.79;2.743;3.369;3.264;25.398;25.444;27.603;58.444;60.997;56.236
2024-01-20 08:15:00;2.477;2.933;3.729;3.752;25.319;23.293;29.102;46.705;64.881;60.2
2024-01-20 08:30:00;2.58;2.611;2.97;4.112;27.932;28.761;28.584;49.833;55.356;64.482
2024-01-20 08:45:00;2.574;3.086;3.431;3.767;26.783;27.194;32.323;57.423;57.419;65.397
2024-01-20 09:00:00;3.124;3.669;3.733;4.828;27.158;29.628;30.183;53.451;62.785;56.023
2024-01-20 09:15:00;3.304;3.664;3.814;4.764;27.717;28.503;26.873;61.883;49.239;57.843
2024-01-20 09:30:00;3.301;3.55;3.733;4.591;26.736;26.662;26.437;49.13;67.366;66.986
2024-01-20 09:45:00;2.818;3.645;3.752;4.373;27.3;27.074;32.839;59.77;61.578;65.795
2024-01-20 10:00:00;4.023;4.544;5.31;4.982;23.789;28.061;30.143;50.257;60.796;67.879
2024-01-20 10:15:00;3.459;4.109;4.803;5.212;26.286;28.67;29.367;55.275;51.521;70.523
2024-01-20 10:30:00;3.971;4.207;4.872;4.854;25.744;27.69;28.523;51.785;53.31;65.958
2024-01-20 10:45:00;3.989;3.925;4.708;4.391;28.349;28.881;28.849;66.322;57.927;60.719
2024-01-20 11:00:00;4.025;4.433;4.599;5.585;27.299;26.749;25.969;50.436;64.199;63.632
2024-01-20 11:15:00;4.154;4.655;5.139;5.082;25.117;25.684;28.658;56.402;49.202;72.129
2024-01-20 11:30:00;4.022;4.886;5.322;5.134;26.522;27.101;28.517;48.539;64.099;78.204
2024-01-20 11:45:00;4.192;4.574;4.802;5.433;26.235;27.512;26.917;64.838;58.128;65.547
2024-01-20 12:00:00;4.341;4.746;5.461;5.571;26.636;25.374;27.517;58.966;58.838;65.946
2024-01-20 12:15:00;4.548;4.706;5.39;5.162;24.574;25.168;30.885;57.671;61.319;66.991
2024-01-20 12:30:00;4.649;4.677;5.7;5.651;26.504;27.88;28.195;64.224;61.4;63.131
2024-01-20 12:45:00;4.665;4.868;5.087;5.9;25.681;26.582;31.797;57.722;56.295;69.401
2024-01-20 13:00:00;4.126;4.288;4.736;5.083;26.395;26.948;25.545;58.076;63.25;68.544
2024-01-20 13:15:00;4.193;4.927;4.935;5.827;24.986;26.653;27.544;57.645;47.939;64.949
2024-01-20 13:30:00;3.913;4.479;5.42;4.949;25.181;29.511;25.862;59.762;57.658;61.251
2024-01-20 13:45:00;4.079;4.799;4.539;6.089;27.643;29.118;26.417;54.587;60.799;54.636
2024-01-20 14:00:00;3.958;3.883;4.017;4.848;24.528;25.319;27.042;55.95;58.206;67.028
2024-01-20 14:15:00;4.082;4.329;4.599;5.02;24.631;26.39;28.917;60.971;50.5;64.171
2024-01-20 14:30:00;3.54;4.33;4.456;4.388;25.928;28.492;28.838;58.359;63.942;58.942
2024-01-20 14:45:00;3.662;4.263;4.577;4.956;24.919;28.115;27.286;56.44;53.508;56.785
2024-01-20 15:00:00;3.145;3.321;4.205;4.421;24.761;27.137;24.746;50.137;59.649;66.638
2024-01-20 15:15:00;3.203;3.607;3.801;4.323;26.147;25.471;30.823;64.34;60.796;54.193
2024-01-20 15:30:00;2.996;3.278;3.444;4.175;23.893;26.163;27.931;53.759;60.103;64.648
2024-01-20 15:45:00;3.231;3.492;4.502;4.057;24.589;26.415;26.569;61.837;66.079;67.64
2024-01-20 16:00:00;2.435;3.162;3.056;4.075;28.876;27.621;28.851;57.861;59.723;66.024
2024-01-20 16:15:00;2.522;3.108;3.039;3.735;26.643;29.79;28.735;50.662;62.223;60.851
2024-01-20 16:30:00;2.629;2.928;3.623;4.203;24.955;26.156;27.871;63.136;59.709;56.128
2024-01-20 16:45:00;2.526;2.701;3.221;3.562;26.586;25.64;28.644;58.247;63.187;66.229
2024-01-20 17:00:00;1.985;2.616;2.85;3.133;26.794;27.035;26.506;63.543;67.246;69.603
2024-01-20 17:15:00;2.047;2.472;2.998;3.52;27.392;28.768;29.646;56.106;60.715;59.85
2024-01-20 17:30:00;2.051;1.934;3.16;2.764;25.822;25.001;26.765;60.45;64.066;65.788
2024-01-20 17:45:00;1.997;2.647;2.777;2.891;27.367;29.41;27.407;48.364;67.568;71.698
2024-01-20 18:00:00;1.851;2.294;3.11;3.44;23.146;26.939;29.464;54.549;67.057;64.864
2024-01-20 18:15:00;2.204;2.577;2.123;2.737;24.521;26.084;30.374;50.762;57.996;60.817
2024-01-20 18:30:00;2.007;2.048;2.905;2.536;26.229;24.768;31.001;55.164;65.389;68.725
2024-01-20 18:45:00;1.844;1.569;2.473;3.679;26.461;28.274;30.132;59.312;61.294;58.943
2024-01-20 19:00:00;2.2;2.532;3.238;2.835;14.724;16.94;17.869;54.038;65.81;55.86
2024-01-20 19:15:00;2.004;2.535;2.906;3.325;16.363;17.459;15.873;61.233;62.957;67.468
2024-01-20 19:30:00;2.29;2.079;2.686;3.289;15.127;15.831;20.704;52.803;61.433;60.766
2024-01-20 19:45:00;2.138;2.242;3.046;2.396;15.612;16.715;20.648;61.338;62.257;61.259
2024-01-20 20:00:00;2.505;3.559;3.566;3.642;17.435;16.46;17.298;63.418;61.327;59.552
2024-01-20 20:15:00;2.61;2.855;3.498;3.864;17.273;17.047;19.911;61.966;61.531;60.4
2024-01-20 20:30:00;2.227;3.093;3.047;3.835;14.604;16.182;17.855;55.313;59.174;70.717
2024-01-20 20:45:00;2.311;2.775;3.194;4.005;14.52;14.868;20.862;46.585;58.691;72.144
2024-01-20 21:00:00;2.923;3.069;3.949;4.23;15.424;21.347;17.556;59.853;69.169;72.872
2024-01-20 21:15:00;3.177;3.511;3.939;4.571;15.963;15.128;21.645;56.386;62.483;68.996
2024-01-20 21:30:00;3.479;3.489;4.152;4.136;15.079;17.476;19.689;52.206;57.019;65.564
2024-01-20 21:45:00;3.574;3.458;3.406;3.913;17.457;14.507;21.348;54.274;58.557;55.122
2024-01-20 22:00:00;3.896;4.149;4.665;4.573;16.486;14.164;17.639;64.029;65.493;61.969
2024-01-20 22:15:00;3.87;4.236;4.497;4.522;16.569;17.349;19.064;51.427;56.172;74.862
2024-01-20 22:30:00;3.433;4.14;4.349;5.288;14.227;17.465;16.81;59.295;52.293;60.604
2024-01-20 22:45:00;3.672;3.884;4.375;4.505;17.634;19.117;19.784;58.068;52.676;71.328
2024-01-20 23:00:00;4.083;4.744;4.975;5.517;12.052;17.807;19.874;55.249;51.009;63.303
2024-01-20 23:15:00;4.115;4.184;4.06;5.35;17.168;16.972;22.331;60.158;53.246;48.27
2024-01-20 23:30:00;4.201;4.161;4.843;5.401;17.308;15.757;19.191;64.998;53.859;66.523
2024-01-20 23:45:00;4.143;4.803;4.796;5.855;15.395;19.478;19.588;55.55;67.203;69.964
2024-01-21 00:00:00;4.024;4.917;5.344;5.464;17.782;18.612;17.628;55.808;59.76;62.731
2024-01-21 00:15:00;4.542;4.787;4.983;5.79;15.912;15.306;19.288;60.048;58.111;69.782
2024-01-21 00:30:00;4.196;4.479;5.142;5.612;16.087;17.258;17.777;61.499;52.494;53.827
2024-01-21 00:45:00;4.445;4.637;5.616;5.553;16.475;17.419;18.59;56.374;59.256;55.379
2024-01-21 01:00:00;4.627;4.572;5.301;6.146;20.461;16.675;18.686;55.504;50.966;64.127
2024-01-21 01:15:00;4.058;4.265;5.276;4.986;17.882;18.373;17.822;46.134;58.079;65.624
2024-01-21 01:30:00;3.752;4.463;4.898;5.832;16.982;18.464;18.503;53.188;70.735;70.461
2024-01-21 01:45:00;4.178;4.783;5.179;5.636;14.722;16.91;17.785;51.417;63.452;66.514
2024-01-21 02:00:00;3.984;4.503;4.512;4.826;16.201;16.773;17.777;60.355;58.909;56.435
2024-01-21 02:15:00;4.147;4.079;4.522;5.48;14.862;19.478;20.166;55.805;63.63;64.172
2024-01-21 02:30:00;3.541;4.349;4.686;4.402;17.151;18.618;18.688;55.613;57.288;66.304
2024-01-21 02:45:00;3.869;3.735;4.414;4.813;16.197;17.31;18.969;56.956;55.836;52.692
2024-01-21 03:00:00;3.062;3.702;4.353;3.975;14.426;14.724;16.01;52.736;68.861;62.76
2024-01-21 03:15:00;3.13;3.365;3.907;4.478;16.114;17.723;19.094;64.611;54.06;61.154
2024-01-21 03:30:00;3.652;3.621;4.117;4.005;14.811;18.261;19.27;63.361;58.159;59.399
2024-01-21 03:45:00;2.864;3.493;4.343;4.484;16.212;13.013;17.747;64.929;61.591;65.743
2024-01-21 04:00:00;2.573;3.229;3.604;3.667;14.797;17.583;21.819;60.349;55.132;56.677
2024-01-21 04:15:00;2.614;2.724;2.945;3.576;16.038;16.567;14.646;56.856;63.383;65.293
2024-01-21 04:30:00;2.731;3.069;3.445;3.845;17.051;16.864;19.686;64.912;58.406;66.077
2024-01-21 04:45:00;2.544;2.861;3.555;3.642;15.926;15.821;19.569;53.663;63.452;68.961
2024-01-21 05:00:00;2.126;2.431;3.108;2.93;15.453;16.975;19.288;52.731;63.047;56.821
2024-01-21 05:15:00;1.993;2.425;2.567;4.136;16.285;19.316;18.689;54.053;58.736;54.721
2024-01-21 05:30:00;2.119;2.273;2.69;3.116;16.976;16.521;19.303;59.562;68.895;64.534
2024-01-21 05:45:00;2.002;2.464;3.136;2.58;14.45;18.668;19.824;53.266;56.54;61.426
2024-01-21 06:00:00;2.018;2.286;2.494;2.839;16.365;15.974;17.21;56.239;67.014;78.965
2024-01-21 06:15:00;1.83;2.355;2.619;2.707;17.845;18.353;18.891;49.151;66.11;65.522
2024-01-21 06:30:00;1.972;2.319;3.125;3.356;16.803;17.203;18.099;59.357;69.209;63.32
2024-01-21 06:45:00;1.894;2.484;2.687;3.2;16.081;17.735;16.606;49.566;60.905;62.049
2024-01-21 07:00:00;2.281;2.68;2.671;3.391;16.896;17.211;19.576;52.432;55.899;56.301
2024-01-21 07:15:00;2.058;2.226;2.631;3.153;16.633;18.175;17.474;62.964;70.799;66.101
2024-01-21 07:30:00;1.731;2.667;2.957;3.181;17.055;13.297;15.944;62.784;58.26;62.565
2024-01-21 07:45:00;2.307;2.195;2.508;3.152;13.166;15.042;17.516;58.834;55.77;62.569
2024-01-21 08:00:00;2.353;3.06;3.258;3.7;23.825;27.834;27.09;58.351;59.013;63.519
2024-01-21 08:15:00;2.401;3.068;3.415;3.984;27.407;24.094;30.087;54.398;54.895;64.217
2024-01-21 08:30:00;2.412;2.485;3.676;3.829;23.893;26.394;28.651;53.213;62.736;53.434
2024-01-21 08:45:00;2.786;2.946;3.505;3.88;26.562;27.117;30.667;55.225;56.851;67.604
2024-01-21 09:00:00;2.744;3.442;3.757;4.505;25.507;25.941;27.307;49.583;58.505;58.345
2024-01-21 09:15:00;3.746;3.375;4.268;4.624;24.605;26.149;29.834;58.237;65.032;62.241
2024-01-21 09:30:00;3.351;3.861;3.869;4.439;26.49;27.613;33.057;57.239;63.243;70.072
2024-01-21 09:45:00;3.192;3.4;3.616;4.461;26.281;28.734;28.984;52.426;60.081;72.787
2024-01-21 10:00:00;3.765;3.99;4.529;5.344;28.954;25.743;29.813;64.687;60.889;53.647
2024-01-21 10:15:00;3.829;4.192;4.963;4.769;25.125;26.326;29.537;59.974;60.064;63.166
2024-01-21 10:30:00;3.874;4.333;4.62;4.71;28.016;26.088;26.068;60.39;57.758;64.501
2024-01-21 10:45:00;3.898;4.142;4.578;4.607;26.493;23.52;29.361;54.612;59.987;54.709
2024-01-21 11:00:00;4.338;4.901;5.475;5.489;25.075;27.415;28.903;56.993;62.552;67.414
2024-01-21 11:15:00;4.25;4.755;4.646;4.858;27.119;28.621;27.974;60.074;59.344;63.639
2024-01-21 11:30:00;4.195;4.132;4.685;5.576;26.792;28.745;26.95;57.749;62.183;64.068
2024-01-21 11:45:00;4.204;4.511;4.596;5.399;26.05;25.876;29.538;64.849;55.649;57.953
2024-01-21 12:00:00;4.363;4.671;5.301;5.952;26.373;25.297;26.805;56.001;56.86;65.271
2024-01-21 12:15:00;4.615;4.91;5.245;5.392;25.164;27.233;31.899;54.528;56.182;67.61
2024-01-21 12:30:00;4.513;4.196;5.617;5.537;24.844;28.46;28.587;60.108;57.061;63.7
2024-01-21 12:45:00;3.841;5.386;5.266;5.948;27.063;27.435;26.394;50.803;66.693;60.173
2024-01-21 13:00:00;4.357;4.755;4.923;5.861;25.686;27.64;27.557;61.529;63.775;60.602
2024-01-21 13:15:00;4.27;4.667;5.033;5.222;25.888;28.936;27.944;50.627;54.4;64.212
2024-01-21 13:30:00;4.229;4.904;5.064;5.489;26.392;26.077;32.356;60.129;62.275;63.268
2024-01-21 13:45:00;4.159;5.172;4.581;5.524;26.371;26.866;26.949;53.823;57.969;67.977
2024-01-21 14:00:00;3.989;4.375;5.307;5.091;23.999;29.685;28.209;59.335;56.452;60.359
2024-01-21 14:15:00;3.955;4.393;4.715;4.894;27.801;26.901;27.518;61.446;52.274;56.299
2024-01-21 14:30:00;3.628;4.205;4.632;5.372;26.17;25.274;29.219;57.752;65.054;64.977
2024-01-21 14:45:00;3.852;4.142;4.741;4.389;25.716;26.183;27.544;51.122;52.908;60.374
2024-01-21 15:00:00;2.965;3.441;4.142;4.219;26.603;25.774;26.532;52.606;59.73;67.31
2024-01-21 15:15:00;2.888;3.36;3.912;4.489;26.331;27.743;28.08;53.43;55.079;63.041
2024-01-21 15:30:00;3.031;3.392;3.78;4.492;27.074;25.838;27.909;47.714;64.034;66.601
2024-01-21 15:45:00;3.314;3.239;4.112;4.769;26.753;27.612;27.429;62.525;58.261;57.421
2024-01-21 16:00:00;2.706;2.908;3.429;4.096;27.005;26.081;27.516;57.54;59.301;63.789
2024-01-21 16:15:00;2.622;2.538;3.106;3.636;27.891;23.972;30.343;51.436;59.476;59.154
2024-01-21 16:30:00;2.663;2.969;3.708;4.128;27.237;27.666;27.876;64.133;61.573;56.288
2024-01-21 16:45:00;2.623;2.917;3.404;3.504;25.775;27.426;26.54;53.563;60.068;58.264
2024-01-21 17:00:00;1.946;2.501;3.065;3.556;24.428;27.987;27.642;58.228;59.775;60.005
2024-01-21 17:15:00;2.15;2.347;3.243;3.829;28.335;26.177;28.489;52.956;57.304;69.846
2024-01-21 17:30:00;2.22;3.175;2.873;3.644;25.667;26.015;26.209;47.111;51.811;59.86
2024-01-21 17:45:00;2.211;2.78;2.953;3.3;25.338;27.81;31.067;50.314;54.184;56.007
2024-01-21 18:00:00;2.126;2.014;2.919;2.997;23.569;29.509;29.823;54.802;63.736;63.723
2024-01-21 18:15:00;2.035;2.354;2.504;2.626;26.474;27.217;30.745;61.402;58.41;63.16
2024-01-21 18:30:00;1.967;2.16;2.715;3.196;26.208;27.845;29.043;58.698;56.547;60.294
2024-01-21 18:45:00;2.103;2.067;2.734;2.754;23.879;26.711;24.966;57.687;52.69;62.113
2024-01-21 19:00:00;2.062;2.159;2.609;3.022;16.635;14.854;20.918;47.151;51.058;68.369
2024-01-21 19:15:00;1.9;2.567;3.493;2.898;15.303;18.67;16.984;63.223;56.343;66.689
2024-01-21 19:30:00;2.036;2.311;2.487;3.125;19.766;18.581;17.117;58.096;64.618;66.213
2024-01-21 19:45:00;1.926;2.69;2.517;3.259;15.203;18.28;18.656;56.415;57.103;56.49
2024-01-21 20:00:00;2.397;3.154;3.68;3.81;15.391;16.923;20.66;62.549;62.083;78.876
2024-01-21 20:15:00;2.498;3.241;3.518;3.539;14.775;18.108;20.127;63.113;56.864;68.782
2024-01-21 20:30:00;2.374;2.729;3.048;4.056;17.789;18.559;19.886;62.657;63.322;65.844
2024-01-21 20:45:00;2.466;3.034;3.489;3.66;15.478;19.663;17.889;55.789;58.171;56.596
2024-01-21 21:00:00;2.79;3.695;4.346;4.106;14.985;18.703;17.863;52.083;53.594;68.213
2024-01-21 21:15:00;3.191;3.441;3.942;4.42;16.99;17.297;18.967;61.846;58.601;60.244
2024-01-21 21:30:00;3.15;3.372;4.652;4.959;14.068;15.211;18.187;50.311;69.537;61.932
2024-01-21 21:45:00;2.995;3.92;3.485;4.454;16.875;17.437;19.858;66.542;69.307;53.756
2024-01-21 22:00:00;3.9;4.227;4.762;4.863;18.494;17.59;19.761;57.137;62.53;56.172
2024-01-21 22:15:00;3.953;4.321;4.89;4.501;16.793;18.278;19.37;51.802;59.287;65.412
2024-01-21 22:30:00;3.47;3.986;4.816;4.907;16.893;19.258;14.257;50.964;61.58;68.534
2024-01-21 22:45:00;3.63;3.895;4.52;5.048;17.218;17.055;18.61;50.74;61.648;66.767
2024-01-21 23:00:00;4.086;4.502;4.954;5.312;18.394;20.394;18.221;57.688;59.793;66.58
2024-01-21 23:15:00;4.054;4.604;5.152;4.916;17.694;14.526;18.676;56.969;62.293;62.644
2024-01-21 23:30:00;4.39;4.388;5.253;5.169;16.616;17.837;17.163;50.944;61.083;60.763
2024-01-21 23:45:00;4.196;4.63;5.195;5.883;17.265;15.986;16.227;55.253;58.357;64.589
2024-01-22 00:00:00;4.35;4.412;5.481;6.045;14.76;14.301;19.16;62.297;65.785;79.518
2024-01-22 00:15:00;4.019;4.542;4.925;5.325;17.087;16.893;17.816;71.888;69.608;75.027
2024-01-22 00:30:00;4.521;4.954;5.139;5.809;14.592;14.985;19.342;68.732;76.157;81.656
2024-01-22 00:45:00;4.165;4.939;4.946;5.235;15.486;16.955;17.3;67.146;71.836;73.817
2024-01-22 01:00:00;4.244;4.542;4.928;5.868;11.684;17.253;20.722;62.688;73.561;69.608
2024-01-22 01:15:00;4.285;4.398;5.307;5.509;16.562;18.9;20.042;67.529;70.528;74.943
2024-01-22 01:30:00;4.491;4.396;5.062;5.727;15.099;14.908;18.887;66.968;66.49;75.583
2024-01-22 01:45:00;3.984;4.547;5.736;4.901;17.556;18.581;18.05;70.557;70.759;74.549
2024-01-22 02:00:00;3.201;4.323;4.627;5.185;16.546;17.349;19.798;69.818;66.683;82.044
2024-01-22 02:15:00;3.81;4.388;4.591;4.973;17.574;18.764;19.044;72.881;66.351;79.429
2024-01-22 02:30:00;4.117;4.061;4.604;5.239;14.483;16.544;18.791;66.626;78.269;67.13
2024-01-22 02:45:00;4.01;3.91;4.403;5.259;17.454;15.175;20.11;59.884;69.816;83.439
2024-01-22 03:00:00;3.19;3.612;3.934;4.37;18.948;15.349;20.74;73.856;68.144;59.922
2024-01-22 03:15:00;3.057;3.361;4.255;4.164;17.07;15.236;16.346;64.413;80.413;86.831
2024-01-22 03:30:00;3.303;3.431;3.981;4.592;17.106;17.926;16.677;63.576;76.238;73.42
2024-01-22 03:45:00;2.965;3.855;3.736;4.331;16.237;19.445;17.12;68.789;70.068;73.957
2024-01-22 04:00:00;2.616;3.115;3.075;3.454;15.265;16.341;15.936;70.481;74.224;74.67
2024-01-22 04:15:00;2.621;2.961;3.203;3.44;17.066;18.156;18.297;66.399;70.774;77.119
2024-01-22 04:30:00;2.726;2.632;3.345;3.267;13.891;14.884;19.384;66.36;68.398;74.999
2024-01-22 04:45:00;3.049;2.974;3.647;3.567;15.415;17.474;18.365;67.084;74.468;74.266
2024-01-22 05:00:00;2.142;2.712;2.506;3.609;13.521;18.216;17.524;75.941;70.314;82.199
2024-01-22 05:15:00;1.971;2.381;2.781;3.323;15.015;14.999;20.247;68.987;72.393;78.111
2024-01-22 05:30:00;2.063;2.778;2.906;3.103;16.899;16.89;18.631;64.257;77.311;69.727
2024-01-22 05:45:00;1.731;2.765;2.372;3.517;16.708;18.288;18.962;64.307;76.738;79.074
2024-01-22 06:00:00;1.768;2.683;2.475;2.842;16.071;12.741;20.293;67.771;69.14;77.883
2024-01-22 06:15:00;1.822;2.37;2.516;3.13;16.239;19.23;18.198;70.166;74.527;72.001
2024-01-22 06:30:00;1.8;2.435;2.485;3.044;13.36;17.738;21.779;71.372;66.135;79.357
2024-01-22 06:45:00;1.929;2.625;2.752;3.342;15.478;18.289;17.666;69.608;74.342;74.133
2024-01-22 07:00:00;1.911;2.57;2.824;2.779;15.046;16.573;21.677;64.875;72.772;73.781
2024-01-22 07:15:00;2.28;2.352;2.718;3.004;15.077;14.581;16.801;66.923;73.971;73.631
2024-01-22 07:30:00;2.068;2.364;2.983;2.76;16.839;18.012;19.249;72.596;70.453;61.645
2024-01-22 07:45:00;2.066;2.522;3.333;3.187;14.795;17.074;17.346;63.384;82.837;72.103
2024-01-22 08:00:00;2.463;2.628;3.768;4.101;25.153;27.249;30.236;66.718;67.313;78.922
2024-01-22 08:15:00;2.554;2.892;2.806;3.568;23.078;28.853;27.616;71.928;77.052;74.877
2024-01-22 08:30:00;2.682;3.177;3.481;3.567;25.588;28.358;28.877;73.289;66.635;67.931
2024-01-22 08:45:00;2.36;2.421;3.277;3.995;24.477;30.12;27.333;68.055;74.623;80.305
2024-01-22 09:00:00;3.025;3.903;3.992;4.681;26.111;27.434;29.937;66.985;74.994;73.358
2024-01-22 09:15:00;3.092;3.808;3.842;4.323;24.668;26.149;27.325;62.522;72.286;68.281
2024-01-22 09:30:00;2.894;3.444;3.982;4.562;26.146;26.914;31.161;71.576;69.424;87.133
2024-01-22 09:45:00;2.994;3.675;3.991;4.016;25.797;27.832;26.767;75.462;72.734;69.208
2024-01-22 10:00:00;3.685;4.176;4.419;5.402;28.341;28.744;26.193;81.569;73.388;79.837
2024-01-22 10:15:00;3.941;4.458;4.333;5.641;26.696;24.97;29.961;70.894;81.308;70.769
2024-01-22 10:30:00;3.825;4.401;4.454;5.137;23.425;27.213;27.43;68.751;67.464;75.747
2024-01-22 10:45:00;3.812;3.853;4.638;4.329;24.229;29.647;28.388;64.493;69.109;70.038
2024-01-22 11:00:00;4.394;4.768;5.194;5.259;26.077;26.835;27.872;59.794;73.481;68.184
2024-01-22 11:15:00;4.206;4.585;5.263;5.623;24.698;28.615;26.247;69.867;70.669;77.872
2024-01-22 11:30:00;4.307;4.652;4.899;5.302;21.844;27.95;28.274;80.517;71.48;77.229
2024-01-22 11:45:00;4.213;4.465;5.109;5.827;27.889;28.653;30.474;75.227;77.566;81.296
2024-01-22 12:00:00;4.45;5.202;5.46;5.782;27.008;25.969;30.045;74.471;57.335;74.811
2024-01-22 12:15:00;4.289;5.039;5.515;5.381;26.729;25.976;28.78;70.203;68.891;87.212
2024-01-22 12:30:00;3.937;4.63;5.184;5.61;25.15;27.231;30.224;70.762;62.94;76.476
2024-01-22 12:45:00;4.374;4.493;5.14;5.323;26.599;24.871;26.662;57.124;65.782;78.117
2024-01-22 13:00:00;4.503;4.544;5.084;5.376;25.014;26.79;27.866;72.736;84.504;67.529
2024-01-22 13:15:00;4.409;4.732;4.722;5.261;26.287;27.584;29.049;66.161;75.11;71.623
2024-01-22 13:30:00;4.416;4.688;4.98;5.797;24.711;29.913;28.186;65.562;76.948;77.858
2024-01-22 13:45:00;4.467;4.921;5.234;6.088;28.123;27.812;27.995;67.416;71.581;74.537
2024-01-22 14:00:00;3.792;4.357;4.748;4.531;23.802;28.15;26.431;67.251;75.945;76.032
2024-01-22 14:15:00;3.812;4.398;4.502;4.379;27.725;28.97;24.987;65.484;62.814;70.509
2024-01-22 14:30:00;3.658;4.25;4.634;4.899;26.054;25.734;29.741;69.068;77.399;75.671
2024-01-22 14:45:00;3.715;3.855;4.352;4.504;25.315;26.949;28.799;66.264;67.737;75.652
2024-01-22 15:00:00;3.267;3.505;4.14;4.364;26.234;30.887;29.879;69.492;69.237;68.508
2024-01-22 15:15:00;3.379;3.794;3.929;4.582;27.027;27.08;27.683;61.713;74.627;78.534
2024-01-22 15:30:00;3.124;3.538;3.875;4.813;27.913;28.897;27.231;67.951;73.646;65.65
2024-01-22 15:45:00;3.064;3.666;3.852;4.412;26.438;28.665;28.411;63.628;72.44;76.013
2024-01-22 16:00:00;2.525;2.852;3.308;3.665;24.753;24.953;29.801;65.857;64.912;84.711
2024-01-22 16:15:00;2.639;2.688;3.204;3.112;26.078;27.672;28.02;69.703;72.519;78.743
2024-01-22 16:30:00;2.251;2.897;3.503;3.733;28.544;27.423;29.715;61.14;76.995;78.709
2024-01-22 16:45:00;2.089;2.996;3.218;3.747;27.887;27.702;26.75;64.97;69.231;70.064
2024-01-22 17:00:00;1.963;2.317;3.298;3.466;27.272;26.054;28.135;71.788;78.838;84.73
2024-01-22 17:15:00;1.836;2.413;3.263;3.048;27.114;25.502;28.285;62.075;67.462;82.572
2024-01-22 17:30:00;1.971;2.251;2.627;3.133;26.979;26.476;30.411;77.712;72.034;70.36
2024-01-22 17:45:00;2.039;2.725;2.886;2.809;27.622;27.051;28.741;74.902;79.984;72.389
2024-01-22 18:00:00;1.814;2.232;2.524;2.39;25.361;29.001;31.264;66.577;68.457;81.901
2024-01-22 18:15:00;2.176;2.634;2.612;2.756;24.103;29.962;26.19;65.143;77.481;84.879
2024-01-22 18:30:00;1.962;2.652;3.241;2.613;26.097;29.323;28.613;69.99;82.268;68.044
2024-01-22 18:45:00;1.957;2.281;2.617;3.204;24.855;28.507;28.694;61.907;72.889;69.48
2024-01-22 19:00:00;2.186;2.236;2.965;3.107;14.523;15.673;19.417;59.19;69.26;74.209
2024-01-22 19:15:00;1.851;1.988;3.014;3.101;14.992;16.578;17.066;66.749;67.982;63.059
2024-01-22 19:30:00;2.265;2.129;2.597;2.962;19.479;17.519;21.162;68.343;78.784;75.105
2024-01-22 19:45:00;2.053;2.151;2.637;2.265;16.191;16.239;18.421;69.463;78.639;81.522
2024-01-22 20:00:00;2.652;3.242;2.999;4.193;16.507;18.077;16.617;65.988;79.536;67.087
2024-01-22 20:15:00;2.321;2.952;3.086;3.415;14.289;18.295;18.374;75.242;71.829;75.699
2024-01-22 20:30:00;2.23;3.015;2.555;3.597;13.419;18.015;17.886;61.674;77.397;71.8
2024-01-22 20:45:00;2.68;2.414;3.472;3.274;14.853;18.758;22.965;63.423;71.746;84.02
2024-01-22 21:00:00;3.222;3.274;4.505;4.651;18.013;15.825;20.122;71.385;67.408;71.866
2024-01-22 21:15:00;2.979;3.754;3.99;4.394;16.468;18.618;18.481;63.308;77.846;83.354
2024-01-22 21:30:00;2.985;3.616;3.568;4.094;16.838;16.143;18.216;63.118;80.496;71.714
2024-01-22 21:45:00;3.364;3.516;3.776;4.228;17.034;15.77;19.96;69.604;66.693;79.241
2024-01-22 22:00:00;3.549;4.305;4.451;5.495;15.172;18.009;20.038;63.838;66.595;76.386
2024-01-22 22:15:00;4.087;4.551;4.3;4.952;17.943;19.048;13.625;68.348;72.208;74.24
2024-01-22 22:30:00;3.604;4.124;4.807;4.919;15.114;17.942;19.455;65.571;76.972;70.652
2024-01-22 22:45:00;3.896;4.191;4.794;4.683;17.969;17.232;18.446;64.778;66.104;76.777
2024-01-22 23:00:00;4.17;4.677;4.721;4.845;16.619;17.671;16.25;58.699;73.18;72.577
2024-01-22 23:15:00;4.347;5.183;5.228;5.383;13.495;17.407;19.844;69.684;68.93;71.206
2024-01-22 23:30:00;4.129;4.15;5.445;5.533;14.953;15.489;22.084;62.889;75.644;83.1
2024-01-22 23:45:00;4.202;4.79;5.546;5.773;13.501;15.311;19.313;68.176;67.851;78.011
2024-01-23 00:00:00;4.408;4.774;5.974;4.903;17.629;17.08;20.205;66.491;76.013;78.54
2024-01-23 00:15:00;4.21;4.93;4.956;5.251;15.965;17.321;21.359;67.988;71.177;72.846
2024-01-23 00:30:00;4.541;4.649;5.963;5.42;12.88;17.217;17.038;68.267;67.127;73.977
2024-01-23 00:45:00;4.302;4.789;5.104;5.599;16.526;18.228;15.354;69.949;72.331;73.633
2024-01-23 01:00:00;4.189;4.796;4.873;5.388;15.248;16.872;19.477;65.434;61.923;76.855
2024-01-23 01:15:00;4.044;5.349;5.121;5.395;13.923;18.056;17.994;75.089;69.093;78.53
2024-01-23 01:30:00;3.746;4.818;4.875;5.559;18.349;16.98;16.146;59.948;73.754;74.834
2024-01-23 01:45:00;4.196;4.437;5.14;5.153;16.15;19.972;18.272;67.89;62.787;70.64
2024-01-23 02:00:00;4.233;4.078;4.219;5.265;15.589;17.323;19.593;73.098;58.63;79.183
2024-01-23 02:15:00;3.924;4.071;4.511;5.109;15.441;20.758;18.156;71.336;59.835;75.184
2024-01-23 02:30:00;3.771;3.762;4.922;4.876;13.881;17.735;17.11;64.223;78.901;67.075
2024-01-23 02:45:00;3.725;4.099;4.56;5.471;14.174;16.875;18.033;65.04;71.601;63.256
2024-01-23 03:00:00;3.154;3.719;3.988;4.832;17.799;15.833;18.368;64.067;69.231;76.638
2024-01-23 03:15:00;3.254;3.257;4.078;4.639;15.337;15.007;15.236;71.936;76.915;70.438
2024-01-23 03:30:00;2.926;3.791;4.266;3.414;16.031;15.693;18.166;65.374;69.897;77.371
2024-01-23 03:45:00;3.362;3.662;3.503;4.839;13.138;15.863;16.195;70.25;73.396;70.734
2024-01-23 04:00:00;2.661;2.756;3.483;3.971;14.155;17.8;19.481;70.295;72.134;75.733
2024-01-23 04:15:00;2.661;2.892;3.253;4.347;16.854;16.4;15.84;80.605;69.551;72.919
2024-01-23 04:30:00;2.608;3.293;3.37;4.109;16.529;17.484;20.061;70.535;73.53;84.636
2024-01-23 04:45:00;2.529;3.094;3.611;4.214;18.455;19.149;17.729;65.025;76.021;80.227
2024-01-23 05:00:00;2.195;2.469;2.545;3.54;17.88;17.067;17.51;61.845;71.038;82.41
2024-01-23 05:15:00;2.18;2.413;2.594;3.686;15.677;20.36;18.883;67.648;69.605;75.132
2024-01-23 05:30:00;2.0;2.485;2.345;3.886;16.662;15.413;16.98;68.416;70.219;79.523
2024-01-23 05:45:00;1.958;2.35;2.719;3.335;15.557;16.971;18.857;58.168;60.051;75.504
2024-01-23 06:00:00;1.919;1.816;3.059;2.613;18.877;16.38;17.199;65.502;73.472;83.083
2024-01-23 06:15:00;2.194;2.77;2.667;3.005;17.609;18.623;17.487;70.457;65.713;74.601
2024-01-23 06:30:00;1.665;2.336;2.338;3.221;16.238;13.796;19.065;66.391;75.275;67.314
2024-01-23 06:45:00;1.621;2.392;2.569;3.123;16.281;15.006;16.533;73.746;71.53;64.008
2024-01-23 07:00:00;2.099;2.454;2.466;2.881;18.023;17.037;16.326;61.364;72.547;84.176
2024-01-23 07:15:00;2.077;2.298;2.564;2.762;16.811;19.558;18.807;72.317;75.642;77.632
2024-01-23 07:30:00;2.1;2.425;2.972;3.038;18.182;17.543;18.356;73.478;67.182;77.993
2024-01-23 07:45:00;2.114;2.1;2.551;3.518;12.929;15.146;18.677;73.687;73.92;83.193
2024-01-23 08:00:00;2.483;3.449;3.625;4.215;26.646;25.38;28.937;61.327;73.392;65.915
2024-01-23 08:15:00;2.808;2.641;3.306;4.009;25.278;29.743;28.494;70.541;71.039;73.028
2024-01-23 08:30:00;2.221;2.688;3.348;4.053;28.459;26.256;29.397;65.723;67.173;73.702
2024-01-23 08:45:00;2.368;2.824;3.25;3.7;28.165;25.767;28.56;62.11;75.095;79.083
2024-01-23 09:00:00;3.13;3.846;4.159;3.81;26.046;29.446;25.108;66.972;75.658;71.19
2024-01-23 09:15:00;2.838;3.553;4.161;4.209;28.15;28.737;25.533;64.566;72.591;68.392
2024-01-23 09:30:00;3.117;3.266;4.04;4.27;28.496;29.137;31.562;73.512;66.434;68.343
2024-01-23 09:45:00;3.466;3.838;4.102;4.196;26.104;25.756;28.4;71.514;69.257;81.322
2024-01-23 10:00:00;3.779;4.343;4.518;4.992;29.461;24.882;29.958;63.353;71.686;70.916
2024-01-23 10:15:00;3.819;4.299;4.721;5.112;25.956;27.402;27.833;65.451;75.58;71.964
2024-01-23 10:30:00;3.536;4.34;4.484;5.239;25.7;27.709;28.305;67.135;63.766;78.49
2024-01-23 10:45:00;3.658;4.726;4.576;4.889;27.212;27.754;27.656;68.645;69.068;71.156
2024-01-23 11:00:00;4.161;5.135;4.958;4.842;25.505;29.447;32.444;73.931;69.906;65.623
2024-01-23 11:15:00;4.172;4.475;4.909;5.283;26.119;24.565;28.815;72.385;71.567;66.301
2024-01-23 11:30:00;4.476;5.006;4.846;5.446;27.973;28.507;27.523;69.252;65.233;74.688
2024-01-23 11:45:00;4.338;4.721;5.159;5.812;26.027;25.533;25.691;67.723;70.869;77.735
2024-01-23 12:00:00;4.189;4.915;5.554;5.424;23.627;28.501;31.637;60.311;70.385;73.888
2024-01-23 12:15:00;4.447;4.411;5.516;5.759;26.514;26.478;28.132;75.331;66.605;77.367
2024-01-23 12:30:00;4.495;4.761;4.861;5.69;25.025;25.963;29.621;66.809;71.387;66.129
2024-01-23 12:45:00;4.617;4.613;5.548;5.614;27.211;26.273;29.804;76.619;69.186;66.501
2024-01-23 13:00:00;4.533;4.823;4.947;5.721;26.975;25.003;27.641;69.961;74.577;87.397
2024-01-23 13:15:00;4.04;4.879;5.195;5.228;28.06;27.261;29.503;78.924;67.396;81.78
2024-01-23 13:30:00;4.078;4.155;4.788;5.254;27.271;26.026;27.409;71.971;72.467;79.229
2024-01-23 13:45:00;3.994;4.627;5.071;5.429;27.526;28.395;26.776;61.983;67.796;71.372
2024-01-23 14:00:00;3.731;4.433;4.66;4.777;25.063;28.173;30.31;65.989;68.881;73.691
2024-01-23 14:15:00;3.864;4.132;4.174;5.132;27.126;29.766;28.141;68.171;73.546;74.991
2024-01-23 14:30:00;3.963;4.343;4.739;4.754;28.756;27.757;29.25;64.718;73.221;82.229
2024-01-23 14:45:00;3.761;4.256;4.938;5.045;25.036;27.991;29.074;67.152;69.831;77.215
2024-01-23 15:00:00;3.089;3.629;3.903;4.319;28.52;29.328;29.446;62.302;70.599;77.893
2024-01-23 15:15:00;3.179;3.488;4.317;4.417;25.231;26.246;25.847;69.028;64.441;74.078
2024-01-23 15:30:00;2.991;3.27;3.899;4.207;24.807;24.938;27.44;70.163;79.294;79.36
2024-01-23 15:45:00;3.547;3.292;4.179;4.245;26.415;27.504;27.868;64.08;75.575;76.663
2024-01-23 16:00:00;2.22;3.088;2.726;3.755;27.002;25.038;27.036;78.507;75.388;75.242
2024-01-23 16:15:00;2.56;2.929;3.978;3.788;27.276;30.93;29.104;69.311;63.706;70.913
2024-01-23 16:30:00;2.909;2.893;3.729;3.724;24.654;29.412;30.347;64.998;68.903;74.375
2024-01-23 16:45:00;2.526;2.828;3.248;4.254;26.608;30.489;30.606;61.015;70.26;69.063
2024-01-23 17:00:00;2.031;2.397;2.335;2.96;25.04;27.295;27.844;69.294;61.958;74.779
2024-01-23 17:15:00;2.0;2.708;2.945;3.248;23.916;28.037;28.879;67.724;76.628;75.489
2024-01-23 17:30:00;2.033;2.39;2.478;2.78;24.7;26.502;29.131;72.837;79.56;61.775
2024-01-23 17:45:00;2.328;2.159;2.988;3.383;24.949;28.542;29.419;68.297;82.722;73.733
2024-01-23 18:00:00;1.48;2.471;2.811;2.754;26.73;25.352;26.96;63.151;66.561;68.533
2024-01-23 18:15:00;2.191;2.253;2.446;3.014;27.613;23.334;31.386;77.187;72.61;77.743
2024-01-23 18:30:00;1.629;2.307;3.003;2.985;23.938;25.998;29.919;71.135;78.879;78.504
2024-01-23 18:45:00;1.849;2.67;2.918;3.187;26.493;24.988;29.962;67.755;70.681;72.655
2024-01-23 19:00:00;1.986;2.463;3.131;3.096;14.353;19.446;20.374;69.807;69.052;78.02
2024-01-23 19:15:00;2.179;2.534;2.87;3.083;16.881;19.96;19.276;71.323;62.297;78.251
2024-01-23 19:30:00;1.764;2.196;2.485;3.713;15.128;15.068;16.715;61.999;77.89;73.737
2024-01-23 19:45:00;2.155;2.417;3.131;3.356;14.528;19.163;18.172;69.773;71.9;83.439
2024-01-23 20:00:00;2.91;3.065;3.252;3.551;17.12;18.646;15.692;66.794;68.207;71.012
2024-01-23 20:15:00;2.266;2.567;2.95;3.647;15.178;14.814;19.081;71.486;73.476;83.093
2024-01-23 20:30:00;2.561;2.971;3.69;4.235;15.558;16.607;18.122;65.373;72.796;73.761
2024-01-23 20:45:00;2.399;2.948;3.892;3.652;12.892;16.318;18.334;66.037;72.875;70.362
2024-01-23 21:00:00;3.231;3.559;3.939;4.136;17.325;18.337;20.375;77.148;70.871;73.066
2024-01-23 21:15:00;3.154;3.789;4.533;4.138;17.149;15.332;17.651;75.031;80.436;68.953
2024-01-23 21:30:00;3.028;3.627;3.975;4.18;16.008;17.05;17.987;52.852;71.305;79.315
2024-01-23 21:45:00;3.243;3.89;3.847;4.166;13.861;16.157;18.436;74.668;80.42;66.185
2024-01-23 22:00:00;4.118;3.946;4.405;4.578;17.693;17.919;15.382;68.639;74.933;82.643
2024-01-23 22:15:00;3.739;4.206;5.017;4.626;15.067;16.87;17.964;65.53;73.826;69.853
2024-01-23 22:30:00;3.912;4.194;4.364;4.718;15.365;16.386;14.323;64.065;71.411;79.602
2024-01-23 22:45:00;3.529;3.929;4.774;5.158;19.237;16.876;17.44;64.349;77.065;75.133
2024-01-23 23:00:00;4.051;4.852;4.882;5.314;15.015;20.295;19.803;65.668;72.588;76.489
2024-01-23 23:15:00;4.322;5.167;4.908;5.368;17.039;16.566;19.134;63.477;67.153;71.755
2024-01-23 23:30:00;4.515;4.629;5.311;5.826;16.787;15.618;17.424;62.362;66.979;76.94
2024-01-23 23:45:00;4.3;4.749;4.93;5.834;16.546;18.087;18.467;63.902;74.197;75.742
2024-01-24 00:00:00;4.341;4.819;5.091;5.513;16.395;16.982;16.637;70.585;67.282;66.981
2024-01-24 00:15:00;4.4;4.636;5.506;5.404;16.527;15.049;18.396;69.245;71.676;69.706
2024-01-24 00:30:00;4.162;4.381;5.631;5.332;16.381;20.592;23.206;71.724;77.497;72.025
2024-01-24 00:45:00;4.515;4.638;5.374;5.815;15.927;16.664;21.427;68.675;73.581;70.848
2024-01-24 01:00:00;4.4;4.312;4.856;5.369;18.116;16.626;18.486;62.597;68.245;81.89
2024-01-24 01:15:00;4.147;5.024;4.895;5.313;14.162;17.443;18.663;71.423;79.332;75.039
2024-01-24 01:30:00;4.143;4.606;5.054;5.18;17.43;19.83;16.794;64.077;74.849;70.717
2024-01-24 01:45:00;4.283;4.553;5.119;5.194;17.151;14.647;17.085;72.168;77.293;72.301
2024-01-24 02:00:00;3.692;4.38;4.308;5.074;16.978;17.619;18.994;63.287;60.209;72.225
2024-01-24 02:15:00;3.762;3.917;4.77;4.567;17.564;20.373;17.539;65.631;73.72;73.416
2024-01-24 02:30:00;4.174;3.999;4.598;5.283;15.87;17.396;19.883;67.229;76.379;69.086
2024-01-24 02:45:00;3.728;4.191;4.112;4.81;13.383;15.322;20.974;72.305;80.842;70.523
2024-01-24 03:00:00;3.082;3.787;3.699;4.304;15.899;16.26;18.945;69.862;64.388;79.216
2024-01-24 03:15:00;3.027;3.665;3.814;3.936;14.612;17.514;18.567;69.098;78.272;76.019
2024-01-24 03:30:00;3.291;3.607;3.93;4.346;14.975;19.223;15.644;78.24;80.551;74.162
2024-01-24 03:45:00;3.116;3.568;4.46;4.248;14.261;16.684;19.626;59.999;61.51;75.014
2024-01-24 04:00:00;2.402;3.017;3.389;3.709;15.332;18.457;16.524;63.912;74.489;74.749
2024-01-24 04:15:00;2.776;2.971;3.098;4.181;15.165;15.018;17.714;63.702;75.212;73.85
2024-01-24 04:30:00;2.795;2.688;3.385;3.78;12.671;15.006;19.974;60.324;70.3;77.844
2024-01-24 04:45:00;2.411;2.936;3.23;3.479;16.98;16.466;20.089;65.474;69.452;77.437
2024-01-24 05:00:00;1.713;2.221;2.955;3.047;19.108;19.386;17.635;72.37;75.473;66.355
2024-01-24 05:15:00;2.259;2.486;3.024;3.452;16.849;17.305;17.729;66.101;68.802;74.276
2024-01-24 05:30:00;1.937;2.357;3.194;3.67;15.716;17.641;17.253;67.368;70.87;66.718
2024-01-24 05:45:00;2.218;3.052;2.861;3.355;15.923;17.623;16.436;60.559;76.225;78.496
2024-01-24 06:00:00;1.526;2.291;3.143;3.314;15.411;18.886;17.359;65.097;81.121;79.222
2024-01-24 06:15:00;2.07;1.977;2.945;3.289;16.126;16.272;15.754;66.738;74.798;71.641
2024-01-24 06:30:00;1.67;2.269;2.509;3.54;15.948;18.246;19.52;72.148;72.694;74.358
2024-01-24 06:45:00;2.039;2.419;3.297;2.496;14.823;15.937;19.047;60.793;69.315;63.387
2024-01-24 07:00:00;2.07;2.852;2.956;3.474;18.356;20.215;19.319;66.77;66.745;80.35
2024-01-24 07:15:00;1.886;2.332;2.642;3.572;13.918;15.983;16.835;74.325;77.77;78.903
2024-01-24 07:30:00;1.99;2.104;3.314;2.852;17.006;15.859;16.44;66.819;71.202;81.325
2024-01-24 07:45:00;2.198;2.655;3.428;2.993;15.858;18.035;18.488;58.634;77.984;83.176
2024-01-24 08:00:00;2.545;2.607;3.316;3.461;28.661;27.321;28.505;75.268;70.286;68.267
2024-01-24 08:15:00;2.636;2.825;3.189;3.499;26.477;27.697;28.158;72.601;68.624;79.884
2024-01-24 08:30:00;2.901;2.866;3.278;3.576;25.496;27.546;27.925;73.26;74.188;83.136
2024-01-24 08:45:00;2.228;2.909;3.518;3.8;25.653;25.543;31.206;60.455;71.602;66.78
2024-01-24 09:00:00;3.457;3.709;4.295;4.618;26.056;29.652;29.099;76.411;65.731;74.058
2024-01-24 09:15:00;3.17;3.393;4.104;4.685;24.4;28.558;31.632;65.211;81.45;73.001
2024-01-24 09:30:00;2.979;3.487;3.977;4.09;24.926;29.266;30.481;66.504;68.74;79.705
2024-01-24 09:45:00;2.897;3.547;4.354;4.088;23.501;26.397;31.193;65.556;76.823;61.833
2024-01-24 10:00:00;3.739;4.209;4.491;5.383;24.708;27.833;26.638;73.64;76.378;84.988
2024-01-24 10:15:00;3.95;4.198;4.853;5.175;26.131;27.5;29.373;68.119;65.451;74.381
2024-01-24 10:30:00;3.751;4.275;4.497;5.001;26.42;28.915;27.692;71.361;66.788;80.039
2024-01-24 10:45:00;4.062;4.369;4.691;5.122;23.229;28.964;25.672;69.372;70.432;74.669
2024-01-24 11:00:00;3.957;4.723;5.002;5.423;25.808;27.493;30.853;68.534;67.499;77.707
2024-01-24 11:15:00;4.23;4.737;5.017;5.595;26.789;24.893;27.918;64.361;80.978;62.232
2024-01-24 11:30:00;3.995;4.269;4.931;5.328;25.772;29.905;26.67;77.879;70.959;72.883
2024-01-24 11:45:00;4.302;4.644;5.396;5.516;25.113;28.045;27.72;61.829;76.627;79.663
2024-01-24 12:00:00;4.569;4.91;5.002;5.132;25.423;26.275;27.094;71.02;74.671;76.588
2024-01-24 12:15:00;4.32;4.968;5.0;5.387;25.243;27.818;27.262;70.846;73.373;65.997
2024-01-24 12:30:00;3.905;4.641;5.773;5.39;25.109;24.903;28.037;74.656;72.21;75.338
2024-01-24 12:45:00;4.438;4.648;5.464;5.484;26.243;28.804;31.239;75.802;78.433;70.497
2024-01-24 13:00:00;4.316;4.5;4.389;5.145;29.231;24.964;27.307;68.327;67.71;70.02
2024-01-24 13:15:00;4.309;4.756;4.88;5.267;24.959;26.864;31.121;71.599;80.977;66.636
2024-01-24 13:30:00;4.467;4.87;4.543;4.963;25.555;27.572;29.792;77.648;65.306;78.403
2024-01-24 13:45:00;4.029;4.539;4.776;5.603;25.928;28.779;29.05;68.681;76.064;81.122
2024-01-24 14:00:00;3.904;4.384;3.728;4.949;25.038;27.362;29.627;63.774;64.693;86.661
2024-01-24 14:15:00;4.002;4.203;4.538;4.446;27.538;28.165;28.422;67.116;70.358;66.893
2024-01-24 14:30:00;3.437;4.146;4.267;4.716;22.681;27.157;30.509;62.607;72.485;79.221
2024-01-24 14:45:00;3.836;4.126;4.591;5.079;25.257;27.151;29.33;70.822;69.469;79.582
2024-01-24 15:00:00;3.054;3.722;3.511;4.182;27.146;27.33;25.67;74.216;71.055;71.807
2024-01-24 15:15:00;3.135;3.625;3.972;4.134;25.588;26.913;28.886;68.407;64.788;69.953
2024-01-24 15:30:00;3.216;4.073;3.838;4.327;24.851;24.636;29.686;61.057;66.865;69.028
2024-01-24 15:45:00;3.057;3.354;4.356;4.457;26.617;26.032;27.926;74.006;74.591;72.1
2024-01-24 16:00:00;2.397;3.044;3.706;3.28;27.269;27.572;28.607;60.296;72.154;76.114
2024-01-24 16:15:00;2.531;2.803;3.537;3.896;26.295;26.821;27.395;61.425;68.409;82.481
2024-01-24 16:30:00;2.318;2.725;3.237;3.477;24.878;26.963;26.141;68.126;78.886;81.079
2024-01-24 16:45:00;2.319;2.923;3.861;3.719;26.639;26.709;25.857;70.234;65.656;66.115
2024-01-24 17:00:00;2.197;2.499;2.448;3.256;25.437;25.887;25.879;71.069;70.12;70.661
2024-01-24 17:15:00;1.849;3.139;2.489;3.104;27.043;26.45;29.497;68.676;69.371;82.148
2024-01-24 17:30:00;2.194;2.425;2.845;2.95;28.077;26.734;24.316;77.624;75.198;70.979
2024-01-24 17:45:00;2.155;2.208;3.476;3.179;22.352;27.208;27.307;69.319;72.25;74.687
2024-01-24 18:00:00;1.572;2.363;2.645;3.604;26.155;27.798;27.144;74.07;71.438;65.621
2024-01-24 18:15:00;1.771;1.823;2.651;2.678;23.57;26.926;27.937;72.856;62.41;81.342
2024-01-24 18:30:00;2.127;2.279;2.311;3.625;29.419;25.635;25.355;62.665;76.498;64.48
2024-01-24 18:45:00;1.714;2.304;2.955;3.019;25.345;25.075;29.062;68.168;70.867;65.965
2024-01-24 19:00:00;1.979;2.65;3.125;3.278;17.045;21.148;16.312;79.404;72.601;80.779
2024-01-24 19:15:00;2.155;2.691;3.081;2.931;15.951;15.483;20.257;66.529;68.107;85.56
2024-01-24 19:30:00;2.216;2.352;2.698;3.028;14.876;16.412;17.38;65.694;67.29;73.402
2024-01-24 19:45:00;2.02;2.433;2.677;3.112;14.709;17.986;18.243;69.836;79.796;74.742
2024-01-24 20:00:00;2.411;2.749;2.976;3.401;18.22;17.749;18.406;66.704;62.779;79.996
2024-01-24 20:15:00;2.795;2.666;3.348;3.66;17.338;17.992;18.801;65.111;66.518;76.592
2024-01-24 20:30:00;2.855;2.996;3.033;3.599;18.721;16.527;18.461;66.632;79.699;72.947
2024-01-24 20:45:00;2.711;2.632;3.007;4.299;16.078;17.563;17.7;76.017;75.332;72.33
2024-01-24 21:00:00;3.166;3.455;3.836;3.989;16.403;17.293;18.963;68.331;70.308;66.383
2024-01-24 21:15:00;2.996;3.321;3.818;4.382;15.626;16.726;19.164;62.492;78.482;76.281
2024-01-24 21:30:00;2.992;3.676;3.805;4.427;15.598;17.573;17.145;61.592;74.324;74.494
2024-01-24 21:45:00;3.249;3.964;4.076;4.018;14.541;18.804;19.099;79.813;73.21;72.592
2024-01-24 22:00:00;3.854;3.876;4.596;5.188;16.118;17.166;20.354;67.906;73.173;69.49
2024-01-24 22:15:00;4.041;3.749;4.497;4.852;14.895;17.176;19.558;71.129;74.419;70.047
2024-01-24 22:30:00;3.899;4.146;4.624;4.202;16.619;18.824;19.929;65.22;74.63;78.401
2024-01-24 22:45:00;3.489;4.179;4.307;5.18;16.238;18.661;18.682;70.573;83.419;79.849
2024-01-24 23:00:00;4.432;4.683;5.061;5.086;16.403;19.608;16.865;76.151;70.987;73.201
2024-01-24 23:15:00;4.043;4.53;5.073;5.108;18.345;14.531;17.072;65.804;71.147;72.621
2024-01-24 23:30:00;4.16;4.586;4.627;5.646;15.947;18.576;18.925;71.247;65.568;70.305
2024-01-24 23:45:00;4.28;4.717;5.301;5.325;17.059;18.114;19.946;62.112;71.73;80.153
2024-01-25 00:00:00;4.779;5.039;4.962;5.885;18.872;15.854;22.969;78.912;81.687;75.17
2024-01-25 00:15:00;4.991;4.35;5.224;5.975;17.829;17.582;20.01;70.316;77.119;77.023
2024-01-25 00:30:00;4.515;4.715;5.514;5.4;17.614;18.798;16.48;66.977;69.173;76.972
2024-01-25 00:45:00;4.365;4.849;5.45;5.846;15.571;15.94;17.142;67.54;72.156;73.308
2024-01-25 01:00:00;4.334;4.421;5.042;5.198;16.322;17.873;22.137;66.501;65.259;68.591
2024-01-25 01:15:00;4.401;5.031;4.935;6.125;14.154;18.524;18.048;66.751;66.961;69.521
2024-01-25 01:30:00;4.172;4.486;5.288;5.218;16.698;15.572;18.478;57.007;72.777;81.203
2024-01-25 01:45:00;4.574;4.623;5.215;5.751;16.384;16.984;16.825;68.52;69.429;71.009
2024-01-25 02:00:00;3.819;4.303;4.408;5.237;16.033;17.657;20.967;68.315;66.568;72.743
2024-01-25 02:15:00;3.87;4.039;4.36;5.073;17.438;15.99;19.221;71.394;74.547;68.761
2024-01-25 02:30:00;3.902;3.75;4.015;4.767;14.309;15.864;17.13;66.437;71.572;68.312
2024-01-25 02:45:00;3.855;4.076;4.617;4.928;18.289;16.995;16.77;65.222;63.849;70.77
2024-01-25 03:00:00;3.309;3.787;3.928;3.682;17.262;18.418;18.904;68.962;61.209;84.286
2024-01-25 03:15:00;3.033;3.473;4.257;4.42;15.901;18.178;18.472;61.099;69.036;78.619
2024-01-25 03:30:00;3.044;3.355;4.047;4.458;15.792;15.891;19.765;69.703;63.741;72.103
2024-01-25 03:45:00;2.941;3.763;4.31;4.391;16.673;18.191;19.297;59.877;62.282;80.956
2024-01-25 04:00:00;2.609;2.849;3.137;2.803;18.129;15.929;17.966;74.492;77.871;74.162
2024-01-25 04:15:00;2.673;2.808;3.632;3.333;16.142;14.753;17.508;72.353;71.492;82.449
2024-01-25 04:30:00;2.612;2.959;3.182;3.493;16.202;16.642;18.138;64.462;70.62;87.165
2024-01-25 04:45:00;2.843;3.102;3.535;3.815;16.025;18.907;17.497;72.24;71.02;80.655
2024-01-25 05:00:00;2.066;3.015;2.474;3.357;18.495;18.197;18.186;69.546;66.083;75.52
2024-01-25 05:15:00;2.195;2.658;2.931;3.215;15.484;17.198;18.427;64.056;74.137;78.846
2024-01-25 05:30:00;1.86;2.734;2.332;3.464;15.959;16.567;16.927;59.088;71.32;75.083
2024-01-25 05:45:00;1.994;2.351;2.795;2.949;18.049;16.608;19.434;70.551;68.061;64.902
2024-01-25 06:00:00;2.032;2.064;2.819;3.289;16.206;17.365;17.792;65.108;68.84;71.4
2024-01-25 06:15:00;2.061;2.314;2.559;3.247;17.592;15.576;17.019;74.365;65.617;69.766
2024-01-25 06:30:00;1.844;2.325;2.416;3.217;14.724;16.671;17.823;69.069;69.888;71.278
2024-01-25 06:45:00;1.886;2.052;2.928;3.044;15.713;16.872;18.797;65.572;70.754;84.865
2024-01-25 07:00:00;1.779;2.427;2.84;3.835;18.078;15.146;18.536;77.809;69.752;81.172
2024-01-25 07:15:00;2.0;2.559;2.735;3.42;15.053;15.926;19.092;71.825;72.287;77.425
2024-01-25 07:30:00;2.237;2.55;2.879;2.967;15.788;17.824;19.873;51.09;71.592;79.468
2024-01-25 07:45:00;2.177;2.583;3.579;3.344;16.359;17.214;20.54;66.617;73.2;64.593
2024-01-25 08:00:00;2.62;2.992;3.636;3.958;24.615;26.731;28.868;62.218;76.904;79.005
2024-01-25 08:15:00;2.534;2.808;3.639;3.543;25.421;25.815;26.646;65.081;75.084;80.168
2024-01-25 08:30:00;2.526;2.807;3.443;4.063;26.158;29.597;27.959;68.291;76.964;62.681
2024-01-25 08:45:00;2.4;2.649;3.37;3.843;26.065;25.926;26.753;70.735;67.592;79.209
2024-01-25 09:00:00;3.283;3.96;3.303;3.624;27.792;27.582;31.183;70.281;69.355;67.168
2024-01-25 09:15:00;3.23;3.553;3.767;4.443;28.158;26.458;31.659;74.282;75.399;64.165
2024-01-25 09:30:00;3.243;3.498;3.82;4.224;24.801;27.255;29.467;72.119;75.492;82.295
2024-01-25 09:45:00;3.05;3.336;3.444;4.517;26.156;27.896;29.808;71.816;68.471;69.461
2024-01-25 10:00:00;3.366;4.85;4.262;5.268;26.944;25.117;28.812;69.987;75.18;71.062
2024-01-25 10:15:00;3.983;3.928;4.04;5.036;28.123;27.19;29.0;75.305;67.094;80.443
2024-01-25 10:30:00;3.684;4.076;4.565;5.491;27.006;29.01;25.78;67.45;74.501;73.321
2024-01-25 10:45:00;3.611;4.271;4.796;4.92;26.407;29.877;28.279;67.578;71.863;74.009
2024-01-25 11:00:00;4.364;4.771;5.331;5.626;26.933;27.002;26.955;59.663;64.801;73.889
2024-01-25 11:15:00;4.158;4.853;5.145;5.682;26.943;27.263;28.861;74.175;69.743;76.912
2024-01-25 11:30:00;4.434;5.048;4.772;5.402;24.701;30.561;28.302;68.623;83.348;73.755
2024-01-25 11:45:00;4.35;4.749;4.511;5.674;26.27;28.925;31.593;83.375;73.054;75.628
2024-01-25 12:00:00;4.53;4.557;4.726;5.416;28.043;26.262;29.903;67.013;83.962;72.23
2024-01-25 12:15:00;4.14;4.741;4.857;5.469;25.71;26.259;28.867;69.434;64.492;76.935
2024-01-25 12:30:00;4.63;4.871;4.96;5.193;26.181;28.654;27.962;71.678;75.904;76.726
2024-01-25 12:45:00;4.45;5.276;5.157;5.675;25.66;25.663;31.149;63.601;58.821;85.438
2024-01-25 13:00:00;4.162;4.311;4.759;5.533;22.761;28.853;28.351;70.757;71.999;72.903
2024-01-25 13:15:00;4.26;4.909;5.124;5.798;26.029;27.708;28.944;69.17;75.282;73.987
2024-01-25 13:30:00;3.895;4.674;4.97;5.678;26.423;27.987;28.469;67.512;76.357;76.314
2024-01-25 13:45:00;4.31;4.825;5.035;5.344;25.283;26.81;27.737;74.746;67.844;80.304
2024-01-25 14:00:00;3.579;4.152;4.883;4.61;24.384;26.243;28.46;64.572;77.403;68.996
2024-01-25 14:15:00;3.518;3.981;4.256;5.109;24.767;29.422;25.182;70.347;69.225;75.57
2024-01-25 14:30:00;3.486;4.348;4.688;5.319;27.07;26.825;25.862;76.128;71.147;61.207
2024-01-25 14:45:00;3.986;4.326;4.571;5.209;28.762;26.575;28.973;65.538;69.747;73.507
2024-01-25 15:00:00;3.03;3.774;3.86;4.686;27.935;27.078;30.972;67.545;66.091;80.9
2024-01-25 15:15:00;3.441;3.547;4.189;4.284;24.118;27.493;28.971;80.492;80.163;71.006
2024-01-25 15:30:00;3.048;3.412;4.187;4.205;27.196;25.633;27.219;71.325;72.25;75.973
2024-01-25 15:45:00;2.826;3.191;3.694;4.122;25.072;26.341;26.034;66.52;77.654;72.091
2024-01-25 16:00:00;2.313;3.113;3.276;3.708;25.185;26.261;29.687;72.933;77.432;70.273
2024-01-25 16:15:00;2.76;3.022;3.401;3.701;25.353;28.485;27.47;66.216;66.967;80.343
2024-01-25 16:30:00;2.495;2.703;3.251;3.789;26.988;25.853;29.455;61.332;78.324;69.251
2024-01-25 16:45:00;2.421;2.801;3.483;3.685;27.343;24.531;29.039;75.725;74.618;76.611
2024-01-25 17:00:00;2.098;2.36;2.943;3.226;25.863;24.21;29.184;63.595;66.587;76.696
2024-01-25 17:15:00;2.163;2.126;3.362;3.027;25.887;24.965;28.455;81.013;74.334;70.315
2024-01-25 17:30:00;2.28;2.279;2.454;3.559;26.65;29.27;29.029;66.602;66.681;75.856
2024-01-25 17:45:00;2.343;2.207;2.834;3.291;26.795;27.225;28.204;79.453;80.354;69.858
2024-01-25 18:00:00;1.832;2.205;2.455;3.046;27.647;27.962;27.358;62.294;76.232;77.87
2024-01-25 18:15:00;1.648;2.13;2.863;2.868;24.202;28.015;26.82;74.025;71.63;67.768
2024-01-25 18:30:00;1.821;1.926;2.263;2.687;26.028;27.285;24.489;71.449;78.577;73.132
2024-01-25 18:45:00;1.949;2.765;2.794;3.505;24.505;27.086;28.103;73.105;63.774;73.61
2024-01-25 19:00:00;1.884;2.756;2.697;3.439;15.929;18.788;20.892;73.743;68.103;81.121
2024-01-25 19:15:00;1.886;2.288;2.669;2.764;15.683;17.422;19.597;66.561;70.687;75.77
2024-01-25 19:30:00;2.133;2.53;2.477;3.504;15.935;19.327;18.773;62.587;83.626;80.253
2024-01-25 19:45:00;2.058;2.563;2.742;3.553;14.88;18.144;17.196;68.751;66.433;78.051
2024-01-25 20:00:00;2.531;3.199;3.618;3.764;13.918;16.261;20.036;70.093;63.122;78.016
2024-01-25 20:15:00;2.381;2.737;3.318;4.22;13.068;16.444;18.204;66.688;64.489;73.174
2024-01-25 20:30:00;2.481;3.176;3.494;3.792;15.816;16.094;20.983;70.36;76.712;80.615
2024-01-25 20:45:00;2.349;2.799;3.774;3.286;15.397;19.051;16.791;70.615;68.91;73.041
2024-01-25 21:00:00;3.319;3.243;4.021;4.463;15.054;16.584;17.17;64.541;71.173;65.486
2024-01-25 21:15:00;3.347;3.717;3.799;4.426;17.852;15.986;17.01;70.935;75.967;73.819
2024-01-25 21:30:00;2.799;3.847;4.076;4.163;14.797;17.686;15.969;67.691;71.178;77.494
2024-01-25 21:45:00;2.973;4.145;3.803;4.528;17.984;17.052;16.863;65.57;73.062;66.164
2024-01-25 22:00:00;3.491;3.899;4.439;4.458;18.273;17.648;18.569;72.858;74.783;70.132
2024-01-25 22:15:00;3.651;4.336;4.165;5.282;13.269;20.073;17.232;65.193;69.76;68.232
2024-01-25 22:30:00;3.759;4.081;4.825;4.703;16.129;18.588;12.076;66.762;71.135;79.327
2024-01-25 22:45:00;3.5;4.355;4.471;4.67;15.44;17.241;20.162;69.353;73.258;84.201
2024-01-25 23:00:00;4.057;4.294;5.082;5.397;11.923;15.059;15.638;75.734;76.515;73.847
2024-01-25 23:15:00;4.042;4.342;4.753;5.567;13.978;16.44;19.366;69.945;67.88;77.923
2024-01-25 23:30:00;4.272;4.454;5.15;5.483;17.085;18.281;18.451;71.589;56.293;77.78
2024-01-25 23:45:00;4.246;4.651;4.827;5.202;18.827;15.42;21.872;67.542;75.534;83.546
2024-01-26 00:00:00;4.263;4.653;5.162;5.443;17.264;20.454;20.035;68.615;76.824;71.411
2024-01-26 00:15:00;4.434;4.952;5.437;5.249;16.453;17.222;17.572;68.761;73.04;73.791
2024-01-26 00:30:00;4.296;5.036;5.414;5.53;15.97;17.274;17.249;70.437;73.395;73.126
2024-01-26 00:45:00;4.348;4.938;5.194;5.933;18.356;16.187;20.864;67.55;69.066;75.415
2024-01-26 01:00:00;4.55;5.005;4.555;5.431;19.008;17.955;15.98;75.566;74.601;88.774
2024-01-26 01:15:00;4.487;4.728;5.841;5.699;15.178;15.44;18.713;67.171;76.436;75.169
2024-01-26 01:30:00;3.986;4.353;5.504;5.884;13.2;20.491;18.185;60.635;72.294;70.299
2024-01-26 01:45:00;4.39;4.946;5.228;5.25;13.063;19.202;17.837;82.44;84.954;68.65
2024-01-26 02:00:00;3.929;4.036;4.372;4.917;17.851;18.696;18.98;67.396;63.869;81.89
2024-01-26 02:15:00;3.557;4.384;4.544;5.648;15.934;15.087;18.711;75.435;72.847;70.274
2024-01-26 02:30:00;3.931;4.537;4.428;5.423;16.257;17.512;19.15;75.883;65.893;78.65
2024-01-26 02:45:00;4.067;4.28;4.916;4.457;13.493;19.038;18.628;73.632;76.575;71.262
2024-01-26 03:00:00;2.937;3.206;4.021;4.47;14.946;18.102;19.085;68.03;63.776;68.033
2024-01-26 03:15:00;2.976;3.339;3.738;4.35;15.586;15.677;18.553;70.405;65.064;78.329
2024-01-26 03:30:00;3.343;3.854;3.823;4.606;16.291;16.212;17.319;62.755;68.707;71.531
2024-01-26 03:45:00;3.202;3.511;4.253;4.119;15.442;16.513;18.407;78.752;73.382;77.34
2024-01-26 04:00:00;2.63;2.943;3.757;3.465;14.548;16.283;17.228;64.826;68.904;77.746
2024-01-26 04:15:00;2.59;3.1;3.738;3.515;14.902;19.524;17.12;67.756;68.956;78.004
2024-01-26 04:30:00;2.599;3.085;3.529;3.548;17.692;14.28;17.849;69.485;71.059;73.525
2024-01-26 04:45:00;2.273;2.989;3.257;3.978;16.343;18.197;18.204;68.474;70.74;78.774
2024-01-26 05:00:00;2.266;2.419;1.992;2.901;16.857;15.236;18.458;65.781;79.735;69.926
2024-01-26 05:15:00;2.29;2.396;2.948;3.074;14.742;15.739;19.903;75.832;75.567;61.503
2024-01-26 05:30:00;2.024;2.665;2.867;2.713;11.865;14.145;17.583;73.656;70.312;78.888
2024-01-26 05:45:00;2.059;2.595;2.905;3.58;15.268;16.365;18.723;70.578;82.904;75.911
2024-01-26 06:00:00;1.609;2.241;2.715;3.494;14.787;19.496;18.594;67.042;74.557;71.645
2024-01-26 06:15:00;1.998;2.549;2.342;2.999;16.489;17.603;17.402;74.215;66.961;66.909
2024-01-26 06:30:00;2.009;2.27;2.851;3.008;20.6;15.378;18.521;66.724;73.334;63.799
2024-01-26 06:45:00;1.888;2.104;2.871;3.24;16.973;18.746;20.044;76.695;74.785;75.285
2024-01-26 07:00:00;2.281;2.293;3.052;3.725;19.83;19.072;18.706;69.545;68.424;84.068
2024-01-26 07:15:00;2.004;2.242;3.123;3.394;16.796;17.358;18.772;75.026;66.527;74.238
2024-01-26 07:30:00;2.175;2.405;3.031;3.051;15.118;20.293;17.243;68.442;72.45;73.013
2024-01-26 07:45:00;1.874;2.751;2.757;2.766;16.487;18.449;21.629;69.351;70.127;74.866
2024-01-26 08:00:00;2.521;2.74;3.306;3.379;28.493;28.238;27.337;75.005;79.691;86.986
2024-01-26 08:15:00;2.492;2.968;3.35;3.748;28.561;25.979;25.665;79.75;75.854;79.135
2024-01-26 08:30:00;2.568;2.774;3.354;3.522;25.195;28.154;29.811;76.646;68.668;69.865
2024-01-26 08:45:00;2.455;2.865;3.595;3.785;26.354;27.53;28.212;73.298;74.215;75.155
2024-01-26 09:00:00;3.125;3.203;4.124;4.179;23.999;27.99;27.903;71.887;78.589;76.828
2024-01-26 09:15:00;3.307;3.499;4.511;4.022;27.155;26.159;27.505;66.516;64.752;69.19
2024-01-26 09:30:00;3.067;3.505;4.546;3.985;28.175;27.395;31.47;70.447;66.682;79.175
2024-01-26 09:45:00;2.845;3.674;3.972;4.834;26.056;25.958;28.982;64.526;71.942;70.502
2024-01-26 10:00:00;4.107;4.226;3.539;5.251;25.066;23.936;29.302;70.841;72.185;66.69
2024-01-26 10:15:00;4.037;3.899;4.909;5.511;26.504;28.717;28.667;71.156;71.729;75.419
2024-01-26 10:30:00;3.529;4.424;4.429;5.142;26.584;24.916;28.843;59.392;70.384;74.548
2024-01-26 10:45:00;3.906;4.223;4.359;4.842;26.114;27.363;30.694;69.19;70.304;74.994
2024-01-26 11:00:00;4.137;4.678;4.925;5.843;26.25;27.706;27.989;71.033;73.998;70.794
2024-01-26 11:15:00;4.283;4.63;4.912;5.422;25.757;27.696;26.011;68.59;77.897;71.562
2024-01-26 11:30:00;4.288;4.513;5.198;5.501;27.394;26.77;29.824;70.754;69.499;81.206
2024-01-26 11:45:00;4.188;4.683;4.611;5.419;27.031;27.612;29.215;62.426;84.68;77.426
2024-01-26 12:00:00;4.251;4.909;4.909;4.686;24.624;27.916;28.577;65.198;82.196;69.738
2024-01-26 12:15:00;4.269;4.398;5.293;6.097;24.585;28.317;29.172;74.071;78.912;64.271
2024-01-26 12:30:00;4.226;4.676;5.368;5.752;25.644;29.835;27.792;69.003;75.237;69.971
2024-01-26 12:45:00;4.242;4.741;5.373;5.702;27.032;27.556;28.434;70.665;82.442;75.865
2024-01-26 13:00:00;4.22;4.691;4.82;5.413;26.207;27.297;28.184;66.322;70.491;71.524
2024-01-26 13:15:00;4.097;4.907;4.768;5.483;25.1;25.822;27.43;69.096;67.67;71.097
2024-01-26 13:30:00;4.362;4.455;4.896;5.247;26.366;27.863;30.35;57.72;69.265;71.76
2024-01-26 13:45:00;4.515;4.518;5.097;5.624;25.537;28.214;26.084;73.145;66.785;74.6
2024-01-26 14:00:00;3.665;4.057;4.976;4.57;27.233;26.908;32.272;77.859;72.633;79.315
2024-01-26 14:15:00;3.82;3.991;4.022;5.033;26.466;28.028;29.839;63.781;73.559;74.998
2024-01-26 14:30:00;3.87;4.095;4.515;5.149;25.559;26.755;25.484;64.392;73.044;75.341
2024-01-26 14:45:00;3.865;4.352;4.215;4.913;26.324;28.22;28.032;71.16;71.935;73.763
2024-01-26 15:00:00;3.164;3.308;3.504;4.465;27.841;28.587;28.124;76.222;72.692;72.254
2024-01-26 15:15:00;3.291;3.648;4.211;4.043;25.203;28.566;29.043;68.99;81.029;79.918
2024-01-26 15:30:00;3.242;3.159;4.097;4.051;26.564;27.379;26.777;62.976;75.224;79.083
2024-01-26 15:45:00;2.915;3.421;4.071;4.423;25.901;25.619;28.453;67.978;76.797;86.249
2024-01-26 16:00:00;2.69;2.849;3.574;3.935;26.598;26.27;28.201;63.953;72.992;78.358
2024-01-26 16:15:00;2.694;3.31;3.195;3.144;25.084;28.105;27.19;65.723;63.599;72.259
2024-01-26 16:30:00;2.38;2.862;3.208;3.887;26.154;30.922;26.962;67.51;62.568;70.024
2024-01-26 16:45:00;2.532;2.419;3.915;3.557;27.551;26.682;29.907;64.446;82.831;80.241
2024-01-26 17:00:00;2.197;2.008;2.801;3.208;24.688;27.893;25.618;65.188;69.235;70.518
2024-01-26 17:15:00;2.028;2.475;3.066;2.852;24.139;26.355;29.184;69.365;68.793;79.454
2024-01-26 17:30:00;2.271;2.609;2.869;3.003;24.192;25.72;29.708;70.054;73.277;70.82
2024-01-26 17:45:00;2.517;2.554;2.368;3.567;24.361;26.172;28.042;62.022;74.862;76.92
2024-01-26 18:00:00;1.751;2.339;2.148;3.11;26.833;24.035;28.486;70.942;75.52;69.171
2024-01-26 18:15:00;1.638;2.567;2.544;2.981;24.032;29.257;30.308;67.129;81.227;79.289
2024-01-26 18:30:00;1.958;2.176;2.985;3.064;25.583;23.81;27.244;72.529;79.804;68.215
2024-01-26 18:45:00;2.037;2.506;2.913;3.252;26.866;26.799;27.413;72.824;67.783;76.501
2024-01-26 19:00:00;2.024;2.092;3.114;3.404;16.583;15.409;17.587;66.332;77.037;73.912
2024-01-26 19:15:00;2.344;2.259;2.601;3.244;15.46;15.856;20.311;72.009;70.003;75.56
2024-01-26 19:30:00;1.813;2.052;3.304;3.606;16.267;19.292;20.519;64.899;71.285;72.823
2024-01-26 19:45:00;2.199;2.404;2.607;3.568;16.15;17.506;16.111;75.486;66.311;72.694
2024-01-26 20:00:00;2.41;2.914;3.382;3.853;15.686;15.733;20.05;65.084;63.196;75.851
2024-01-26 20:15:00;2.852;2.951;3.322;3.742;15.705;16.304;19.743;70.728;71.836;69.488
2024-01-26 20:30:00;2.904;2.939;3.278;3.929;19.13;16.036;20.948;68.081;67.029;69.456
2024-01-26 20:45:00;2.379;2.712;3.686;3.822;17.133;17.134;19.032;64.017;76.825;73.028
2024-01-26 21:00:00;3.046;3.506;3.76;4.679;19.473;17.463;18.327;73.414;70.538;72.814
2024-01-26 21:15:00;3.313;3.206;3.586;4.629;15.304;20.081;20.278;65.991;73.605;69.47
2024-01-26 21:30:00;3.076;3.864;3.955;4.034;15.881;14.287;19.546;60.67;79.111;80.083
2024-01-26 21:45:00;3.141;3.48;3.842;4.013;14.135;17.147;22.082;54.878;64.276;73.16
2024-01-26 22:00:00;3.78;4.063;5.487;4.758;14.867;16.72;19.972;64.712;68.232;73.753
2024-01-26 22:15:00;3.41;4.54;4.758;5.278;18.663;18.639;18.652;75.742;72.941;67.699
2024-01-26 22:30:00;3.772;3.889;4.464;4.486;15.269;17.739;16.474;75.163;73.625;86.394
2024-01-26 22:45:00;3.644;3.916;4.29;5.097;18.687;18.097;17.447;65.479;77.738;88.349
2024-01-26 23:00:00;4.139;4.38;4.525;5.545;14.259;17.725;16.045;67.165;76.509;70.708
2024-01-26 23:15:00;4.507;4.617;4.756;5.793;14.525;15.783;18.047;66.722;72.504;81.743
2024-01-26 23:30:00;3.994;4.732;5.064;5.488;15.522;19.041;19.919;62.466;73.578;74.495
2024-01-26 23:45:00;4.387;4.803;5.418;5.016;15.911;18.414;18.394;64.351;73.722;83.821
2024-01-27 00:00:00;4.347;5.392;5.503;5.303;17.292;18.592;20.076;61.808;52.357;64.849
2024-01-27 00:15:00;4.347;4.283;5.262;5.234;16.631;19.121;18.954;59.469;59.187;63.549
2024-01-27 00:30:00;4.55;4.94;5.113;5.433;15.417;17.835;17.739;58.338;61.292;49.254
2024-01-27 00:45:00;4.465;4.672;5.273;5.543;15.813;19.451;18.544;50.458;62.384;58.168
2024-01-27 01:00:00;4.341;4.498;4.892;5.071;15.553;17.774;19.174;57.493;55.193;63.113
2024-01-27 01:15:00;4.416;4.49;5.496;5.888;14.719;16.867;18.628;45.711;53.402;64.093
2024-01-27 01:30:00;4.17;4.424;4.981;5.022;14.757;17.19;18.647;61.13;58.78;56.318
2024-01-27 01:45:00;4.116;5.02;5.009;5.85;17.439;17.164;17.139;58.267;70.23;58.992
2024-01-27 02:00:00;3.569;4.369;3.977;5.342;13.441;16.411;17.69;50.408;55.74;66.044
2024-01-27 02:15:00;3.618;4.18;4.522;5.253;18.264;19.68;22.104;64.92;66.104;55.392
2024-01-27 02:30:00;4.335;4.486;4.801;4.76;15.52;17.65;20.415;48.199;68.241;63.736
2024-01-27 02:45:00;4.011;3.827;4.287;5.081;14.918;17.344;15.983;59.599;60.236;69.809
2024-01-27 03:00:00;2.893;3.244;3.747;3.954;17.036;17.79;14.518;59.72;56.465;65.12
2024-01-27 03:15:00;2.899;3.049;4.164;4.632;18.079;21.729;18.525;50.926;62.667;64.845
2024-01-27 03:30:00;3.242;3.389;3.551;4.327;17.565;15.48;19.865;56.815;61.014;51.889
2024-01-27 03:45:00;3.254;3.587;4.236;4.223;16.703;15.916;17.547;48.98;55.533;58.479
2024-01-27 04:00:00;2.629;2.949;3.181;3.346;17.522;15.102;20.076;43.053;56.574;74.298
2024-01-27 04:15:00;2.477;2.959;3.22;2.957;13.597;16.846;18.498;51.767;62.359;59.705
2024-01-27 04:30:00;2.501;2.6;3.022;3.403;15.269;17.573;18.133;53.979;64.854;69.955
2024-01-27 04:45:00;2.587;3.11;3.427;4.07;14.724;16.493;19.64;60.157;58.321;59.64
2024-01-27 05:00:00;2.084;2.523;3.532;3.143;17.714;16.38;17.528;57.33;59.641;61.472
2024-01-27 05:15:00;1.646;2.636;3.078;3.215;15.463;17.416;17.93;57.458;63.477;65.836
2024-01-27 05:30:00;2.024;2.032;2.634;3.471;17.184;16.437;19.499;52.029;59.103;63.554
2024-01-27 05:45:00;1.906;2.539;3.174;3.827;16.75;17.671;18.349;54.403;58.443;65.098
2024-01-27 06:00:00;1.933;2.027;2.614;3.511;14.793;18.894;21.53;52.443;56.072;58.499
2024-01-27 06:15:00;2.467;2.209;3.071;2.799;15.178;18.229;19.538;50.998;55.982;56.751
2024-01-27 06:30:00;1.97;2.423;2.918;2.498;17.811;18.539;19.431;54.091;73.878;58.128
2024-01-27 06:45:00;1.84;2.321;1.905;3.831;14.914;18.851;18.319;57.365;58.98;60.072
2024-01-27 07:00:00;2.243;2.272;2.596;3.971;16.175;17.63;19.835;54.194;67.098;61.739
2024-01-27 07:15:00;2.159;2.469;3.122;3.326;14.904;16.959;17.871;55.415;68.757;68.705
2024-01-27 07:30:00;2.147;2.115;2.908;2.874;15.56;16.026;18.863;60.405;59.045;63.48
2024-01-27 07:45:00;2.183;2.732;2.591;3.566;15.935;16.605;16.897;54.546;61.916;65.665
2024-01-27 08:00:00;2.916;2.878;3.154;3.692;24.904;26.404;30.105;50.464;60.533;63.779
2024-01-27 08:15:00;2.31;3.182;2.81;3.69;24.655;28.312;28.877;59.761;51.617;56.865
2024-01-27 08:30:00;2.615;2.804;3.301;4.002;26.401;27.727;31.651;58.303;51.93;63.095
2024-01-27 08:45:00;2.349;2.805;3.922;3.829;24.817;28.259;32.323;58.61;60.254;63.719
2024-01-27 09:00:00;3.256;3.374;4.167;3.982;24.865;25.436;29.652;60.067;57.79;67.18
2024-01-27 09:15:00;2.975;3.752;4.541;4.249;24.685;29.376;28.512;59.238;69.836;57.123
2024-01-27 09:30:00;3.071;3.387;4.188;4.555;25.891;26.551;26.848;57.141;58.77;51.778
2024-01-27 09:45:00;3.094;3.698;4.227;4.508;27.321;25.528;29.884;68.718;70.145;63.969
2024-01-27 10:00:00;3.96;4.087;5.108;5.056;28.109;26.532;28.745;50.704;57.523;64.946
2024-01-27 10:15:00;3.95;3.721;4.677;5.264;24.984;30.975;29.282;54.127;69.943;62.013
2024-01-27 10:30:00;3.538;4.044;4.524;4.863;29.01;26.611;31.237;61.74;62.633;63.154
2024-01-27 10:45:00;3.785;3.904;4.854;5.03;24.593;26.706;27.048;57.699;62.929;67.833
2024-01-27 11:00:00;4.098;4.64;5.425;4.386;27.517;26.908;26.884;60.714;57.339;60.477
2024-01-27 11:15:00;3.993;4.359;4.903;5.293;24.99;26.974;28.012;57.832;63.0;61.467
2024-01-27 11:30:00;4.191;4.846;4.838;5.669;24.781;26.012;29.747;63.733;68.802;63.435
2024-01-27 11:45:00;4.174;4.612;5.07;5.312;24.957;27.418;29.31;52.063;59.247;56.291
2024-01-27 12:00:00;4.861;4.759;5.425;5.455;25.927;28.835;26.931;63.578;58.235;62.165
2024-01-27 12:15:00;4.482;4.951;5.415;5.277;26.812;27.678;29.641;62.738;58.717;62.649
2024-01-27 12:30:00;4.138;5.022;4.815;5.911;26.938;25.511;26.43;51.07;68.425;72.004
2024-01-27 12:45:00;4.293;4.795;5.716;5.77;24.678;26.677;27.026;60.09;64.448;61.36
2024-01-27 13:00:00;4.427;4.455;4.859;5.688;24.614;26.362;28.211;56.789;67.528;64.1
2024-01-27 13:15:00;4.629;4.225;4.961;4.897;24.717;27.28;27.492;54.028;61.631;68.052
2024-01-27 13:30:00;3.931;4.475;4.789;5.383;25.844;29.222;29.859;47.746;60.204;58.394
2024-01-27 13:45:00;3.875;4.491;5.761;5.346;25.706;26.974;28.87;52.047;62.205;70.567
2024-01-27 14:00:00;4.13;4.2;4.64;4.888;24.67;27.066;31.296;60.47;65.565;72.701
2024-01-27 14:15:00;3.849;4.096;4.345;4.784;26.377;29.902;27.995;60.988;58.715;62.841
2024-01-27 14:30:00;3.61;4.333;4.808;4.868;29.168;28.532;28.2;55.968;67.117;60.033
2024-01-27 14:45:00;3.877;4.034;4.783;5.238;25.293;28.073;30.385;61.003;61.902;71.949
2024-01-27 15:00:00;2.649;3.537;3.899;3.757;25.393;30.176;28.251;61.632;47.487;67.376
2024-01-27 15:15:00;3.151;3.822;4.177;4.901;26.784;27.945;30.85;57.758;64.594;63.451
2024-01-27 15:30:00;3.212;3.629;3.727;4.5;25.218;24.18;29.287;53.461;53.384;70.848
2024-01-27 15:45:00;3.326;3.536;3.817;4.337;26.937;28.466;24.541;59.161;64.468;70.265
2024-01-27 16:00:00;2.332;2.787;2.782;4.006;24.994;24.78;30.331;59.386;64.688;61.151
2024-01-27 16:15:00;2.541;2.779;2.968;3.275;28.565;27.887;29.897;60.302;61.715;64.368
2024-01-27 16:30:00;2.349;2.729;3.813;3.519;26.483;24.595;29.96;61.24;62.827;66.172
2024-01-27 16:45:00;2.574;2.801;3.768;3.687;25.132;26.49;25.266;50.325;65.714;63.158
2024-01-27 17:00:00;1.897;2.641;2.885;3.691;25.176;26.647;27.313;54.501;57.423;55.35
2024-01-27 17:15:00;1.99;2.416;3.316;3.253;25.281;26.029;27.435;47.697;64.126;57.84
2024-01-27 17:30:00;1.878;2.157;2.824;3.407;27.922;26.67;27.021;60.66;66.048;55.53
2024-01-27 17:45:00;2.191;2.874;2.802;3.085;24.224;28.769;31.257;55.96;69.152;65.711
2024-01-27 18:00:00;2.063;2.374;2.715;3.251;25.065;26.115;28.381;59.111;54.25;56.486
2024-01-27 18:15:00;1.855;1.976;2.666;3.62;25.214;28.029;28.34;49.769;62.124;64.058
2024-01-27 18:30:00;1.907;2.198;2.642;3.409;25.978;25.732;29.305;63.865;55.0;73.075
2024-01-27 18:45:00;1.625;2.326;3.009;3.075;25.62;26.912;29.334;51.148;54.78;70.853
2024-01-27 19:00:00;2.011;2.86;2.908;3.477;13.912;17.692;12.931;60.795;61.867;52.894
2024-01-27 19:15:00;2.058;2.213;3.06;3.446;15.44;15.685;17.34;57.578;60.403;55.967
2024-01-27 19:30:00;2.565;2.692;3.146;3.425;15.861;15.206;16.083;56.072;65.954;58.729
2024-01-27 19:45:00;1.856;2.789;2.972;3.612;15.121;17.948;19.057;55.676;58.2;56.57
2024-01-27 20:00:00;2.803;2.78;3.063;4.067;16.961;18.907;17.926;53.873;59.303;53.904
2024-01-27 20:15:00;2.714;2.861;2.96;3.686;17.287;17.08;18.425;63.346;61.1;62.94
2024-01-27 20:30:00;2.578;2.687;3.365;3.924;15.89;16.505;14.991;57.062;55.518;66.878
2024-01-27 20:45:00;2.859;2.878;3.279;3.606;16.323;17.437;17.892;50.781;56.24;68.247
2024-01-27 21:00:00;3.221;3.542;3.974;4.064;12.975;17.284;20.229;55.119;65.804;60.39
2024-01-27 21:15:00;3.224;3.702;3.946;4.266;15.41;17.569;20.711;57.629;57.145;61.505
2024-01-27 21:30:00;3.14;3.801;4.648;4.326;17.407;13.357;19.579;61.399;66.149;64.956
2024-01-27 21:45:00;3.382;3.378;3.591;3.835;15.407;15.575;16.21;54.037;63.158;62.403
2024-01-27 22:00:00;3.983;3.723;4.038;5.242;14.968;15.915;20.465;54.365;51.953;67.458
2024-01-27 22:15:00;3.656;4.17;4.665;4.117;19.189;17.429;19.587;57.115;62.758;65.367
2024-01-27 22:30:00;3.524;4.243;4.473;5.817;18.547;17.483;18.208;61.28;62.717;60.93
2024-01-27 22:45:00;3.736;4.232;4.66;5.441;16.655;18.167;15.079;50.293;62.199;52.789
2024-01-27 23:00:00;4.081;4.557;5.19;5.352;17.594;17.592;19.964;59.476;59.262;71.245
2024-01-27 23:15:00;4.22;4.661;5.379;5.435;12.884;15.223;17.429;54.726;55.112;59.227
2024-01-27 23:30:00;4.468;4.981;4.626;5.526;14.897;19.399;18.968;55.41;67.0;64.967
2024-01-27 23:45:00;4.146;4.72;4.882;5.25;15.342;19.133;18.512;66.808;59.472;52.459
2024-01-28 00:00:00;4.392;4.714;5.316;5.66;15.67;15.288;20.923;56.037;55.406;62.938
2024-01-28 00:15:00;4.411;4.685;5.408;5.555;15.314;17.706;18.194;60.698;62.379;63.551
2024-01-28 00:30:00;4.561;4.761;5.792;5.571;12.43;16.295;18.375;60.523;56.138;63.817
2024-01-28 00:45:00;3.973;5.176;5.458;5.656;16.54;17.411;20.989;51.218;55.065;79.576
2024-01-28 01:00:00;4.117;4.59;5.017;5.025;16.761;18.801;17.321;47.958;58.048;59.529
2024-01-28 01:15:00;4.273;4.628;4.792;5.445;18.243;20.438;19.735;61.023;56.54;67.514
2024-01-28 01:30:00;4.461;4.522;4.88;5.483;14.896;18.342;18.074;51.691;55.256;65.878
2024-01-28 01:45:00;4.139;4.885;4.873;5.472;14.782;17.648;16.756;48.846;64.193;59.267
2024-01-28 02:00:00;3.418;4.626;4.752;4.908;12.248;16.683;18.402;62.028;59.408;67.431
2024-01-28 02:15:00;3.893;4.279;4.644;5.328;15.589;17.477;19.534;52.005;66.512;62.096
2024-01-28 02:30:00;3.654;4.194;4.218;4.865;17.262;19.267;20.62;53.215;55.557;67.814
2024-01-28 02:45:00;3.549;4.183;4.457;5.045;15.144;17.132;20.818;66.674;51.017;73.785
2024-01-28 03:00:00;3.031;3.002;4.187;4.752;19.001;15.853;17.917;48.867;60.774;63.829
2024-01-28 03:15:00;3.115;3.721;4.045;4.325;15.641;14.738;16.781;50.844;69.651;61.454
2024-01-28 03:30:00;3.035;3.581;4.104;4.416;16.206;17.98;17.877;54.747;62.761;68.784
2024-01-28 03:45:00;2.731;3.649;4.053;4.32;14.092;17.576;16.462;55.823;76.72;70.682
2024-01-28 04:00:00;2.695;2.761;3.764;4.109;16.402;16.218;18.043;52.621;61.727;58.142
2024-01-28 04:15:00;2.767;2.837;3.389;3.645;13.229;18.76;17.84;51.323;61.225;60.509
2024-01-28 04:30:00;2.649;2.83;3.221;4.123;16.971;16.559;19.593;64.399;48.792;66.715
2024-01-28 04:45:00;2.309;3.16;3.078;3.693;17.014;16.995;14.782;58.289;62.225;62.274
2024-01-28 05:00:00;2.029;2.38;2.935;3.001;17.903;17.175;17.197;59.867;60.877;57.751
2024-01-28 05:15:00;2.066;2.946;2.208;3.478;14.572;16.667;17.21;56.328;57.881;65.974
2024-01-28 05:30:00;2.181;2.567;2.818;3.173;16.225;17.559;20.347;58.418;59.289;66.693
2024-01-28 05:45:00;2.194;2.174;2.812;3.46;16.789;18.95;16.573;61.571;59.646;61.161
2024-01-28 06:00:00;1.761;2.27;2.332;2.254;16.619;15.463;18.772;52.118;59.064;63.337
2024-01-28 06:15:00;1.916;2.15;2.449;3.102;14.789;17.943;18.19;58.298;70.867;59.829
2024-01-28 06:30:00;1.987;1.795;2.919;2.958;12.651;17.462;20.111;60.411;58.072;56.976
2024-01-28 06:45:00;2.177;2.668;2.762;2.77;16.486;17.434;19.377;64.57;60.88;60.266
2024-01-28 07:00:00;2.201;2.629;2.895;3.096;15.787;18.525;18.599;66.545;57.9;63.407
2024-01-28 07:15:00;2.217;2.59;2.95;3.09;15.207;17.275;17.49;57.342;64.074;54.887
2024-01-28 07:30:00;2.083;2.506;2.892;3.253;17.07;17.93;15.362;62.579;60.919;60.668
2024-01-28 07:45:00;2.335;2.15;3.203;2.844;15.937;18.288;18.805;43.916;58.544;63.483
2024-01-28 08:00:00;2.603;2.814;3.358;3.823;24.153;26.433;29.27;64.606;49.985;69.571
2024-01-28 08:15:00;2.361;3.119;2.931;4.149;23.296;27.655;25.817;53.443;61.265;61.281
2024-01-28 08:30:00;2.792;2.683;3.765;3.812;24.419;26.819;26.377;55.819;58.39;56.148
2024-01-28 08:45:00;2.658;2.343;3.425;3.976;29.35;26.998;28.814;59.161;59.684;61.847
2024-01-28 09:00:00;3.066;3.498;3.791;4.689;27.012;26.71;28.956;56.248;53.851;59.884
2024-01-28 09:15:00;3.059;3.517;3.612;4.733;26.264;27.916;26.775;57.963;67.453;66.037
2024-01-28 09:30:00;3.206;3.581;4.057;4.93;25.746;27.324;27.459;64.78;64.455;61.142
2024-01-28 09:45:00;3.238;3.718;3.918;4.195;25.654;27.8;25.388;55.117;67.44;48.092
2024-01-28 10:00:00;3.812;4.322;5.0;4.752;27.634;27.173;30.659;51.674;65.964;83.304
2024-01-28 10:15:00;3.834;4.235;4.482;5.218;25.313;24.762;26.268;65.886;63.08;63.783
2024-01-28 10:30:00;4.098;4.45;4.349;5.195;26.808;27.248;29.289;59.581;54.06;63.491
2024-01-28 10:45:00;3.979;3.826;4.817;5.215;25.512;27.297;28.343;66.419;69.586;54.522
2024-01-28 11:00:00;4.269;4.749;5.282;6.018;28.716;27.569;30.515;61.232;55.176;54.945
2024-01-28 11:15:00;4.411;4.777;5.078;5.436;27.039;26.298;27.101;50.514;58.604;62.494
2024-01-28 11:30:00;4.036;4.347;5.215;5.565;27.744;25.383;28.5;60.162;63.676;64.849
2024-01-28 11:45:00;4.308;4.287;5.022;5.129;25.182;28.149;25.615;52.179;63.934;66.862
2024-01-28 12:00:00;4.744;4.628;5.263;6.262;27.481;26.784;25.221;57.036;62.976;64.306
2024-01-28 12:15:00;4.359;4.648;5.515;5.496;25.562;27.46;29.378;56.629;57.918;56.477
2024-01-28 12:30:00;4.239;4.973;5.369;5.504;26.154;26.772;25.473;49.073;56.844;49.225
2024-01-28 12:45:00;4.276;4.659;5.154;5.493;28.289;27.191;28.026;53.017;73.18;62.449
2024-01-28 13:00:00;4.026;4.436;5.398;5.233;24.54;26.517;30.059;67.805;59.796;60.063
2024-01-28 13:15:00;4.083;4.492;4.394;5.206;26.285;25.729;29.625;58.168;59.159;56.056
2024-01-28 13:30:00;4.162;4.89;5.587;5.27;26.613;27.92;27.31;56.14;56.29;67.554
2024-01-28 13:45:00;3.965;4.636;4.572;5.009;26.728;26.283;25.795;65.883;61.272;54.334
2024-01-28 14:00:00;3.778;4.134;4.406;4.732;25.369;27.449;29.236;55.058;61.03;66.393
2024-01-28 14:15:00;3.946;4.15;4.564;5.579;28.921;27.824;30.601;56.552;59.916;55.244
2024-01-28 14:30:00;3.603;4.472;4.535;5.203;24.187;26.308;27.314;61.855;61.985;63.737
2024-01-28 14:45:00;4.064;4.003;4.847;5.262;28.042;25.37;27.083;55.036;69.17;68.137
2024-01-28 15:00:00;3.247;3.853;3.664;4.715;27.701;30.888;27.539;53.342;56.906;61.141
2024-01-28 15:15:00;3.346;3.598;4.02;4.919;28.661;26.398;29.337;45.957;60.224;72.295
2024-01-28 15:30:00;3.025;3.513;3.794;3.801;23.776;28.148;30.415;52.411;56.631;73.548
2024-01-28 15:45:00;3.312;4.125;4.03;3.969;24.784;30.148;26.367;52.364;61.532;64.304
2024-01-28 16:00:00;2.318;2.682;3.308;3.476;28.089;28.401;25.943;57.777;57.044;65.978
2024-01-28 16:15:00;2.694;2.844;3.35;3.579;23.372;26.743;32.238;54.009;57.268;68.834
2024-01-28 16:30:00;2.558;2.642;3.177;3.632;23.751;27.098;28.109;67.574;52.41;65.994
2024-01-28 16:45:00;2.63;3.144;3.187;3.586;25.316;25.934;28.815;51.818;60.509;65.405
2024-01-28 17:00:00;1.844;2.856;2.945;3.335;26.269;28.54;27.265;63.863;62.235;60.118
2024-01-28 17:15:00;1.897;2.852;3.122;3.278;28.229;28.061;29.204;58.077;69.674;53.72
2024-01-28 17:30:00;2.181;2.749;2.706;3.043;25.741;26.418;29.974;60.953;62.441;55.354
2024-01-28 17:45:00;1.887;2.422;2.633;2.593;25.148;25.616;28.892;60.655;57.662;76.103
2024-01-28 18:00:00;1.988;2.216;2.866;2.792;26.436;25.192;31.255;46.131;52.93;64.774
2024-01-28 18:15:00;1.64;1.916;2.691;2.93;26.657;28.7;27.864;56.943;53.649;61.649
2024-01-28 18:30:00;2.061;2.768;2.924;3.023;26.618;27.383;27.969;55.715;53.263;69.948
2024-01-28 18:45:00;1.666;2.408;2.455;2.75;25.751;27.527;28.78;51.448;69.766;58.878
2024-01-28 19:00:00;2.172;2.354;2.387;3.115;13.263;15.949;19.163;59.252;61.497;66.207
2024-01-28 19:15:00;2.186;2.773;2.724;2.917;14.715;14.975;18.774;65.411;56.969;63.425
2024-01-28 19:30:00;1.935;2.244;2.661;3.228;17.988;18.663;16.294;43.902;55.009;65.53
2024-01-28 19:45:00;2.178;2.561;2.846;2.935;16.262;17.264;18.913;54.381;55.548;61.15
2024-01-28 20:00:00;2.574;2.885;3.153;3.462;15.548;18.579;17.786;50.896;56.832;57.694
2024-01-28 20:15:00;2.423;3.072;3.525;3.319;17.565;16.613;17.447;57.352;66.845;58.474
2024-01-28 20:30:00;2.333;2.91;3.247;3.677;14.418;16.84;18.453;55.404;59.844;58.689
2024-01-28 20:45:00;2.152;2.591;3.366;3.456;15.685;18.284;16.823;54.032;52.473;62.984
2024-01-28 21:00:00;3.216;3.567;3.993;4.631;16.193;18.313;16.538;60.379;72.014;54.441
2024-01-28 21:15:00;2.853;3.791;4.003;4.476;15.382;18.412;14.111;65.017;54.071;56.139
2024-01-28 21:30:00;3.168;3.543;3.943;4.328;16.141;16.751;21.265;70.04;56.928;63.745
2024-01-28 21:45:00;3.1;3.728;4.088;4.103;15.737;18.134;19.311;53.376;66.813;62.298
2024-01-28 22:00:00;3.904;3.935;4.36;5.093;14.041;18.886;18.209;48.078;62.159;64.046
2024-01-28 22:15:00;3.718;4.169;4.953;5.189;16.254;17.041;17.306;59.74;57.556;62.752
2024-01-28 22:30:00;3.712;4.031;4.511;5.019;14.14;16.419;13.683;64.891;53.597;76.854
2024-01-28 22:45:00;3.914;4.347;4.221;5.472;16.232;19.241;17.205;60.987;54.973;63.697
2024-01-28 23:00:00;4.296;4.64;5.083;5.575;17.924;16.205;19.574;64.871;55.286;60.915
2024-01-28 23:15:00;4.293;4.791;4.803;5.716;15.607;18.157;19.945;55.895;60.037;63.556
2024-01-28 23:30:00;4.322;4.883;5.212;5.474;14.36;17.111;19.453;54.013;60.994;68.61
2024-01-28 23:45:00;3.941;4.792;5.629;5.642;15.822;14.401;18.66;57.566;59.227;62.727
2024-01-29 00:00:00;4.544;4.863;4.988;5.353;14.835;18.915;20.538;67.38;71.796;78.766
2024-01-29 00:15:00;4.516;4.57;5.29;5.458;16.832;13.008;17.861;72.249;66.536;77.178
2024-01-29 00:30:00;4.207;4.799;4.726;5.708;15.793;14.184;20.18;73.752;73.524;73.403
2024-01-29 00:45:00;4.354;4.677;5.323;5.706;18.394;18.002;17.769;74.136;78.659;75.61
2024-01-29 01:00:00;4.225;4.553;4.793;5.59;17.628;18.001;16.955;71.502;71.153;83.794
2024-01-29 01:15:00;4.207;4.546;4.864;5.774;15.786;16.231;16.751;70.205;71.052;76.337
2024-01-29 01:30:00;4.296;4.407;4.735;4.991;17.002;17.425;16.654;72.893;72.432;69.577
2024-01-29 01:45:00;4.504;4.182;5.23;5.13;15.449;13.352;19.481;59.381;77.815;73.243
2024-01-29 02:00:00;3.981;4.021;4.847;5.046;16.048;18.275;17.182;70.032;67.347;63.372
2024-01-29 02:15:00;3.526;4.219;4.581;4.75;15.494;17.58;16.706;69.257;79.544;75.756
2024-01-29 02:30:00;3.893;3.865;4.342;6.022;17.073;17.131;19.571;70.044;74.19;82.216
2024-01-29 02:45:00;4.027;4.179;5.004;5.135;18.006;17.232;18.938;68.571;72.149;67.622
2024-01-29 03:00:00;3.223;3.987;3.747;4.326;17.118;17.95;19.979;71.116;78.309;75.824
2024-01-29 03:15:00;3.357;3.785;3.366;4.19;17.291;17.156;19.241;66.184;65.853;80.42
2024-01-29 03:30:00;3.532;3.928;4.074;4.201;17.292;14.351;17.165;74.535;74.715;81.001
2024-01-29 03:45:00;3.345;3.64;3.652;4.359;16.772;20.538;18.525;71.321;74.238;82.039
2024-01-29 04:00:00;2.572;3.194;3.592;3.76;14.405;19.025;18.605;69.738;67.136;64.725
2024-01-29 04:15:00;2.724;2.758;3.222;3.583;18.381;15.247;16.893;65.582;74.395;77.777
2024-01-29 04:30:00;2.553;2.777;3.488;3.64;18.526;16.675;16.588;72.995;73.473;66.719
2024-01-29 04:45:00;2.53;2.295;3.703;4.142;15.673;16.841;17.284;70.013;71.071;69.509
2024-01-29 05:00:00;2.001;2.74;2.541;3.697;15.481;18.84;21.74;65.298;76.487;79.516
2024-01-29 05:15:00;2.365;2.822;2.715;3.346;16.857;13.918;17.723;68.722;69.027;75.869
2024-01-29 05:30:00;1.912;2.34;2.847;2.852;16.771;16.442;20.422;72.083;73.406;78.995
2024-01-29 05:45:00;2.359;2.409;3.283;3.434;15.717;14.524;17.631;71.703;71.315;69.89
2024-01-29 06:00:00;1.995;2.127;2.522;3.582;14.25;16.767;19.858;71.386;68.804;83.105
2024-01-29 06:15:00;1.634;2.388;2.539;3.525;16.428;16.482;19.88;69.453;74.615;78.786
2024-01-29 06:30:00;1.97;2.559;2.829;3.328;16.772;17.321;19.962;74.027;70.92;79.891
2024-01-29 06:45:00;1.501;1.899;2.544;3.541;17.016;16.281;19.036;75.065;64.34;69.059
2024-01-29 07:00:00;2.186;2.562;2.909;3.284;16.489;16.058;20.659;72.613;62.634;81.443
2024-01-29 07:15:00;2.236;2.404;2.449;3.462;15.62;18.142;19.021;66.121;76.103;73.261
2024-01-29 07:30:00;1.955;2.494;3.465;3.056;17.392;17.891;21.21;63.815;65.653;71.638
2024-01-29 07:45:00;2.091;2.573;2.504;3.358;16.092;18.038;15.743;66.335;73.453;78.44
2024-01-29 08:00:00;2.896;2.882;3.238;4.137;25.349;26.931;28.971;78.573;72.286;78.208
2024-01-29 08:15:00;2.429;2.901;3.316;3.542;25.747;26.331;28.865;70.38;70.084;70.342
2024-01-29 08:30:00;2.324;2.876;3.841;3.458;23.556;27.019;26.864;79.42;82.175;86.31
2024-01-29 08:45:00;2.807;3.148;2.967;3.755;25.745;27.962;29.351;68.411;72.934;84.979
2024-01-29 09:00:00;3.523;3.646;4.486;4.28;26.964;23.891;25.956;67.732;75.929;78.328
2024-01-29 09:15:00;3.151;3.601;4.154;4.551;26.476;27.799;27.327;68.637;73.481;77.367
2024-01-29 09:30:00;3.342;3.258;4.063;4.209;28.129;27.67;25.121;68.548;70.796;76.814
2024-01-29 09:45:00;3.405;3.463;3.684;4.883;25.632;27.294;30.956;65.209;71.901;66.475
2024-01-29 10:00:00;3.634;4.382;4.729;4.575;26.682;26.973;28.02;63.371;79.584;75.62
2024-01-29 10:15:00;3.683;4.184;4.38;5.364;27.11;23.299;31.954;71.457;77.658;75.547
2024-01-29 10:30:00;4.009;4.327;4.917;4.738;29.28;26.531;29.717;74.169;82.15;71.832
2024-01-29 10:45:00;4.095;4.581;4.313;4.418;26.203;29.92;29.135;80.98;73.153;73.299
2024-01-29 11:00:00;4.339;4.871;5.002;5.506;24.538;27.22;27.439;66.875;67.44;61.903
2024-01-29 11:15:00;4.065;4.654;4.883;5.354;27.187;26.733;26.684;67.272;69.709;68.965
2024-01-29 11:30:00;4.61;4.515;4.766;5.089;28.612;27.226;29.258;65.221;65.824;80.07
2024-01-29 11:45:00;4.132;4.045;5.233;4.911;25.548;27.739;28.283;74.516;75.989;84.522
2024-01-29 12:00:00;4.336;4.761;5.345;5.597;27.178;28.201;26.204;72.993;68.953;69.811
2024-01-29 12:15:00;4.465;4.725;5.526;5.903;27.72;26.852;25.912;64.703;56.112;76.006
2024-01-29 12:30:00;4.695;4.89;4.719;5.781;27.424;27.846;26.828;64.579;84.812;81.041
2024-01-29 12:45:00;4.562;4.765;5.487;5.618;26.176;29.749;31.386;73.667;69.033;72.139
2024-01-29 13:00:00;4.311;4.559;5.709;5.581;25.022;28.73;32.03;70.878;69.002;78.719
2024-01-29 13:15:00;4.321;4.223;4.911;5.424;25.886;30.757;28.736;72.716;80.692;74.814
2024-01-29 13:30:00;4.241;4.416;5.544;4.989;26.642;26.202;28.644;64.674;65.717;81.547
2024-01-29 13:45:00;4.339;4.742;4.961;4.992;27.272;29.748;27.848;59.799;77.91;67.947
2024-01-29 14:00:00;3.294;4.57;4.204;4.912;26.468;25.998;26.867;64.713;68.945;68.925
2024-01-29 14:15:00;3.719;4.153;4.492;4.925;25.468;27.737;30.655;72.37;65.116;76.537
2024-01-29 14:30:00;3.821;4.25;4.858;5.239;26.778;28.313;31.473;79.344;80.87;75.529
2024-01-29 14:45:00;3.556;4.394;4.349;5.21;27.204;26.424;26.935;66.896;76.8;74.69
2024-01-29 15:00:00;3.223;3.363;3.788;4.538;26.531;27.334;28.264;80.152;76.784;78.167
2024-01-29 15:15:00;3.111;3.634;4.11;4.263;24.829;28.584;27.662;73.066;73.912;69.881
2024-01-29 15:30:00;3.484;3.38;3.951;3.922;25.746;26.12;27.711;62.174;75.115;67.468
2024-01-29 15:45:00;3.449;3.749;4.108;4.478;27.327;29.737;30.345;70.049;65.593;72.249
2024-01-29 16:00:00;2.436;2.96;3.389;3.888;24.064;25.095;26.248;73.233;72.58;72.864
2024-01-29 16:15:00;2.496;2.994;3.454;2.985;23.07;30.148;29.165;57.115;67.17;73.439
2024-01-29 16:30:00;2.511;2.745;3.208;3.466;28.111;28.722;29.594;72.158;64.778;81.98
2024-01-29 16:45:00;2.439;3.088;3.388;3.511;26.716;27.064;28.167;74.746;74.137;79.237
2024-01-29 17:00:00;2.105;2.947;2.617;3.304;26.849;26.588;29.865;70.954;78.022;77.933
2024-01-29 17:15:00;1.923;2.236;3.215;3.018;24.492;26.429;28.642;68.698;70.006;76.221
2024-01-29 17:30:00;1.853;2.389;2.696;3.256;27.033;26.994;30.396;68.153;70.898;72.612
2024-01-29 17:45:00;2.186;2.521;3.172;3.202;26.385;27.126;25.904;67.867;66.082;70.303
2024-01-29 18:00:00;2.02;2.481;2.637;3.051;23.782;29.108;27.828;63.238;72.038;68.416
2024-01-29 18:15:00;1.747;2.171;2.755;2.878;27.994;30.192;28.282;65.631;75.952;71.18
2024-01-29 18:30:00;2.07;1.648;2.566;2.902;26.222;27.503;24.018;66.959;76.116;74.764
2024-01-29 18:45:00;1.78;2.613;2.426;2.765;25.445;25.915;26.619;69.556;74.835;68.648
2024-01-29 19:00:00;2.116;2.642;2.396;3.385;15.471;16.37;17.066;66.272;68.784;75.932
2024-01-29 19:15:00;2.223;2.067;2.583;3.445;13.179;16.922;19.955;64.741;68.619;73.931
2024-01-29 19:30:00;2.061;2.328;2.78;3.029;16.831;15.634;17.241;72.723;76.136;72.815
2024-01-29 19:45:00;2.154;2.828;2.925;3.739;16.367;15.408;17.058;70.816;76.222;81.388
2024-01-29 20:00:00;2.427;3.258;3.598;3.627;15.728;20.388;19.741;66.358;71.106;61.467
2024-01-29 20:15:00;2.488;3.141;3.205;4.199;17.79;17.66;15.747;71.481;69.784;72.889
2024-01-29 20:30:00;2.486;2.884;3.087;3.526;14.063;15.934;15.003;66.78;78.07;62.062
2024-01-29 20:45:00;2.383;2.944;2.935;3.097;15.165;18.441;17.807;69.309;70.128;76.312
2024-01-29 21:00:00;3.116;3.52;4.08;4.475;14.81;15.409;16.026;73.778;75.879;79.192
2024-01-29 21:15:00;2.856;3.809;4.323;4.427;15.61;15.534;16.088;66.042;71.288;67.569
2024-01-29 21:30:00;3.057;3.349;4.292;4.361;16.094;15.979;19.34;63.255;66.553;68.273
2024-01-29 21:45:00;3.096;3.365;4.142;4.151;16.602;19.715;19.837;68.289;80.384;65.659
2024-01-29 22:00:00;3.726;4.407;4.747;4.964;15.514;16.816;19.694;62.319;72.624;75.35
2024-01-29 22:15:00;3.729;4.165;5.033;4.817;14.772;13.489;20.218;67.641;68.304;73.126
2024-01-29 22:30:00;3.763;4.492;4.665;4.881;18.36;19.039;20.435;67.625;64.768;73.467
2024-01-29 22:45:00;3.866;4.021;4.749;5.236;19.376;16.734;14.909;56.928;65.292;72.976
2024-01-29 23:00:00;4.399;4.62;4.946;5.49;16.201;14.389;19.139;71.6;70.061;69.645
2024-01-29 23:15:00;4.109;4.42;4.665;5.622;14.941;16.719;17.531;68.105;82.011;81.225
2024-01-29 23:30:00;4.004;4.634;4.848;5.361;18.066;17.992;17.174;74.791;68.96;76.498
2024-01-29 23:45:00;4.035;4.292;5.03;5.327;13.975;17.814;19.319;70.056;79.527;68.484
2024-01-30 00:00:00;4.307;4.688;5.216;5.242;15.531;19.934;15.562;72.604;71.32;71.147
2024-01-30 00:15:00;4.333;4.47;5.72;5.485;15.025;15.904;15.528;74.831;65.858;70.204
2024-01-30 00:30:00;4.254;4.96;5.222;4.57;14.377;17.271;19.439;68.355;69.539;82.733
2024-01-30 00:45:00;4.154;4.965;5.518;5.417;15.608;16.137;19.2;68.996;65.339;78.912
2024-01-30 01:00:00;4.146;4.235;4.915;5.407;14.79;14.856;18.624;61.29;67.549;74.304
2024-01-30 01:15:00;4.267;4.939;4.948;5.607;16.018;18.546;16.957;75.074;67.394;84.39
2024-01-30 01:30:00;4.346;5.207;4.674;5.349;16.038;17.904;19.62;68.286;62.1;82.986
2024-01-30 01:45:00;4.127;4.643;4.832;5.54;15.13;17.631;19.516;64.072;79.867;73.731
2024-01-30 02:00:00;3.697;4.028;4.717;4.299;15.481;17.849;18.54;72.625;73.097;72.742
2024-01-30 02:15:00;3.599;4.825;4.577;4.957;15.677;16.158;16.469;58.319;68.431;73.007
2024-01-30 02:30:00;3.769;3.872;4.83;4.454;17.134;15.671;17.703;66.897;73.153;69.76
2024-01-30 02:45:00;3.614;4.18;4.624;4.6;15.792;17.257;19.774;73.451;67.656;84.537
2024-01-30 03:00:00;3.259;3.591;3.855;4.292;17.155;18.965;20.577;66.855;58.11;69.465
2024-01-30 03:15:00;2.811;3.859;4.53;4.746;16.82;19.644;17.864;65.482;87.375;79.776
2024-01-30 03:30:00;3.082;3.633;3.925;4.465;16.8;18.409;17.991;66.961;72.986;78.798
2024-01-30 03:45:00;3.207;3.435;4.264;4.356;17.943;17.244;18.135;59.151;68.937;73.323
2024-01-30 04:00:00;2.56;2.706;3.217;3.719;14.433;17.61;18.851;72.506;61.944;84.955
2024-01-30 04:15:00;3.037;2.846;3.517;3.504;15.338;17.218;17.447;68.398;64.23;66.425
2024-01-30 04:30:00;2.591;2.693;3.576;3.556;18.469;15.641;13.654;67.666;80.603;74.562
2024-01-30 04:45:00;2.334;2.936;3.381;3.857;15.64;17.237;20.356;67.684;79.81;72.31
2024-01-30 05:00:00;2.049;2.338;2.232;2.838;12.059;15.171;21.343;69.069;75.917;80.283
2024-01-30 05:15:00;1.73;2.124;2.872;3.451;15.716;17.011;17.396;72.202;66.202;76.945
2024-01-30 05:30:00;2.052;2.756;3.2;3.147;16.189;19.687;16.651;68.745;79.852;65.5
2024-01-30 05:45:00;1.909;2.353;3.01;3.523;12.336;18.451;18.175;62.328;74.339;81.817
2024-01-30 06:00:00;2.074;2.008;2.82;3.398;17.868;15.797;18.092;71.82;75.406;77.67
2024-01-30 06:15:00;1.796;2.261;2.235;2.581;15.001;17.09;20.033;71.443;74.32;69.305
2024-01-30 06:30:00;1.878;2.316;2.505;2.92;16.46;15.932;18.49;70.007;64.164;73.077
2024-01-30 06:45:00;1.779;1.898;2.811;2.835;15.684;17.105;17.1;74.269;65.77;67.851
2024-01-30 07:00:00;2.398;2.544;2.978;2.706;14.196;18.782;16.238;69.149;69.347;74.06
2024-01-30 07:15:00;2.006;2.227;3.195;2.947;14.501;18.193;19.82;74.446;75.347;75.826
2024-01-30 07:30:00;2.416;2.861;2.828;4.024;14.691;20.976;19.383;75.895;64.822;73.159
2024-01-30 07:45:00;2.222;2.588;2.977;3.456;17.52;19.013;20.139;71.853;71.088;72.522
2024-01-30 08:00:00;2.617;2.833;3.329;4.319;25.793;27.51;26.812;65.335;71.082;66.13
2024-01-30 08:15:00;2.595;2.754;3.059;3.982;25.269;28.229;31.415;68.359;76.122;76.855
2024-01-30 08:30:00;2.6;2.901;2.716;3.495;24.692;26.892;25.54;75.07;75.508;64.415
2024-01-30 08:45:00;2.159;3.066;3.441;3.607;27.675;25.486;29.564;61.662;66.747;75.171
2024-01-30 09:00:00;3.097;3.544;3.997;4.532;28.05;29.185;25.268;67.079;79.523;65.105
2024-01-30 09:15:00;3.311;3.5;3.783;4.486;27.659;28.734;27.104;67.319;65.951;75.278
2024-01-30 09:30:00;3.141;3.563;3.513;4.171;26.689;26.834;30.96;64.76;77.68;74.966
2024-01-30 09:45:00;2.883;3.411;4.12;3.882;26.406;27.616;29.763;73.277;69.139;77.218
2024-01-30 10:00:00;3.765;4.096;4.503;5.994;24.298;29.086;27.504;70.846;72.852;79.743
2024-01-30 10:15:00;4.099;3.695;4.725;4.931;25.656;28.486;27.549;65.516;73.175;80.762
2024-01-30 10:30:00;4.012;4.399;5.078;4.874;25.043;24.976;28.565;71.967;73.028;66.145
2024-01-30 10:45:00;3.763;4.244;3.997;5.01;23.444;27.57;29.243;68.224;75.507;74.68
2024-01-30 11:00:00;4.413;4.455;4.844;5.357;27.48;26.945;30.453;64.638;74.036;86.06
2024-01-30 11:15:00;4.163;5.069;4.976;5.471;25.026;28.892;27.652;65.507;76.075;75.655
2024-01-30 11:30:00;3.909;4.653;5.425;5.831;27.674;28.767;25.757;71.137;74.416;70.428
2024-01-30 11:45:00;4.057;4.394;4.591;5.394;27.234;29.204;28.657;73.601;65.425;74.562
2024-01-30 12:00:00;4.697;4.997;5.723;5.24;26.779;25.501;27.65;66.615;73.403;72.89
2024-01-30 12:15:00;4.348;4.892;5.237;5.55;26.858;26.008;26.267;71.668;69.068;68.529
2024-01-30 12:30:00;4.354;4.891;5.174;5.456;25.139;28.893;28.888;76.751;66.232;79.78
2024-01-30 12:45:00;4.343;4.702;5.147;6.041;28.601;26.301;28.05;62.832;70.493;78.214
2024-01-30 13:00:00;4.594;4.736;4.915;5.796;26.06;24.887;28.903;70.743;72.953;67.66
2024-01-30 13:15:00;4.541;4.572;5.316;5.466;26.423;28.01;26.933;73.07;73.298;74.487
2024-01-30 13:30:00;4.654;4.76;4.744;5.036;25.091;26.368;29.198;68.534;77.491;71.884
2024-01-30 13:45:00;4.202;4.194;5.126;5.053;24.696;29.92;26.24;75.068;78.798;66.191
2024-01-30 14:00:00;3.831;4.075;4.471;4.98;26.668;27.65;27.043;79.774;73.749;67.218
2024-01-30 14:15:00;3.487;4.571;4.369;5.079;26.305;27.444;28.002;70.682;74.689;68.037
2024-01-30 14:30:00;4.056;3.999;5.273;4.859;24.895;26.639;31.257;67.855;72.496;74.679
2024-01-30 14:45:00;3.553;4.036;4.688;4.826;23.986;29.618;29.687;73.787;75.99;72.481
2024-01-30 15:00:00;3.191;3.447;4.116;4.166;24.222;27.745;30.167;73.126;74.532;69.724
2024-01-30 15:15:00;2.942;3.271;4.257;4.343;27.675;26.579;30.724;56.658;71.717;72.845
2024-01-30 15:30:00;3.038;3.042;3.566;3.611;25.141;25.993;34.309;68.987;83.19;79.111
2024-01-30 15:45:00;2.991;3.497;4.423;4.009;25.526;27.088;28.468;67.066;69.16;76.962
2024-01-30 16:00:00;2.41;2.956;2.648;3.531;28.03;25.714;30.729;70.944;79.563;80.51
2024-01-30 16:15:00;2.423;2.913;3.117;4.099;24.429;28.764;30.061;68.051;64.958;73.744
2024-01-30 16:30:00;2.421;2.892;3.201;3.473;24.982;24.451;30.033;68.583;76.231;83.814
2024-01-30 16:45:00;2.683;2.935;3.482;3.781;24.924;26.988;31.31;64.77;79.47;76.914
2024-01-30 17:00:00;1.858;2.703;2.927;3.338;28.265;28.127;27.712;72.599;62.082;72.311
2024-01-30 17:15:00;2.109;2.424;2.822;3.67;28.791;27.72;27.582;77.11;72.723;75.511
2024-01-30 17:30:00;2.299;2.335;2.864;3.659;27.052;26.11;28.924;64.846;75.72;68.136
2024-01-30 17:45:00;1.97;2.403;2.603;3.25;27.097;28.204;28.1;62.154;73.31;73.316
2024-01-30 18:00:00;1.764;2.433;2.296;2.953;25.188;25.853;28.922;69.098;73.966;77.365
2024-01-30 18:15:00;1.856;2.625;2.896;2.894;28.726;27.166;30.963;68.86;72.708;78.364
2024-01-30 18:30:00;2.124;2.156;2.887;3.025;26.375;28.191;27.616;74.738;66.31;72.744
2024-01-30 18:45:00;1.937;2.323;3.128;2.965;27.194;27.904;27.9;62.977;84.314;90.036
2024-01-30 19:00:00;1.967;2.545;2.654;3.439;15.852;16.174;18.686;66.364;69.382;74.053
2024-01-30 19:15:00;2.159;2.239;3.055;3.398;15.625;19.02;18.026;58.476;74.258;65.769
2024-01-30 19:30:00;1.858;2.472;2.791;3.451;18.328;17.332;15.261;75.737;68.636;81.673
2024-01-30 19:45:00;2.197;2.13;3.189;3.658;16.756;18.329;17.449;70.228;60.166;78.339
2024-01-30 20:00:00;2.603;2.518;3.601;4.302;18.032;19.524;19.527;66.729;67.193;76.274
2024-01-30 20:15:00;2.467;3.009;3.382;3.764;16.357;18.899;20.758;62.521;64.472;72.443
2024-01-30 20:30:00;2.366;2.837;3.233;4.066;14.812;18.903;16.506;62.971;77.676;77.163
2024-01-30 20:45:00;2.357;2.972;3.584;3.616;15.183;17.493;16.499;71.03;68.844;83.905
2024-01-30 21:00:00;3.252;3.546;4.125;4.717;16.144;18.407;18.45;63.574;69.327;76.109
2024-01-30 21:15:00;3.384;3.325;3.765;4.679;15.123;17.525;14.996;69.51;66.465;66.915
2024-01-30 21:30:00;3.029;3.54;3.591;4.663;14.45;15.362;17.67;79.01;72.489;56.007
2024-01-30 21:45:00;3.237;3.266;3.872;4.379;17.682;17.66;15.553;67.297;68.274;77.115
2024-01-30 22:00:00;3.378;4.495;4.984;4.768;15.237;17.59;20.645;64.289;77.16;69.577
2024-01-30 22:15:00;3.664;3.863;4.885;4.543;16.193;18.087;17.138;70.872;73.571;74.452
2024-01-30 22:30:00;3.769;4.13;4.275;4.963;16.415;17.005;21.111;62.994;69.027;70.55
2024-01-30 22:45:00;3.602;3.935;4.26;5.45;15.177;16.043;20.226;77.428;76.421;70.155
2024-01-30 23:00:00;4.055;4.764;5.377;5.336;18.031;18.198;17.34;75.878;72.041;70.791
2024-01-30 23:15:00;4.106;4.556;4.726;5.676;14.436;15.204;16.642;68.196;72.112;71.288
2024-01-30 23:30:00;4.288;4.513;5.17;5.694;16.366;19.417;18.083;64.603;64.394;79.269
2024-01-30 23:45:00;4.197;4.829;4.866;5.345;16.345;16.848;18.228;66.914;71.63;78.155
