statut_compte,duree_credit_mois,historique_credit,motif_pret,montant_credit_eur,epargne,anciennete_emploi,taux_effort_pct,statut_personnel,autres_debiteurs,duree_residence_ans,patrimoine,age_annees,autres_plans_paiement,logement,nombre_credits_existants,profession,personnes_a_charge,telephone,travailleur_etranger,statut_defaut_brut,statut_defaut,probabilite_defaut_pct,decision_credit,client_id
A11,6,A34,A43,1169,A65,A75,4,A93,A101,4,A121,67,A143,A152,2,A173,1,A192,A201,1,0,15.6,✅ ACCORDÉ,GER-CLI-1000
A12,48,A32,A43,5951,A61,A73,2,A92,A101,2,A121,22,A143,A152,1,A173,1,A191,A201,2,1,68.8,❌ REFUSÉ,GER-CLI-1001
A14,12,A34,A46,2096,A61,A74,2,A93,A101,3,A121,49,A143,A152,1,A172,2,A191,A201,1,0,19.7,✅ ACCORDÉ,GER-CLI-1002
A11,42,A32,A42,7882,A61,A74,2,A93,A103,4,A122,45,A143,A153,1,A173,2,A191,A201,1,0,60.9,❌ REFUSÉ,GER-CLI-1003
A11,24,A33,A40,4870,A61,A73,3,A93,A101,4,A124,53,A143,A153,2,A173,2,A191,A201,2,1,37.5,⚠️ ÉTUDE MANUELLE,GER-CLI-1004
A14,36,A32,A46,9055,A65,A73,2,A93,A101,4,A124,35,A143,A153,1,A172,2,A192,A201,1,0,65.4,❌ REFUSÉ,GER-CLI-1005
A14,24,A32,A42,2835,A63,A75,3,A93,A101,4,A122,53,A143,A152,1,A173,1,A191,A201,1,0,30.7,⚠️ ÉTUDE MANUELLE,GER-CLI-1006
A12,36,A32,A41,6948,A61,A73,2,A93,A101,2,A123,35,A143,A151,1,A174,1,A192,A201,1,0,58.0,❌ REFUSÉ,GER-CLI-1007
A14,12,A32,A43,3059,A64,A74,2,A91,A101,4,A121,61,A143,A152,1,A172,1,A191,A201,1,0,18.2,✅ ACCORDÉ,GER-CLI-1008
A12,30,A34,A40,5234,A61,A71,4,A94,A101,2,A123,28,A143,A152,2,A174,1,A191,A201,2,1,60.5,❌ REFUSÉ,GER-CLI-1009
A12,12,A32,A40,1295,A61,A72,3,A92,A101,1,A123,25,A143,A151,1,A173,1,A191,A201,2,1,30.0,⚠️ ÉTUDE MANUELLE,GER-CLI-1010
A11,48,A32,A49,4308,A61,A72,3,A92,A101,4,A122,24,A143,A151,1,A173,1,A191,A201,2,1,67.0,❌ REFUSÉ,GER-CLI-1011
A12,12,A32,A43,1567,A61,A73,1,A92,A101,1,A123,22,A143,A152,1,A173,1,A192,A201,1,0,24.1,✅ ACCORDÉ,GER-CLI-1012
A11,24,A34,A40,1199,A61,A75,4,A93,A101,4,A123,60,A143,A152,2,A172,1,A191,A201,2,1,26.9,✅ ACCORDÉ,GER-CLI-1013
A11,15,A32,A40,1403,A61,A73,2,A92,A101,4,A123,28,A143,A151,1,A173,1,A191,A201,1,0,26.9,✅ ACCORDÉ,GER-CLI-1014
A11,24,A32,A43,1282,A62,A73,4,A92,A101,2,A123,32,A143,A152,1,A172,1,A191,A201,2,1,39.5,⚠️ ÉTUDE MANUELLE,GER-CLI-1015
A14,24,A34,A43,2424,A65,A75,4,A93,A101,4,A122,53,A143,A152,2,A173,1,A191,A201,1,0,33.7,⚠️ ÉTUDE MANUELLE,GER-CLI-1016
A11,30,A30,A49,8072,A65,A72,2,A93,A101,3,A123,25,A141,A152,3,A173,1,A191,A201,1,0,62.5,❌ REFUSÉ,GER-CLI-1017
A12,24,A32,A41,12579,A61,A75,4,A92,A101,2,A124,44,A143,A153,1,A174,1,A192,A201,2,1,73.6,❌ REFUSÉ,GER-CLI-1018
A14,24,A32,A43,3430,A63,A75,3,A93,A101,2,A123,31,A143,A152,1,A173,2,A192,A201,1,0,42.9,⚠️ ÉTUDE MANUELLE,GER-CLI-1019
A14,9,A34,A40,2134,A61,A73,4,A93,A101,4,A123,48,A143,A152,3,A173,1,A192,A201,1,0,25.5,✅ ACCORDÉ,GER-CLI-1020
A11,6,A32,A43,2647,A63,A73,2,A93,A101,3,A121,44,A143,A151,1,A173,2,A191,A201,1,0,19.7,✅ ACCORDÉ,GER-CLI-1021
A11,10,A34,A40,2241,A61,A72,1,A93,A101,3,A121,48,A143,A151,2,A172,2,A191,A202,1,0,16.5,✅ ACCORDÉ,GER-CLI-1022
A12,12,A34,A41,1804,A62,A72,3,A93,A101,4,A122,44,A143,A152,1,A173,1,A191,A201,1,0,24.1,✅ ACCORDÉ,GER-CLI-1023
A14,10,A34,A42,2069,A65,A73,2,A94,A101,1,A123,26,A143,A152,2,A173,1,A191,A202,1,0,26.7,✅ ACCORDÉ,GER-CLI-1024
A11,6,A32,A42,1374,A61,A73,1,A93,A101,2,A121,36,A141,A152,1,A172,1,A192,A201,1,0,16.3,✅ ACCORDÉ,GER-CLI-1025
A14,6,A30,A43,426,A61,A75,4,A94,A101,4,A123,39,A143,A152,1,A172,1,A191,A201,1,0,22.5,✅ ACCORDÉ,GER-CLI-1026
A13,12,A31,A43,409,A64,A73,3,A92,A101,3,A121,42,A143,A151,2,A173,1,A191,A201,1,0,21.1,✅ ACCORDÉ,GER-CLI-1027
A12,7,A32,A43,2415,A61,A73,3,A93,A103,2,A121,34,A143,A152,1,A173,1,A191,A201,1,0,26.7,✅ ACCORDÉ,GER-CLI-1028
A11,60,A33,A49,6836,A61,A75,3,A93,A101,4,A124,63,A143,A152,2,A173,1,A192,A201,2,1,66.0,❌ REFUSÉ,GER-CLI-1029
A12,18,A32,A49,1913,A64,A72,3,A94,A101,3,A121,36,A141,A152,1,A173,1,A192,A201,1,0,31.2,⚠️ ÉTUDE MANUELLE,GER-CLI-1030
A11,24,A32,A42,4020,A61,A73,2,A93,A101,2,A123,27,A142,A152,1,A173,1,A191,A201,1,0,42.1,⚠️ ÉTUDE MANUELLE,GER-CLI-1031
A12,18,A32,A40,5866,A62,A73,2,A93,A101,2,A123,30,A143,A152,2,A173,1,A192,A201,1,0,43.0,⚠️ ÉTUDE MANUELLE,GER-CLI-1032
A14,12,A34,A49,1264,A65,A75,4,A93,A101,4,A124,57,A143,A151,1,A172,1,A191,A201,1,0,21.6,✅ ACCORDÉ,GER-CLI-1033
A13,12,A32,A42,1474,A61,A72,4,A92,A101,1,A122,33,A141,A152,1,A174,1,A192,A201,1,0,31.5,⚠️ ÉTUDE MANUELLE,GER-CLI-1034
A12,45,A34,A43,4746,A61,A72,4,A93,A101,2,A122,25,A143,A152,2,A172,1,A191,A201,2,1,70.3,❌ REFUSÉ,GER-CLI-1035
A14,48,A34,A46,6110,A61,A73,1,A93,A101,3,A124,31,A141,A153,1,A173,1,A192,A201,1,0,60.7,❌ REFUSÉ,GER-CLI-1036
A13,18,A32,A43,2100,A61,A73,4,A93,A102,2,A121,37,A142,A152,1,A173,1,A191,A201,2,1,35.8,⚠️ ÉTUDE MANUELLE,GER-CLI-1037
A13,10,A32,A44,1225,A61,A73,2,A93,A101,2,A123,37,A143,A152,1,A173,1,A192,A201,1,0,20.5,✅ ACCORDÉ,GER-CLI-1038
A12,9,A32,A43,458,A61,A73,4,A93,A101,3,A121,24,A143,A152,1,A173,1,A191,A201,1,0,30.1,⚠️ ÉTUDE MANUELLE,GER-CLI-1039
A14,30,A32,A43,2333,A63,A75,4,A93,A101,2,A123,30,A141,A152,1,A174,1,A191,A201,1,0,48.7,⚠️ ÉTUDE MANUELLE,GER-CLI-1040
A12,12,A32,A43,1158,A63,A73,3,A91,A101,1,A123,26,A143,A152,1,A173,1,A192,A201,1,0,29.2,✅ ACCORDÉ,GER-CLI-1041
A12,18,A33,A45,6204,A61,A73,2,A93,A101,4,A121,44,A143,A152,1,A172,2,A192,A201,1,0,37.5,⚠️ ÉTUDE MANUELLE,GER-CLI-1042
A11,30,A34,A41,6187,A62,A74,1,A94,A101,4,A123,24,A143,A151,2,A173,1,A191,A201,1,0,51.2,❌ REFUSÉ,GER-CLI-1043
A11,48,A34,A41,6143,A61,A75,4,A92,A101,4,A124,58,A142,A153,2,A172,1,A191,A201,2,1,62.3,❌ REFUSÉ,GER-CLI-1044
A14,11,A34,A40,1393,A61,A72,4,A92,A101,4,A123,35,A143,A152,2,A174,1,A191,A201,1,0,29.7,✅ ACCORDÉ,GER-CLI-1045
A14,36,A32,A43,2299,A63,A75,4,A93,A101,4,A123,39,A143,A152,1,A173,1,A191,A201,1,0,48.6,⚠️ ÉTUDE MANUELLE,GER-CLI-1046
A11,6,A32,A41,1352,A63,A71,1,A92,A101,2,A122,23,A143,A151,1,A171,1,A192,A201,1,0,20.1,✅ ACCORDÉ,GER-CLI-1047
A14,11,A34,A40,7228,A61,A73,1,A93,A101,4,A122,39,A143,A152,2,A172,1,A191,A201,1,0,33.9,⚠️ ÉTUDE MANUELLE,GER-CLI-1048
A14,12,A32,A43,2073,A62,A73,4,A92,A102,2,A121,28,A143,A152,1,A173,1,A191,A201,1,0,35.7,⚠️ ÉTUDE MANUELLE,GER-CLI-1049
A12,24,A33,A42,2333,A65,A72,4,A93,A101,2,A122,29,A141,A152,1,A172,1,A191,A201,1,0,44.8,⚠️ ÉTUDE MANUELLE,GER-CLI-1050
A12,27,A33,A41,5965,A61,A75,1,A93,A101,2,A123,30,A143,A152,2,A174,1,A192,A201,1,0,45.1,⚠️ ÉTUDE MANUELLE,GER-CLI-1051
A14,12,A32,A43,1262,A61,A73,3,A93,A101,2,A123,25,A143,A152,1,A173,1,A191,A201,1,0,29.9,✅ ACCORDÉ,GER-CLI-1052
A14,18,A32,A41,3378,A65,A73,2,A93,A101,1,A122,31,A143,A152,1,A173,1,A192,A201,1,0,33.8,⚠️ ÉTUDE MANUELLE,GER-CLI-1053
A12,36,A33,A40,2225,A61,A75,4,A93,A101,4,A124,57,A141,A153,2,A173,1,A192,A201,2,1,39.5,⚠️ ÉTUDE MANUELLE,GER-CLI-1054
A14,6,A31,A40,783,A65,A73,1,A93,A103,2,A121,26,A142,A152,1,A172,2,A191,A201,1,0,17.9,✅ ACCORDÉ,GER-CLI-1055
A12,12,A32,A43,6468,A65,A71,2,A93,A101,1,A124,52,A143,A152,1,A174,1,A192,A201,2,1,30.8,⚠️ ÉTUDE MANUELLE,GER-CLI-1056
A14,36,A34,A43,9566,A61,A73,2,A92,A101,2,A123,31,A142,A152,2,A173,1,A191,A201,1,0,68.9,❌ REFUSÉ,GER-CLI-1057
A13,18,A32,A40,1961,A61,A75,3,A92,A101,2,A123,23,A143,A152,1,A174,1,A191,A201,1,0,37.1,⚠️ ÉTUDE MANUELLE,GER-CLI-1058
A11,36,A34,A42,6229,A61,A72,4,A92,A102,4,A124,23,A143,A151,2,A172,1,A192,A201,2,1,70.1,❌ REFUSÉ,GER-CLI-1059
A12,9,A32,A49,1391,A61,A73,2,A94,A101,1,A121,27,A141,A152,1,A173,1,A192,A201,1,0,23.8,✅ ACCORDÉ,GER-CLI-1060
A12,15,A34,A43,1537,A65,A75,4,A93,A103,4,A121,50,A143,A152,2,A173,1,A192,A201,1,0,26.5,✅ ACCORDÉ,GER-CLI-1061
A12,36,A30,A49,1953,A61,A75,4,A93,A101,4,A124,61,A143,A153,1,A174,1,A192,A201,2,1,36.7,⚠️ ÉTUDE MANUELLE,GER-CLI-1062
A12,48,A30,A49,14421,A61,A73,2,A93,A101,2,A123,25,A143,A152,1,A173,1,A192,A201,2,1,88.1,❌ REFUSÉ,GER-CLI-1063
A14,24,A32,A43,3181,A61,A72,4,A92,A101,4,A122,26,A143,A152,1,A173,1,A192,A201,1,0,49.4,⚠️ ÉTUDE MANUELLE,GER-CLI-1064
A14,27,A32,A45,5190,A65,A75,4,A93,A101,4,A122,48,A143,A152,4,A173,2,A192,A201,1,0,48.2,⚠️ ÉTUDE MANUELLE,GER-CLI-1065
A14,12,A32,A43,2171,A61,A72,2,A92,A101,2,A123,29,A141,A152,1,A173,1,A191,A201,1,0,27.0,✅ ACCORDÉ,GER-CLI-1066
A12,12,A32,A40,1007,A64,A73,4,A94,A101,1,A121,22,A143,A152,1,A173,1,A191,A201,1,0,34.8,⚠️ ÉTUDE MANUELLE,GER-CLI-1067
A14,36,A32,A46,1819,A61,A73,4,A93,A101,4,A124,37,A142,A153,1,A173,1,A192,A201,2,1,47.8,⚠️ ÉTUDE MANUELLE,GER-CLI-1068
A14,36,A32,A43,2394,A65,A73,4,A92,A101,4,A123,25,A143,A152,1,A173,1,A191,A201,1,0,55.9,❌ REFUSÉ,GER-CLI-1069
A14,36,A32,A41,8133,A61,A73,1,A92,A101,2,A122,30,A141,A152,1,A173,1,A191,A201,1,0,59.9,❌ REFUSÉ,GER-CLI-1070
A14,7,A34,A43,730,A65,A75,4,A93,A101,2,A122,46,A143,A151,2,A172,1,A192,A201,1,0,21.4,✅ ACCORDÉ,GER-CLI-1071
A11,8,A34,A410,1164,A61,A75,3,A93,A101,4,A124,51,A141,A153,2,A174,2,A192,A201,1,0,18.2,✅ ACCORDÉ,GER-CLI-1072
A12,42,A34,A49,5954,A61,A74,2,A92,A101,1,A121,41,A141,A152,2,A172,1,A191,A201,1,0,55.8,❌ REFUSÉ,GER-CLI-1073
A11,36,A32,A46,1977,A65,A75,4,A93,A101,4,A124,40,A143,A152,1,A174,1,A192,A201,2,1,46.9,⚠️ ÉTUDE MANUELLE,GER-CLI-1074
A11,12,A34,A41,1526,A61,A75,4,A93,A101,4,A124,66,A143,A153,2,A174,1,A191,A201,1,0,19.3,✅ ACCORDÉ,GER-CLI-1075
A11,42,A32,A43,3965,A61,A72,4,A93,A101,3,A123,34,A143,A152,1,A173,1,A191,A201,2,1,61.7,❌ REFUSÉ,GER-CLI-1076
A12,11,A33,A43,4771,A61,A74,2,A93,A101,4,A122,51,A143,A152,1,A173,1,A191,A201,1,0,25.5,✅ ACCORDÉ,GER-CLI-1077
A14,54,A30,A41,9436,A65,A73,2,A93,A101,2,A122,39,A143,A152,1,A172,2,A191,A201,1,0,76.0,❌ REFUSÉ,GER-CLI-1078
A12,30,A32,A42,3832,A61,A72,2,A94,A101,1,A122,22,A143,A152,1,A173,1,A191,A201,1,0,48.4,⚠️ ÉTUDE MANUELLE,GER-CLI-1079
A14,24,A32,A43,5943,A65,A72,1,A92,A101,1,A123,44,A143,A152,2,A173,1,A192,A201,2,1,36.2,⚠️ ÉTUDE MANUELLE,GER-CLI-1080
A14,15,A32,A43,1213,A63,A75,4,A93,A101,3,A122,47,A142,A152,1,A173,1,A192,A201,1,0,26.7,✅ ACCORDÉ,GER-CLI-1081
A14,18,A32,A49,1568,A62,A73,3,A92,A101,4,A122,24,A143,A151,1,A172,1,A191,A201,1,0,35.3,⚠️ ÉTUDE MANUELLE,GER-CLI-1082
A11,24,A32,A410,1755,A61,A75,4,A92,A103,4,A121,58,A143,A152,1,A172,1,A192,A201,1,0,29.4,✅ ACCORDÉ,GER-CLI-1083
A11,10,A32,A43,2315,A61,A75,3,A93,A101,4,A121,52,A143,A152,1,A172,1,A191,A201,1,0,21.5,✅ ACCORDÉ,GER-CLI-1084
A14,12,A34,A49,1412,A61,A73,4,A92,A103,2,A121,29,A143,A152,2,A174,1,A192,A201,1,0,33.0,⚠️ ÉTUDE MANUELLE,GER-CLI-1085
A12,18,A34,A42,1295,A61,A72,4,A92,A101,1,A122,27,A143,A152,2,A173,1,A191,A201,1,0,37.6,⚠️ ÉTUDE MANUELLE,GER-CLI-1086
A12,36,A32,A46,12612,A62,A73,1,A93,A101,4,A124,47,A143,A153,1,A173,2,A192,A201,2,1,67.5,❌ REFUSÉ,GER-CLI-1087
A11,18,A32,A40,2249,A62,A74,4,A93,A101,3,A123,30,A143,A152,1,A174,2,A192,A201,1,0,39.6,⚠️ ÉTUDE MANUELLE,GER-CLI-1088
A11,12,A30,A45,1108,A61,A74,4,A93,A101,3,A121,28,A143,A152,2,A173,1,A191,A201,2,1,32.4,⚠️ ÉTUDE MANUELLE,GER-CLI-1089
A14,12,A34,A43,618,A61,A75,4,A93,A101,4,A121,56,A143,A152,1,A173,1,A191,A201,1,0,20.3,✅ ACCORDÉ,GER-CLI-1090
A11,12,A34,A41,1409,A61,A75,4,A93,A101,3,A121,54,A143,A152,1,A173,1,A191,A201,1,0,23.0,✅ ACCORDÉ,GER-CLI-1091
A14,12,A34,A43,797,A65,A75,4,A92,A101,3,A122,33,A141,A152,1,A172,2,A191,A201,2,1,29.3,✅ ACCORDÉ,GER-CLI-1092
A13,24,A34,A42,3617,A65,A75,4,A93,A102,4,A124,20,A143,A151,2,A173,1,A191,A201,1,0,54.1,❌ REFUSÉ,GER-CLI-1093
A12,12,A32,A40,1318,A64,A75,4,A93,A101,4,A121,54,A143,A152,1,A173,1,A192,A201,1,0,22.8,✅ ACCORDÉ,GER-CLI-1094
A12,54,A30,A49,15945,A61,A72,3,A93,A101,4,A124,58,A143,A151,1,A173,1,A192,A201,2,1,87.6,❌ REFUSÉ,GER-CLI-1095
A14,12,A34,A46,2012,A65,A74,4,A92,A101,2,A123,61,A143,A152,1,A173,1,A191,A201,1,0,22.1,✅ ACCORDÉ,GER-CLI-1096
A12,18,A32,A49,2622,A62,A73,4,A93,A101,4,A123,34,A143,A152,1,A173,1,A191,A201,1,0,39.0,⚠️ ÉTUDE MANUELLE,GER-CLI-1097
A12,36,A34,A43,2337,A61,A75,4,A93,A101,4,A121,36,A143,A152,1,A173,1,A191,A201,1,0,50.3,❌ REFUSÉ,GER-CLI-1098
A12,20,A33,A41,7057,A65,A74,3,A93,A101,4,A122,36,A141,A151,2,A174,2,A192,A201,1,0,51.0,❌ REFUSÉ,GER-CLI-1099
A14,24,A32,A40,1469,A62,A75,4,A94,A101,4,A121,41,A143,A151,1,A172,1,A191,A201,1,0,35.9,⚠️ ÉTUDE MANUELLE,GER-CLI-1100
A12,36,A32,A43,2323,A61,A74,4,A93,A101,4,A123,24,A143,A151,1,A173,1,A191,A201,1,0,56.2,❌ REFUSÉ,GER-CLI-1101
A14,6,A33,A43,932,A61,A73,3,A92,A101,2,A121,24,A143,A152,1,A173,1,A191,A201,1,0,25.7,✅ ACCORDÉ,GER-CLI-1102
A12,9,A34,A42,1919,A61,A74,4,A93,A101,3,A123,35,A143,A151,1,A173,1,A192,A201,1,0,30.1,⚠️ ÉTUDE MANUELLE,GER-CLI-1103
A14,12,A32,A41,2445,A65,A72,2,A94,A101,4,A123,26,A143,A151,1,A173,1,A192,A201,1,0,29.0,✅ ACCORDÉ,GER-CLI-1104
A12,24,A34,A410,11938,A61,A73,2,A93,A102,3,A123,39,A143,A152,2,A174,2,A192,A201,2,1,65.3,❌ REFUSÉ,GER-CLI-1105
A14,18,A31,A40,6458,A61,A75,2,A93,A101,4,A124,39,A141,A152,2,A174,2,A192,A201,2,1,40.8,⚠️ ÉTUDE MANUELLE,GER-CLI-1106
A12,12,A32,A40,6078,A61,A74,2,A93,A101,2,A123,32,A143,A152,1,A173,1,A191,A201,1,0,38.5,⚠️ ÉTUDE MANUELLE,GER-CLI-1107
A11,24,A32,A42,7721,A65,A72,1,A92,A101,2,A122,30,A143,A152,1,A173,1,A192,A202,1,0,49.5,⚠️ ÉTUDE MANUELLE,GER-CLI-1108
A12,14,A32,A49,1410,A63,A75,1,A94,A101,2,A121,35,A143,A152,1,A173,1,A192,A201,1,0,20.3,✅ ACCORDÉ,GER-CLI-1109
A12,6,A33,A49,1449,A62,A75,1,A91,A101,2,A123,31,A141,A152,2,A173,2,A191,A201,1,0,17.9,✅ ACCORDÉ,GER-CLI-1110
A13,15,A32,A46,392,A61,A72,4,A92,A101,4,A122,23,A143,A151,1,A173,1,A192,A201,1,0,34.3,⚠️ ÉTUDE MANUELLE,GER-CLI-1111
A12,18,A32,A40,6260,A61,A74,3,A93,A101,3,A121,28,A143,A151,1,A172,1,A191,A201,1,0,50.5,❌ REFUSÉ,GER-CLI-1112
A14,36,A34,A40,7855,A61,A73,4,A92,A101,2,A121,25,A142,A152,2,A173,1,A192,A201,2,1,74.2,❌ REFUSÉ,GER-CLI-1113
A11,12,A32,A43,1680,A63,A75,3,A94,A101,1,A121,35,A143,A152,1,A173,1,A191,A201,1,0,27.1,✅ ACCORDÉ,GER-CLI-1114
A14,48,A34,A43,3578,A65,A75,4,A93,A101,1,A121,47,A143,A152,1,A173,1,A192,A201,1,0,58.3,❌ REFUSÉ,GER-CLI-1115
A11,42,A32,A43,7174,A65,A74,4,A92,A101,3,A123,30,A143,A152,1,A174,1,A192,A201,2,1,73.8,❌ REFUSÉ,GER-CLI-1116
A11,10,A34,A42,2132,A65,A72,2,A92,A102,3,A121,27,A143,A151,2,A173,1,A191,A202,1,0,26.5,✅ ACCORDÉ,GER-CLI-1117
A11,33,A34,A42,4281,A63,A73,1,A92,A101,4,A123,23,A143,A152,2,A173,1,A191,A201,2,1,46.8,⚠️ ÉTUDE MANUELLE,GER-CLI-1118
A12,12,A34,A40,2366,A63,A74,3,A91,A101,3,A123,36,A143,A152,1,A174,1,A192,A201,1,0,28.8,✅ ACCORDÉ,GER-CLI-1119
A11,21,A32,A43,1835,A61,A73,3,A92,A101,2,A121,25,A143,A152,2,A173,1,A192,A201,2,1,37.9,⚠️ ÉTUDE MANUELLE,GER-CLI-1120
A14,24,A34,A41,3868,A61,A75,4,A92,A101,2,A123,41,A143,A151,2,A174,1,A192,A201,1,0,44.5,⚠️ ÉTUDE MANUELLE,GER-CLI-1121
A14,12,A32,A42,1768,A61,A73,3,A93,A101,2,A121,24,A143,A151,1,A172,1,A191,A201,1,0,32.0,⚠️ ÉTUDE MANUELLE,GER-CLI-1122
A13,10,A34,A40,781,A61,A75,4,A93,A101,4,A124,63,A143,A153,2,A173,1,A192,A201,1,0,17.6,✅ ACCORDÉ,GER-CLI-1123
A12,18,A32,A42,1924,A65,A72,4,A92,A101,3,A121,27,A143,A151,1,A173,1,A191,A201,2,1,39.9,⚠️ ÉTUDE MANUELLE,GER-CLI-1124
A11,12,A34,A40,2121,A61,A73,4,A93,A101,2,A122,30,A143,A152,2,A173,1,A191,A201,1,0,34.9,⚠️ ÉTUDE MANUELLE,GER-CLI-1125
A11,12,A32,A43,701,A61,A73,4,A94,A101,2,A121,40,A143,A152,1,A172,1,A191,A201,1,0,26.2,✅ ACCORDÉ,GER-CLI-1126
A12,12,A32,A45,639,A61,A73,4,A93,A101,2,A123,30,A143,A152,1,A173,1,A191,A201,2,1,30.1,⚠️ ÉTUDE MANUELLE,GER-CLI-1127
A12,12,A34,A41,1860,A61,A71,4,A93,A101,2,A123,34,A143,A152,2,A174,1,A192,A201,1,0,32.3,⚠️ ÉTUDE MANUELLE,GER-CLI-1128
A11,12,A34,A40,3499,A61,A73,3,A92,A102,2,A121,29,A143,A152,2,A173,1,A191,A201,2,1,35.5,⚠️ ÉTUDE MANUELLE,GER-CLI-1129
A12,48,A32,A40,8487,A65,A74,1,A92,A101,2,A123,24,A143,A152,1,A173,1,A191,A201,1,0,71.8,❌ REFUSÉ,GER-CLI-1130
A11,36,A33,A46,6887,A61,A73,4,A93,A101,3,A122,29,A142,A152,1,A173,1,A192,A201,2,1,69.7,❌ REFUSÉ,GER-CLI-1131
A14,15,A32,A42,2708,A61,A72,2,A93,A101,3,A122,27,A141,A152,2,A172,1,A191,A201,1,0,31.4,⚠️ ÉTUDE MANUELLE,GER-CLI-1132
A14,18,A32,A42,1984,A61,A73,4,A93,A101,4,A124,47,A141,A153,2,A173,1,A191,A201,1,0,31.0,⚠️ ÉTUDE MANUELLE,GER-CLI-1133
A14,60,A32,A43,10144,A62,A74,2,A92,A101,4,A121,21,A143,A152,1,A173,1,A192,A201,1,0,85.8,❌ REFUSÉ,GER-CLI-1134
A14,12,A34,A43,1240,A65,A75,4,A92,A101,2,A121,38,A143,A152,2,A173,1,A192,A201,1,0,28.6,✅ ACCORDÉ,GER-CLI-1135
A14,27,A33,A41,8613,A64,A73,2,A93,A101,2,A123,27,A143,A152,2,A173,1,A191,A201,1,0,61.3,❌ REFUSÉ,GER-CLI-1136
A12,12,A32,A43,766,A63,A73,4,A93,A101,3,A121,66,A143,A152,1,A172,1,A191,A201,2,1,17.6,✅ ACCORDÉ,GER-CLI-1137
A12,15,A34,A43,2728,A65,A74,4,A93,A103,2,A121,35,A141,A152,3,A173,1,A192,A201,1,0,36.8,⚠️ ÉTUDE MANUELLE,GER-CLI-1138
A13,12,A32,A43,1881,A61,A73,2,A92,A101,2,A123,44,A143,A151,1,A172,1,A192,A201,1,0,20.8,✅ ACCORDÉ,GER-CLI-1139
A13,6,A32,A40,709,A64,A72,2,A94,A101,2,A121,27,A143,A152,1,A171,1,A191,A202,1,0,20.5,✅ ACCORDÉ,GER-CLI-1140
A12,36,A32,A43,4795,A61,A72,4,A92,A101,1,A124,30,A143,A152,1,A174,1,A192,A201,1,0,62.2,❌ REFUSÉ,GER-CLI-1141
A11,27,A32,A43,3416,A61,A73,3,A93,A101,2,A123,27,A143,A152,1,A174,1,A191,A201,1,0,47.1,⚠️ ÉTUDE MANUELLE,GER-CLI-1142
A11,18,A32,A42,2462,A61,A73,2,A93,A101,2,A123,22,A143,A152,1,A173,1,A191,A201,2,1,34.7,⚠️ ÉTUDE MANUELLE,GER-CLI-1143
A14,21,A34,A42,2288,A61,A72,4,A92,A101,4,A122,23,A143,A152,1,A173,1,A192,A201,1,0,45.3,⚠️ ÉTUDE MANUELLE,GER-CLI-1144
A12,48,A31,A49,3566,A62,A74,4,A93,A101,2,A123,30,A143,A152,1,A173,1,A191,A201,1,0,66.3,❌ REFUSÉ,GER-CLI-1145
A11,6,A34,A40,860,A61,A75,1,A92,A101,4,A124,39,A143,A152,2,A173,1,A192,A201,1,0,14.5,✅ ACCORDÉ,GER-CLI-1146
A14,12,A34,A40,682,A62,A74,4,A92,A101,3,A123,51,A143,A152,2,A173,1,A192,A201,1,0,22.1,✅ ACCORDÉ,GER-CLI-1147
A11,36,A34,A42,5371,A61,A73,3,A93,A103,2,A122,28,A143,A152,2,A173,1,A191,A201,1,0,60.5,❌ REFUSÉ,GER-CLI-1148
A14,18,A34,A43,1582,A64,A75,4,A93,A101,4,A123,46,A143,A152,2,A173,1,A191,A201,1,0,30.1,⚠️ ÉTUDE MANUELLE,GER-CLI-1149
A14,6,A32,A43,1346,A62,A75,2,A93,A101,4,A124,42,A141,A153,1,A173,2,A192,A201,1,0,17.4,✅ ACCORDÉ,GER-CLI-1150
A14,10,A32,A43,1924,A61,A73,1,A93,A101,4,A122,38,A143,A152,1,A173,1,A192,A202,1,0,18.7,✅ ACCORDÉ,GER-CLI-1151
A13,36,A32,A43,5848,A61,A73,4,A93,A101,1,A123,24,A143,A152,1,A173,1,A191,A201,1,0,68.5,❌ REFUSÉ,GER-CLI-1152
A12,24,A34,A41,7758,A64,A75,2,A92,A101,4,A124,29,A143,A151,1,A173,1,A191,A201,1,0,55.1,❌ REFUSÉ,GER-CLI-1153
A12,24,A33,A49,6967,A62,A74,4,A93,A101,4,A123,36,A143,A151,1,A174,1,A192,A201,1,0,58.5,❌ REFUSÉ,GER-CLI-1154
A11,12,A32,A42,1282,A61,A73,2,A92,A101,4,A123,20,A143,A151,1,A173,1,A191,A201,2,1,27.9,✅ ACCORDÉ,GER-CLI-1155
A11,9,A34,A45,1288,A62,A75,3,A93,A103,4,A121,48,A143,A152,2,A173,2,A191,A202,1,0,19.8,✅ ACCORDÉ,GER-CLI-1156
A11,12,A31,A48,339,A61,A75,4,A94,A101,1,A123,45,A141,A152,1,A172,1,A191,A201,1,0,23.3,✅ ACCORDÉ,GER-CLI-1157
A12,24,A32,A40,3512,A62,A74,2,A93,A101,3,A123,38,A141,A152,2,A173,1,A192,A201,1,0,35.1,⚠️ ÉTUDE MANUELLE,GER-CLI-1158
A14,6,A34,A43,1898,A65,A73,1,A93,A101,2,A121,34,A143,A152,2,A172,2,A191,A201,1,0,18.0,✅ ACCORDÉ,GER-CLI-1159
A14,24,A34,A43,2872,A62,A75,3,A93,A101,4,A121,36,A143,A152,1,A173,2,A192,A201,1,0,38.5,⚠️ ÉTUDE MANUELLE,GER-CLI-1160
A14,18,A34,A40,1055,A61,A72,4,A92,A101,1,A122,30,A143,A152,2,A173,1,A191,A201,1,0,35.4,⚠️ ÉTUDE MANUELLE,GER-CLI-1161
A14,15,A32,A44,1262,A63,A74,4,A93,A101,3,A122,36,A143,A152,2,A173,1,A192,A201,1,0,31.4,⚠️ ÉTUDE MANUELLE,GER-CLI-1162
A12,10,A32,A40,7308,A61,A71,2,A93,A101,4,A124,70,A141,A153,1,A174,1,A192,A201,1,0,24.9,✅ ACCORDÉ,GER-CLI-1163
A14,36,A32,A40,909,A63,A75,4,A93,A101,4,A122,36,A143,A152,1,A173,1,A191,A201,1,0,44.9,⚠️ ÉTUDE MANUELLE,GER-CLI-1164
A14,6,A32,A42,2978,A63,A73,1,A93,A101,2,A123,32,A143,A152,1,A173,1,A192,A201,1,0,21.2,✅ ACCORDÉ,GER-CLI-1165
A11,18,A32,A42,1131,A61,A71,4,A92,A101,2,A123,33,A143,A152,1,A173,1,A191,A201,2,1,34.3,⚠️ ÉTUDE MANUELLE,GER-CLI-1166
A12,11,A32,A42,1577,A64,A72,4,A92,A101,1,A121,20,A143,A152,1,A173,1,A191,A201,1,0,37.0,⚠️ ÉTUDE MANUELLE,GER-CLI-1167
A14,24,A32,A42,3972,A61,A74,2,A92,A101,4,A122,25,A143,A151,1,A173,1,A192,A201,1,0,42.9,⚠️ ÉTUDE MANUELLE,GER-CLI-1168
A12,24,A34,A49,1935,A61,A75,4,A91,A101,4,A121,31,A143,A152,2,A173,1,A192,A201,2,1,42.3,⚠️ ÉTUDE MANUELLE,GER-CLI-1169
A11,15,A30,A40,950,A61,A75,4,A93,A101,3,A123,33,A143,A151,2,A173,2,A191,A201,2,1,31.7,⚠️ ÉTUDE MANUELLE,GER-CLI-1170
A14,12,A32,A42,763,A61,A73,4,A92,A101,1,A121,26,A143,A152,1,A173,1,A192,A201,1,0,32.2,⚠️ ÉTUDE MANUELLE,GER-CLI-1171
A12,24,A33,A42,2064,A61,A71,3,A92,A101,2,A122,34,A143,A152,1,A174,1,A192,A201,2,1,36.6,⚠️ ÉTUDE MANUELLE,GER-CLI-1172
A12,8,A32,A43,1414,A61,A73,4,A93,A103,2,A121,33,A143,A152,1,A173,1,A191,A202,1,0,28.7,✅ ACCORDÉ,GER-CLI-1173
A11,21,A33,A46,3414,A61,A72,2,A93,A101,1,A122,26,A143,A152,2,A173,1,A191,A201,2,1,38.3,⚠️ ÉTUDE MANUELLE,GER-CLI-1174
A14,30,A31,A41,7485,A65,A71,4,A92,A101,1,A121,53,A141,A152,1,A174,1,A192,A201,2,1,56.5,❌ REFUSÉ,GER-CLI-1175
A11,12,A32,A42,2577,A61,A73,2,A91,A101,1,A123,42,A143,A152,1,A173,1,A191,A201,1,0,23.3,✅ ACCORDÉ,GER-CLI-1176
A11,6,A34,A43,338,A63,A75,4,A93,A101,4,A123,52,A143,A152,2,A173,1,A191,A201,1,0,18.1,✅ ACCORDÉ,GER-CLI-1177
A14,12,A32,A43,1963,A61,A74,4,A93,A101,2,A123,31,A143,A151,2,A174,2,A192,A201,1,0,33.9,⚠️ ÉTUDE MANUELLE,GER-CLI-1178
A11,21,A34,A40,571,A61,A75,4,A93,A101,4,A121,65,A143,A152,2,A173,1,A191,A201,1,0,21.7,✅ ACCORDÉ,GER-CLI-1179
A14,36,A33,A49,9572,A61,A72,1,A91,A101,1,A123,28,A143,A152,2,A173,1,A191,A201,2,1,65.8,❌ REFUSÉ,GER-CLI-1180
A12,36,A33,A49,4455,A61,A73,2,A91,A101,2,A121,30,A142,A152,2,A174,1,A192,A201,2,1,51.2,❌ REFUSÉ,GER-CLI-1181
A11,21,A31,A40,1647,A65,A73,4,A93,A101,2,A122,40,A143,A152,2,A172,2,A191,A201,2,1,34.9,⚠️ ÉTUDE MANUELLE,GER-CLI-1182
A14,24,A34,A42,3777,A64,A73,4,A93,A101,4,A121,50,A143,A152,1,A173,1,A192,A201,1,0,39.8,⚠️ ÉTUDE MANUELLE,GER-CLI-1183
A12,18,A34,A40,884,A61,A75,4,A93,A101,4,A123,36,A141,A152,1,A173,2,A192,A201,2,1,32.1,⚠️ ÉTUDE MANUELLE,GER-CLI-1184
A14,15,A34,A43,1360,A61,A73,4,A93,A101,2,A122,31,A143,A152,2,A173,1,A191,A201,1,0,33.9,⚠️ ÉTUDE MANUELLE,GER-CLI-1185
A12,9,A31,A41,5129,A61,A75,2,A92,A101,4,A124,74,A141,A153,1,A174,2,A192,A201,2,1,17.6,✅ ACCORDÉ,GER-CLI-1186
A12,16,A34,A40,1175,A61,A71,2,A93,A101,3,A123,68,A143,A153,3,A171,1,A192,A201,1,0,14.1,✅ ACCORDÉ,GER-CLI-1187
A11,12,A32,A43,674,A62,A74,4,A94,A101,1,A122,20,A143,A152,1,A173,1,A191,A201,2,1,34.5,⚠️ ÉTUDE MANUELLE,GER-CLI-1188
A12,18,A30,A42,3244,A61,A73,1,A92,A101,4,A123,33,A141,A152,2,A173,1,A192,A201,1,0,28.2,✅ ACCORDÉ,GER-CLI-1189
A14,24,A32,A49,4591,A64,A73,2,A93,A101,3,A122,54,A143,A152,3,A174,1,A192,A201,2,1,31.6,⚠️ ÉTUDE MANUELLE,GER-CLI-1190
A12,48,A30,A49,3844,A62,A74,4,A93,A101,4,A124,34,A143,A153,1,A172,2,A191,A201,2,1,65.4,❌ REFUSÉ,GER-CLI-1191
A12,27,A32,A49,3915,A61,A73,4,A93,A101,2,A123,36,A143,A152,1,A173,2,A192,A201,2,1,49.4,⚠️ ÉTUDE MANUELLE,GER-CLI-1192
A14,6,A32,A43,2108,A61,A74,2,A94,A101,2,A121,29,A143,A151,1,A173,1,A191,A201,1,0,23.4,✅ ACCORDÉ,GER-CLI-1193
A12,45,A32,A43,3031,A62,A73,4,A93,A103,4,A122,21,A143,A151,1,A173,1,A191,A201,2,1,66.5,❌ REFUSÉ,GER-CLI-1194
A12,9,A34,A46,1501,A61,A75,2,A92,A101,3,A123,34,A143,A152,2,A174,1,A192,A201,2,1,21.7,✅ ACCORDÉ,GER-CLI-1195
A14,6,A34,A43,1382,A61,A73,1,A92,A101,1,A123,28,A143,A152,2,A173,1,A192,A201,1,0,18.7,✅ ACCORDÉ,GER-CLI-1196
A12,12,A32,A42,951,A62,A72,4,A92,A101,4,A123,27,A141,A151,4,A173,1,A191,A201,2,1,32.4,⚠️ ÉTUDE MANUELLE,GER-CLI-1197
A12,24,A32,A41,2760,A65,A75,4,A93,A101,4,A124,36,A141,A153,1,A173,1,A192,A201,1,0,42.9,⚠️ ÉTUDE MANUELLE,GER-CLI-1198
A12,18,A33,A42,4297,A61,A75,4,A91,A101,3,A124,40,A143,A152,1,A174,1,A192,A201,2,1,42.2,⚠️ ÉTUDE MANUELLE,GER-CLI-1199
A14,9,A34,A46,936,A63,A75,4,A93,A101,2,A123,52,A143,A152,2,A173,1,A192,A201,1,0,20.9,✅ ACCORDÉ,GER-CLI-1200
A11,12,A32,A40,1168,A61,A73,4,A94,A101,3,A121,27,A143,A152,1,A172,1,A191,A201,1,0,33.1,⚠️ ÉTUDE MANUELLE,GER-CLI-1201
A14,27,A33,A49,5117,A61,A74,3,A93,A101,4,A123,26,A143,A152,2,A173,1,A191,A201,1,0,53.9,❌ REFUSÉ,GER-CLI-1202
A11,12,A32,A48,902,A61,A74,4,A94,A101,4,A122,21,A143,A151,1,A173,1,A191,A201,2,1,34.9,⚠️ ÉTUDE MANUELLE,GER-CLI-1203
A14,12,A34,A40,1495,A61,A75,4,A93,A101,1,A121,38,A143,A152,2,A172,2,A191,A201,1,0,29.4,✅ ACCORDÉ,GER-CLI-1204
A11,30,A34,A41,10623,A61,A75,3,A93,A101,4,A124,38,A143,A153,3,A174,2,A192,A201,1,0,69.7,❌ REFUSÉ,GER-CLI-1205
A14,12,A34,A42,1935,A61,A75,4,A93,A101,4,A121,43,A143,A152,3,A173,1,A192,A201,1,0,28.7,✅ ACCORDÉ,GER-CLI-1206
A12,12,A34,A44,1424,A61,A74,4,A93,A101,3,A122,26,A143,A152,1,A173,1,A191,A201,1,0,34.4,⚠️ ÉTUDE MANUELLE,GER-CLI-1207
A11,24,A32,A49,6568,A61,A73,2,A94,A101,2,A123,21,A142,A152,1,A172,1,A191,A201,1,0,54.6,❌ REFUSÉ,GER-CLI-1208
A14,12,A32,A41,1413,A64,A74,3,A93,A101,2,A122,55,A143,A152,1,A173,1,A191,A202,1,0,19.3,✅ ACCORDÉ,GER-CLI-1209
A14,9,A34,A43,3074,A65,A73,1,A93,A101,2,A121,33,A143,A152,2,A173,2,A191,A201,1,0,22.6,✅ ACCORDÉ,GER-CLI-1210
A14,36,A32,A43,3835,A65,A75,2,A92,A101,4,A121,45,A143,A152,1,A172,1,A192,A201,1,0,41.5,⚠️ ÉTUDE MANUELLE,GER-CLI-1211
A11,27,A30,A49,5293,A61,A71,2,A93,A101,4,A122,50,A142,A152,2,A173,1,A192,A201,2,1,37.8,⚠️ ÉTUDE MANUELLE,GER-CLI-1212
A13,30,A33,A49,1908,A61,A75,4,A93,A101,4,A121,66,A143,A152,1,A174,1,A192,A201,2,1,30.3,⚠️ ÉTUDE MANUELLE,GER-CLI-1213
A14,36,A34,A43,3342,A65,A75,4,A93,A101,2,A123,51,A143,A152,1,A173,1,A192,A201,1,0,46.5,⚠️ ÉTUDE MANUELLE,GER-CLI-1214
A12,6,A34,A48,932,A65,A74,1,A92,A101,3,A122,39,A143,A152,2,A172,1,A191,A201,1,0,14.7,✅ ACCORDÉ,GER-CLI-1215
A11,18,A30,A49,3104,A61,A74,3,A93,A101,1,A122,31,A141,A152,1,A173,1,A192,A201,1,0,37.4,⚠️ ÉTUDE MANUELLE,GER-CLI-1216
A13,36,A32,A43,3913,A61,A73,2,A93,A101,2,A121,23,A143,A152,1,A173,1,A192,A201,1,0,52.7,❌ REFUSÉ,GER-CLI-1217
A11,24,A32,A42,3021,A61,A73,2,A91,A101,2,A121,24,A143,A151,1,A172,1,A191,A201,1,0,40.0,⚠️ ÉTUDE MANUELLE,GER-CLI-1218
A14,10,A32,A40,1364,A61,A73,2,A92,A101,4,A123,64,A143,A152,1,A173,1,A192,A201,1,0,13.3,✅ ACCORDÉ,GER-CLI-1219
A12,12,A32,A43,625,A61,A72,4,A94,A103,1,A121,26,A141,A152,1,A172,1,A191,A201,1,0,31.7,⚠️ ÉTUDE MANUELLE,GER-CLI-1220
A11,12,A32,A46,1200,A65,A73,4,A92,A101,4,A122,23,A141,A151,1,A173,1,A192,A201,1,0,35.0,⚠️ ÉTUDE MANUELLE,GER-CLI-1221
A14,12,A32,A43,707,A61,A73,4,A93,A101,2,A121,30,A141,A152,2,A173,1,A191,A201,1,0,30.3,⚠️ ÉTUDE MANUELLE,GER-CLI-1222
A14,24,A33,A49,2978,A65,A73,4,A93,A101,4,A121,32,A143,A152,2,A173,2,A192,A201,1,0,45.7,⚠️ ÉTUDE MANUELLE,GER-CLI-1223
A14,15,A32,A41,4657,A61,A73,3,A93,A101,2,A123,30,A143,A152,1,A173,1,A192,A201,1,0,41.3,⚠️ ÉTUDE MANUELLE,GER-CLI-1224
A14,36,A30,A45,2613,A61,A73,4,A93,A101,2,A123,27,A143,A152,2,A173,1,A191,A201,1,0,55.8,❌ REFUSÉ,GER-CLI-1225
A12,48,A32,A43,10961,A64,A74,1,A93,A102,2,A124,27,A141,A152,2,A173,1,A192,A201,2,1,77.6,❌ REFUSÉ,GER-CLI-1226
A11,12,A32,A42,7865,A61,A75,4,A93,A101,4,A124,53,A143,A153,1,A174,1,A192,A201,2,1,44.5,⚠️ ÉTUDE MANUELLE,GER-CLI-1227
A14,9,A32,A43,1478,A61,A74,4,A93,A101,2,A123,22,A143,A152,1,A173,1,A191,A201,2,1,34.3,⚠️ ÉTUDE MANUELLE,GER-CLI-1228
A11,24,A32,A42,3149,A61,A72,4,A93,A101,1,A124,22,A141,A153,1,A173,1,A191,A201,1,0,51.3,❌ REFUSÉ,GER-CLI-1229
A13,36,A32,A43,4210,A61,A73,4,A93,A101,2,A123,26,A143,A152,1,A173,1,A191,A201,2,1,62.0,❌ REFUSÉ,GER-CLI-1230
A14,9,A32,A40,2507,A63,A75,2,A93,A101,4,A124,51,A143,A153,1,A172,1,A191,A201,1,0,18.6,✅ ACCORDÉ,GER-CLI-1231
A14,12,A32,A43,2141,A62,A74,3,A93,A101,1,A124,35,A143,A152,1,A173,1,A191,A201,1,0,28.5,✅ ACCORDÉ,GER-CLI-1232
A12,18,A32,A43,866,A61,A73,4,A94,A103,2,A121,25,A143,A152,1,A172,1,A191,A201,1,0,37.0,⚠️ ÉTUDE MANUELLE,GER-CLI-1233
A14,4,A34,A43,1544,A61,A74,2,A93,A101,1,A121,42,A143,A152,3,A172,2,A191,A201,1,0,17.0,✅ ACCORDÉ,GER-CLI-1234
A11,24,A32,A43,1823,A61,A71,4,A93,A101,2,A123,30,A142,A152,1,A174,2,A191,A201,2,1,42.4,⚠️ ÉTUDE MANUELLE,GER-CLI-1235
A12,6,A32,A40,14555,A65,A71,1,A93,A101,2,A122,23,A143,A152,1,A171,1,A192,A201,2,1,64.6,❌ REFUSÉ,GER-CLI-1236
A12,21,A32,A49,2767,A62,A75,4,A91,A101,2,A123,61,A141,A151,2,A172,1,A191,A201,2,1,29.4,✅ ACCORDÉ,GER-CLI-1237
A14,12,A34,A43,1291,A61,A73,4,A92,A101,2,A122,35,A143,A152,2,A173,1,A191,A201,1,0,30.0,⚠️ ÉTUDE MANUELLE,GER-CLI-1238
A11,30,A32,A43,2522,A61,A75,1,A93,A103,3,A122,39,A143,A152,1,A173,2,A191,A201,1,0,31.0,⚠️ ÉTUDE MANUELLE,GER-CLI-1239
A11,24,A32,A40,915,A65,A75,4,A92,A101,2,A123,29,A141,A152,1,A173,1,A191,A201,2,1,39.6,⚠️ ÉTUDE MANUELLE,GER-CLI-1240
A14,6,A32,A43,1595,A61,A74,3,A93,A101,2,A122,51,A143,A152,1,A173,2,A191,A201,1,0,18.2,✅ ACCORDÉ,GER-CLI-1241
A11,48,A30,A41,4605,A61,A75,3,A93,A101,4,A124,24,A143,A153,2,A173,2,A191,A201,2,1,67.9,❌ REFUSÉ,GER-CLI-1242
A14,12,A34,A49,1185,A61,A73,3,A92,A101,2,A121,27,A143,A152,2,A173,1,A191,A201,1,0,28.9,✅ ACCORDÉ,GER-CLI-1243
A14,12,A31,A48,3447,A63,A73,4,A92,A101,3,A121,35,A143,A152,1,A172,2,A191,A201,1,0,37.2,⚠️ ÉTUDE MANUELLE,GER-CLI-1244
A14,24,A32,A49,1258,A61,A74,4,A93,A101,1,A121,25,A143,A152,1,A173,1,A192,A201,1,0,42.8,⚠️ ÉTUDE MANUELLE,GER-CLI-1245
A14,12,A34,A43,717,A61,A75,4,A93,A101,4,A121,52,A143,A152,3,A173,1,A191,A201,1,0,21.9,✅ ACCORDÉ,GER-CLI-1246
A14,6,A30,A40,1204,A62,A73,4,A93,A101,1,A124,35,A141,A151,1,A173,1,A191,A202,1,0,26.1,✅ ACCORDÉ,GER-CLI-1247
A13,24,A32,A42,1925,A61,A73,2,A93,A101,2,A121,26,A143,A152,1,A173,1,A191,A201,1,0,35.2,⚠️ ÉTUDE MANUELLE,GER-CLI-1248
A14,18,A32,A43,433,A61,A71,3,A92,A102,4,A121,22,A143,A151,1,A173,1,A191,A201,2,1,32.4,⚠️ ÉTUDE MANUELLE,GER-CLI-1249
A11,6,A34,A40,666,A64,A74,3,A92,A101,4,A121,39,A143,A152,2,A172,1,A192,A201,1,0,19.8,✅ ACCORDÉ,GER-CLI-1250
A13,12,A32,A42,2251,A61,A73,1,A92,A101,2,A123,46,A143,A152,1,A172,1,A191,A201,1,0,17.9,✅ ACCORDÉ,GER-CLI-1251
A12,30,A32,A40,2150,A61,A73,4,A92,A103,2,A124,24,A141,A152,1,A173,1,A191,A201,2,1,51.1,❌ REFUSÉ,GER-CLI-1252
A14,24,A33,A42,4151,A62,A73,2,A93,A101,3,A122,35,A143,A152,2,A173,1,A191,A201,1,0,38.8,⚠️ ÉTUDE MANUELLE,GER-CLI-1253
A12,9,A32,A42,2030,A65,A74,2,A93,A101,1,A123,24,A143,A152,1,A173,1,A192,A201,1,0,26.8,✅ ACCORDÉ,GER-CLI-1254
A12,60,A33,A43,7418,A65,A73,1,A93,A101,1,A121,27,A143,A152,1,A172,1,A191,A201,1,0,74.5,❌ REFUSÉ,GER-CLI-1255
A14,24,A34,A43,2684,A61,A73,4,A93,A101,2,A121,35,A143,A152,2,A172,1,A191,A201,1,0,43.1,⚠️ ÉTUDE MANUELLE,GER-CLI-1256
A11,12,A31,A43,2149,A61,A73,4,A91,A101,1,A124,29,A143,A153,1,A173,1,A191,A201,2,1,35.5,⚠️ ÉTUDE MANUELLE,GER-CLI-1257
A14,15,A32,A41,3812,A62,A72,1,A92,A101,4,A123,23,A143,A152,1,A173,1,A192,A201,1,0,32.3,⚠️ ÉTUDE MANUELLE,GER-CLI-1258
A14,11,A34,A43,1154,A62,A71,4,A92,A101,4,A121,57,A143,A152,3,A172,1,A191,A201,1,0,20.8,✅ ACCORDÉ,GER-CLI-1259
A11,12,A32,A42,1657,A61,A73,2,A93,A101,2,A121,27,A143,A152,1,A173,1,A191,A201,1,0,26.3,✅ ACCORDÉ,GER-CLI-1260
A11,24,A32,A43,1603,A61,A75,4,A92,A101,4,A123,55,A143,A152,1,A173,1,A191,A201,1,0,30.2,⚠️ ÉTUDE MANUELLE,GER-CLI-1261
A11,18,A34,A40,5302,A61,A75,2,A93,A101,4,A124,36,A143,A153,3,A174,1,A192,A201,1,0,38.1,⚠️ ÉTUDE MANUELLE,GER-CLI-1262
A14,12,A34,A46,2748,A61,A75,2,A92,A101,4,A124,57,A141,A153,3,A172,1,A191,A201,1,0,18.7,✅ ACCORDÉ,GER-CLI-1263
A14,10,A34,A40,1231,A61,A75,3,A93,A101,4,A121,32,A143,A152,2,A172,2,A191,A202,1,0,25.8,✅ ACCORDÉ,GER-CLI-1264
A12,15,A32,A43,802,A61,A75,4,A93,A101,3,A123,37,A143,A152,1,A173,2,A191,A201,2,1,29.5,✅ ACCORDÉ,GER-CLI-1265
A14,36,A34,A49,6304,A65,A75,4,A93,A101,4,A121,36,A143,A152,2,A173,1,A191,A201,1,0,64.7,❌ REFUSÉ,GER-CLI-1266
A14,24,A32,A43,1533,A61,A72,4,A92,A101,3,A123,38,A142,A152,1,A173,1,A192,A201,1,0,37.5,⚠️ ÉTUDE MANUELLE,GER-CLI-1267
A11,14,A32,A40,8978,A61,A75,1,A91,A101,4,A122,45,A143,A152,1,A174,1,A192,A202,2,1,39.3,⚠️ ÉTUDE MANUELLE,GER-CLI-1268
A14,24,A32,A43,999,A65,A75,4,A93,A101,2,A123,25,A143,A152,2,A173,1,A191,A201,1,0,41.8,⚠️ ÉTUDE MANUELLE,GER-CLI-1269
A14,18,A32,A40,2662,A65,A74,4,A93,A101,3,A122,32,A143,A152,1,A173,1,A191,A202,1,0,40.1,⚠️ ÉTUDE MANUELLE,GER-CLI-1270
A14,12,A34,A42,1402,A63,A74,3,A92,A101,4,A123,37,A143,A151,1,A173,1,A192,A201,1,0,25.5,✅ ACCORDÉ,GER-CLI-1271
A12,48,A31,A40,12169,A65,A71,4,A93,A102,4,A124,36,A143,A153,1,A174,1,A192,A201,1,0,86.4,❌ REFUSÉ,GER-CLI-1272
A12,48,A32,A43,3060,A61,A74,4,A93,A101,4,A121,28,A143,A152,2,A173,1,A191,A201,2,1,65.5,❌ REFUSÉ,GER-CLI-1273
A11,30,A32,A45,11998,A61,A72,1,A91,A101,1,A124,34,A143,A152,1,A172,1,A192,A201,2,1,67.3,❌ REFUSÉ,GER-CLI-1274
A14,9,A32,A43,2697,A61,A73,1,A93,A101,2,A121,32,A143,A152,1,A173,2,A191,A201,1,0,22.0,✅ ACCORDÉ,GER-CLI-1275
A14,18,A34,A43,2404,A61,A73,2,A92,A101,2,A123,26,A143,A152,2,A173,1,A191,A201,1,0,32.8,⚠️ ÉTUDE MANUELLE,GER-CLI-1276
A11,12,A32,A42,1262,A65,A75,2,A91,A101,4,A122,49,A143,A152,1,A172,1,A192,A201,1,0,17.8,✅ ACCORDÉ,GER-CLI-1277
A14,6,A32,A42,4611,A61,A72,1,A92,A101,4,A122,32,A143,A152,1,A173,1,A191,A201,2,1,25.6,✅ ACCORDÉ,GER-CLI-1278
A14,24,A32,A43,1901,A62,A73,4,A93,A101,4,A123,29,A143,A151,1,A174,1,A192,A201,1,0,43.2,⚠️ ÉTUDE MANUELLE,GER-CLI-1279
A14,15,A34,A41,3368,A64,A75,3,A93,A101,4,A124,23,A143,A151,2,A173,1,A192,A201,1,0,40.0,⚠️ ÉTUDE MANUELLE,GER-CLI-1280
A14,12,A32,A42,1574,A61,A73,4,A93,A101,2,A121,50,A143,A152,1,A173,1,A191,A201,1,0,24.9,✅ ACCORDÉ,GER-CLI-1281
A13,18,A31,A43,1445,A65,A74,4,A93,A101,4,A123,49,A141,A152,1,A172,1,A191,A201,1,0,28.4,✅ ACCORDÉ,GER-CLI-1282
A14,15,A34,A42,1520,A65,A75,4,A93,A101,4,A122,63,A143,A152,1,A173,1,A191,A201,1,0,21.7,✅ ACCORDÉ,GER-CLI-1283
A12,24,A34,A40,3878,A62,A72,4,A91,A101,2,A123,37,A143,A152,1,A173,1,A192,A201,1,0,46.5,⚠️ ÉTUDE MANUELLE,GER-CLI-1284
A11,47,A32,A40,10722,A61,A72,1,A92,A101,1,A121,35,A143,A152,1,A172,1,A192,A201,1,0,73.5,❌ REFUSÉ,GER-CLI-1285
A11,48,A32,A41,4788,A61,A74,4,A93,A101,3,A122,26,A143,A152,1,A173,2,A191,A201,1,0,71.9,❌ REFUSÉ,GER-CLI-1286
A12,48,A33,A410,7582,A62,A71,2,A93,A101,4,A124,31,A143,A153,1,A174,1,A192,A201,1,0,70.2,❌ REFUSÉ,GER-CLI-1287
A12,12,A32,A43,1092,A61,A73,4,A92,A103,4,A121,49,A143,A152,2,A173,1,A192,A201,1,0,23.9,✅ ACCORDÉ,GER-CLI-1288
A11,24,A33,A43,1024,A61,A72,4,A94,A101,4,A121,48,A142,A152,1,A173,1,A191,A201,2,1,31.3,⚠️ ÉTUDE MANUELLE,GER-CLI-1289
A14,12,A32,A49,1076,A61,A73,2,A94,A101,2,A121,26,A143,A152,1,A173,1,A192,A202,1,0,25.0,✅ ACCORDÉ,GER-CLI-1290
A12,36,A32,A41,9398,A61,A72,1,A94,A101,4,A123,28,A143,A151,1,A174,1,A192,A201,2,1,65.2,❌ REFUSÉ,GER-CLI-1291
A11,24,A34,A41,6419,A61,A75,2,A92,A101,4,A124,44,A143,A153,2,A174,2,A192,A201,1,0,42.6,⚠️ ÉTUDE MANUELLE,GER-CLI-1292
A13,42,A34,A41,4796,A61,A75,4,A93,A101,4,A124,56,A143,A153,1,A173,1,A191,A201,1,0,54.0,❌ REFUSÉ,GER-CLI-1293
A14,48,A34,A49,7629,A65,A75,4,A91,A101,2,A123,46,A141,A152,2,A174,2,A191,A201,1,0,72.4,❌ REFUSÉ,GER-CLI-1294
A12,48,A32,A42,9960,A61,A72,1,A92,A101,2,A123,26,A143,A152,1,A173,1,A192,A201,2,1,75.3,❌ REFUSÉ,GER-CLI-1295
A14,12,A32,A41,4675,A65,A72,1,A92,A101,4,A123,20,A143,A151,1,A173,1,A191,A201,1,0,34.6,⚠️ ÉTUDE MANUELLE,GER-CLI-1296
A14,10,A32,A40,1287,A65,A75,4,A93,A102,2,A122,45,A143,A152,1,A172,1,A191,A202,1,0,24.8,✅ ACCORDÉ,GER-CLI-1297
A14,18,A32,A42,2515,A61,A73,3,A93,A101,4,A121,43,A143,A152,1,A173,1,A192,A201,1,0,30.1,⚠️ ÉTUDE MANUELLE,GER-CLI-1298
A12,21,A34,A42,2745,A64,A74,3,A93,A101,2,A123,32,A143,A152,2,A173,1,A192,A201,1,0,37.8,⚠️ ÉTUDE MANUELLE,GER-CLI-1299
A14,6,A32,A40,672,A61,A71,1,A92,A101,4,A121,54,A143,A152,1,A171,1,A192,A201,1,0,10.9,✅ ACCORDÉ,GER-CLI-1300
A12,36,A30,A43,3804,A61,A73,4,A92,A101,1,A123,42,A143,A152,1,A173,1,A192,A201,2,1,52.8,❌ REFUSÉ,GER-CLI-1301
A13,24,A34,A40,1344,A65,A74,4,A93,A101,2,A121,37,A141,A152,2,A172,2,A191,A201,2,1,37.3,⚠️ ÉTUDE MANUELLE,GER-CLI-1302
A11,10,A34,A40,1038,A61,A74,4,A93,A102,3,A122,49,A143,A152,2,A173,1,A192,A201,1,0,22.7,✅ ACCORDÉ,GER-CLI-1303
A14,48,A34,A40,10127,A63,A73,2,A93,A101,2,A124,44,A141,A153,1,A173,1,A191,A201,2,1,72.7,❌ REFUSÉ,GER-CLI-1304
A14,6,A32,A42,1543,A64,A73,4,A91,A101,2,A121,33,A143,A152,1,A173,1,A191,A201,1,0,27.9,✅ ACCORDÉ,GER-CLI-1305
A14,30,A32,A41,4811,A65,A74,2,A92,A101,4,A122,24,A142,A151,1,A172,1,A191,A201,1,0,51.0,❌ REFUSÉ,GER-CLI-1306
A11,12,A32,A43,727,A62,A72,4,A94,A101,3,A124,33,A143,A152,1,A172,1,A192,A201,2,1,29.1,✅ ACCORDÉ,GER-CLI-1307
A12,8,A32,A42,1237,A61,A73,3,A92,A101,4,A121,24,A143,A152,1,A173,1,A191,A201,2,1,27.8,✅ ACCORDÉ,GER-CLI-1308
A12,9,A32,A40,276,A61,A73,4,A94,A101,4,A121,22,A143,A151,1,A172,1,A191,A201,1,0,30.4,⚠️ ÉTUDE MANUELLE,GER-CLI-1309
A12,48,A32,A410,5381,A65,A71,3,A93,A101,4,A124,40,A141,A153,1,A171,1,A192,A201,1,0,63.3,❌ REFUSÉ,GER-CLI-1310
A14,24,A32,A42,5511,A62,A73,4,A93,A101,1,A123,25,A142,A152,1,A173,1,A191,A201,1,0,58.6,❌ REFUSÉ,GER-CLI-1311
A13,24,A32,A42,3749,A61,A72,2,A92,A101,4,A123,26,A143,A152,1,A173,1,A191,A201,1,0,41.6,⚠️ ÉTUDE MANUELLE,GER-CLI-1312
A12,12,A32,A40,685,A61,A74,2,A94,A101,3,A123,25,A141,A152,1,A172,1,A191,A201,2,1,24.3,✅ ACCORDÉ,GER-CLI-1313
A13,4,A32,A40,1494,A65,A72,1,A93,A101,2,A121,29,A143,A152,1,A172,2,A191,A202,1,0,17.7,✅ ACCORDÉ,GER-CLI-1314
A11,36,A31,A42,2746,A61,A75,4,A93,A101,4,A123,31,A141,A152,1,A173,1,A191,A201,2,1,54.3,❌ REFUSÉ,GER-CLI-1315
A11,12,A32,A42,708,A61,A73,2,A93,A103,3,A122,38,A143,A152,1,A172,2,A191,A201,1,0,19.9,✅ ACCORDÉ,GER-CLI-1316
A12,24,A32,A42,4351,A65,A73,1,A92,A101,4,A122,48,A143,A152,1,A172,1,A192,A201,1,0,29.2,✅ ACCORDÉ,GER-CLI-1317
A14,12,A34,A46,701,A61,A73,4,A93,A101,2,A123,32,A143,A152,2,A173,1,A191,A201,1,0,29.4,✅ ACCORDÉ,GER-CLI-1318
A11,15,A33,A42,3643,A61,A75,1,A92,A101,4,A122,27,A143,A152,2,A172,1,A191,A201,1,0,30.1,⚠️ ÉTUDE MANUELLE,GER-CLI-1319
A12,30,A34,A40,4249,A61,A71,4,A94,A101,2,A123,28,A143,A152,2,A174,1,A191,A201,2,1,56.9,❌ REFUSÉ,GER-CLI-1320
A11,24,A32,A43,1938,A61,A72,4,A91,A101,3,A122,32,A143,A152,1,A173,1,A191,A201,2,1,41.8,⚠️ ÉTUDE MANUELLE,GER-CLI-1321
A11,24,A32,A41,2910,A61,A74,2,A93,A101,1,A124,34,A143,A153,1,A174,1,A192,A201,1,0,34.9,⚠️ ÉTUDE MANUELLE,GER-CLI-1322
A11,18,A32,A42,2659,A64,A73,4,A93,A101,2,A123,28,A143,A152,1,A173,1,A191,A201,1,0,42.0,⚠️ ÉTUDE MANUELLE,GER-CLI-1323
A14,18,A34,A40,1028,A61,A73,4,A92,A101,3,A121,36,A143,A152,2,A173,1,A191,A201,1,0,32.6,⚠️ ÉTUDE MANUELLE,GER-CLI-1324
A11,8,A34,A40,3398,A61,A74,1,A93,A101,4,A121,39,A143,A152,2,A172,1,A191,A202,1,0,20.9,✅ ACCORDÉ,GER-CLI-1325
A14,12,A34,A42,5801,A65,A75,2,A93,A101,4,A122,49,A143,A151,1,A173,1,A192,A201,1,0,29.9,✅ ACCORDÉ,GER-CLI-1326
A14,24,A32,A40,1525,A64,A74,4,A92,A101,3,A123,34,A143,A152,1,A173,2,A192,A201,1,0,39.4,⚠️ ÉTUDE MANUELLE,GER-CLI-1327
A13,36,A32,A43,4473,A61,A75,4,A93,A101,2,A123,31,A143,A152,1,A173,1,A191,A201,1,0,60.6,❌ REFUSÉ,GER-CLI-1328
A12,6,A32,A43,1068,A61,A75,4,A93,A101,4,A123,28,A143,A152,1,A173,2,A191,A201,1,0,28.5,✅ ACCORDÉ,GER-CLI-1329
A11,24,A34,A41,6615,A61,A71,2,A93,A101,4,A124,75,A143,A153,2,A174,1,A192,A201,1,0,29.2,✅ ACCORDÉ,GER-CLI-1330
A14,18,A34,A46,1864,A62,A73,4,A92,A101,2,A121,30,A143,A152,2,A173,1,A191,A201,2,1,38.2,⚠️ ÉTUDE MANUELLE,GER-CLI-1331
A12,60,A32,A40,7408,A62,A72,4,A92,A101,2,A122,24,A143,A152,1,A174,1,A191,A201,2,1,85.0,❌ REFUSÉ,GER-CLI-1332
A14,48,A34,A41,11590,A62,A73,2,A92,A101,4,A123,24,A141,A151,2,A172,1,A191,A201,2,1,83.2,❌ REFUSÉ,GER-CLI-1333
A11,24,A30,A42,4110,A61,A75,3,A93,A101,4,A124,23,A141,A151,2,A173,2,A191,A201,2,1,49.4,⚠️ ÉTUDE MANUELLE,GER-CLI-1334
A11,6,A34,A42,3384,A61,A73,1,A91,A101,4,A121,44,A143,A151,1,A174,1,A192,A201,2,1,18.4,✅ ACCORDÉ,GER-CLI-1335
A12,13,A32,A43,2101,A61,A72,2,A92,A103,4,A122,23,A143,A152,1,A172,1,A191,A201,1,0,29.8,✅ ACCORDÉ,GER-CLI-1336
A11,15,A32,A44,1275,A65,A73,4,A92,A101,2,A123,24,A143,A151,1,A173,1,A191,A201,2,1,36.8,⚠️ ÉTUDE MANUELLE,GER-CLI-1337
A11,24,A32,A42,4169,A61,A73,4,A93,A101,4,A122,28,A143,A152,1,A173,1,A191,A201,1,0,52.1,❌ REFUSÉ,GER-CLI-1338
A12,10,A32,A42,1521,A61,A73,4,A91,A101,2,A123,31,A143,A152,1,A172,1,A191,A201,1,0,31.2,⚠️ ÉTUDE MANUELLE,GER-CLI-1339
A12,24,A34,A46,5743,A61,A72,2,A92,A101,4,A124,24,A143,A153,2,A173,1,A192,A201,1,0,50.0,❌ REFUSÉ,GER-CLI-1340
A11,21,A32,A42,3599,A61,A74,1,A92,A101,4,A123,26,A143,A151,1,A172,1,A191,A201,1,0,34.3,⚠️ ÉTUDE MANUELLE,GER-CLI-1341
A12,18,A32,A43,3213,A63,A72,1,A94,A101,3,A121,25,A143,A151,1,A173,1,A191,A201,1,0,31.5,⚠️ ÉTUDE MANUELLE,GER-CLI-1342
A12,18,A32,A49,4439,A61,A75,1,A93,A102,1,A121,33,A141,A152,1,A174,1,A192,A201,1,0,32.0,⚠️ ÉTUDE MANUELLE,GER-CLI-1343
A13,10,A32,A40,3949,A61,A72,1,A93,A103,1,A122,37,A143,A152,1,A172,2,A191,A201,1,0,24.1,✅ ACCORDÉ,GER-CLI-1344
A14,15,A34,A43,1459,A61,A73,4,A92,A101,2,A123,43,A143,A152,1,A172,1,A191,A201,1,0,29.1,✅ ACCORDÉ,GER-CLI-1345
A12,13,A34,A43,882,A61,A72,4,A93,A103,4,A121,23,A143,A152,2,A173,1,A191,A201,1,0,34.6,⚠️ ÉTUDE MANUELLE,GER-CLI-1346
A12,24,A32,A43,3758,A63,A71,1,A92,A101,4,A124,23,A143,A151,1,A171,1,A191,A201,1,0,38.3,⚠️ ÉTUDE MANUELLE,GER-CLI-1347
A14,6,A33,A49,1743,A62,A73,1,A93,A101,2,A121,34,A143,A152,2,A172,1,A191,A201,1,0,17.7,✅ ACCORDÉ,GER-CLI-1348
A12,9,A34,A46,1136,A64,A75,4,A93,A101,3,A124,32,A143,A153,2,A173,2,A191,A201,2,1,28.9,✅ ACCORDÉ,GER-CLI-1349
A14,9,A32,A44,1236,A61,A72,1,A92,A101,4,A121,23,A143,A151,1,A173,1,A192,A201,1,0,21.3,✅ ACCORDÉ,GER-CLI-1350
A12,9,A32,A42,959,A61,A73,1,A92,A101,2,A123,29,A143,A152,1,A173,1,A191,A202,2,1,18.8,✅ ACCORDÉ,GER-CLI-1351
A14,18,A34,A41,3229,A65,A71,2,A93,A101,4,A124,38,A143,A152,1,A174,1,A192,A201,1,0,30.2,⚠️ ÉTUDE MANUELLE,GER-CLI-1352
A11,12,A30,A43,6199,A61,A73,4,A93,A101,2,A122,28,A143,A151,2,A173,1,A192,A201,2,1,50.7,❌ REFUSÉ,GER-CLI-1353
A14,10,A32,A46,727,A63,A75,4,A93,A101,4,A124,46,A143,A153,1,A173,1,A192,A201,1,0,23.0,✅ ACCORDÉ,GER-CLI-1354
A12,24,A32,A40,1246,A61,A72,4,A93,A101,2,A121,23,A142,A152,1,A172,1,A191,A201,2,1,43.7,⚠️ ÉTUDE MANUELLE,GER-CLI-1355
A14,12,A34,A43,2331,A65,A75,1,A93,A102,4,A121,49,A143,A152,1,A173,1,A192,A201,1,0,17.2,✅ ACCORDÉ,GER-CLI-1356
A14,36,A33,A43,4463,A61,A73,4,A93,A101,2,A123,26,A143,A152,2,A174,1,A192,A201,2,1,62.9,❌ REFUSÉ,GER-CLI-1357
A14,12,A32,A43,776,A61,A73,4,A94,A101,2,A121,28,A143,A152,1,A173,1,A191,A201,1,0,31.4,⚠️ ÉTUDE MANUELLE,GER-CLI-1358
A11,30,A32,A42,2406,A61,A74,4,A92,A101,4,A121,23,A143,A151,1,A173,1,A191,A201,2,1,52.5,❌ REFUSÉ,GER-CLI-1359
A12,18,A32,A46,1239,A65,A73,4,A93,A101,4,A124,61,A143,A153,1,A173,1,A191,A201,1,0,23.3,✅ ACCORDÉ,GER-CLI-1360
A13,12,A32,A43,3399,A65,A75,2,A93,A101,3,A123,37,A143,A152,1,A174,1,A191,A201,1,0,27.5,✅ ACCORDÉ,GER-CLI-1361
A13,12,A33,A40,2247,A61,A73,2,A92,A101,2,A123,36,A142,A152,2,A173,1,A192,A201,1,0,24.5,✅ ACCORDÉ,GER-CLI-1362
A14,6,A32,A42,1766,A61,A73,1,A94,A101,2,A122,21,A143,A151,1,A173,1,A191,A201,1,0,21.8,✅ ACCORDÉ,GER-CLI-1363
A11,18,A32,A42,2473,A61,A71,4,A93,A101,1,A123,25,A143,A152,1,A171,1,A191,A201,2,1,42.8,⚠️ ÉTUDE MANUELLE,GER-CLI-1364
A14,12,A32,A49,1542,A61,A74,2,A93,A101,4,A123,36,A143,A152,1,A173,1,A192,A201,1,0,22.6,✅ ACCORDÉ,GER-CLI-1365
A14,18,A34,A41,3850,A61,A74,3,A93,A101,1,A123,27,A143,A152,2,A173,1,A191,A201,1,0,42.0,⚠️ ÉTUDE MANUELLE,GER-CLI-1366
A11,18,A32,A42,3650,A61,A72,1,A92,A101,4,A123,22,A143,A151,1,A173,1,A191,A201,1,0,34.2,⚠️ ÉTUDE MANUELLE,GER-CLI-1367
A11,36,A32,A42,3446,A61,A75,4,A93,A101,2,A123,42,A143,A152,1,A173,2,A191,A201,2,1,51.4,❌ REFUSÉ,GER-CLI-1368
A12,18,A32,A42,3001,A61,A74,2,A92,A101,4,A121,40,A143,A151,1,A173,1,A191,A201,1,0,28.7,✅ ACCORDÉ,GER-CLI-1369
A14,36,A32,A40,3079,A65,A73,4,A93,A101,4,A121,36,A143,A152,1,A173,1,A191,A201,1,0,53.0,❌ REFUSÉ,GER-CLI-1370
A14,18,A34,A43,6070,A61,A75,3,A93,A101,4,A123,33,A143,A152,2,A173,1,A192,A201,1,0,47.3,⚠️ ÉTUDE MANUELLE,GER-CLI-1371
A14,10,A34,A42,2146,A61,A72,1,A92,A101,3,A121,23,A143,A151,2,A173,1,A191,A201,1,0,24.3,✅ ACCORDÉ,GER-CLI-1372
A14,60,A34,A40,13756,A65,A75,2,A93,A101,4,A124,63,A141,A153,1,A174,1,A192,A201,1,0,81.8,❌ REFUSÉ,GER-CLI-1373
A12,60,A31,A410,14782,A62,A75,3,A92,A101,4,A124,60,A141,A153,2,A174,1,A192,A201,2,1,87.2,❌ REFUSÉ,GER-CLI-1374
A11,48,A31,A49,7685,A61,A74,2,A92,A103,4,A123,37,A143,A151,1,A173,1,A191,A201,2,1,68.0,❌ REFUSÉ,GER-CLI-1375
A14,18,A33,A43,2320,A61,A71,2,A94,A101,3,A121,34,A143,A152,2,A173,1,A191,A201,1,0,29.1,✅ ACCORDÉ,GER-CLI-1376
A14,7,A33,A43,846,A65,A75,3,A93,A101,4,A124,36,A143,A153,1,A173,1,A191,A201,1,0,21.7,✅ ACCORDÉ,GER-CLI-1377
A12,36,A32,A40,14318,A61,A75,4,A93,A101,2,A124,57,A143,A153,1,A174,1,A192,A201,2,1,80.0,❌ REFUSÉ,GER-CLI-1378
A14,6,A34,A40,362,A62,A73,4,A92,A101,4,A123,52,A143,A152,2,A172,1,A191,A201,1,0,18.2,✅ ACCORDÉ,GER-CLI-1379
A11,20,A32,A42,2212,A65,A74,4,A93,A101,4,A123,39,A143,A152,1,A173,1,A192,A201,1,0,36.6,⚠️ ÉTUDE MANUELLE,GER-CLI-1380
A12,18,A32,A41,12976,A61,A71,3,A92,A101,4,A124,38,A143,A153,1,A174,1,A192,A201,2,1,69.6,❌ REFUSÉ,GER-CLI-1381
A14,22,A32,A40,1283,A65,A74,4,A92,A101,4,A122,25,A143,A151,1,A173,1,A191,A201,1,0,41.4,⚠️ ÉTUDE MANUELLE,GER-CLI-1382
A13,12,A32,A40,1330,A61,A72,4,A93,A101,1,A121,26,A143,A152,1,A173,1,A191,A201,1,0,34.1,⚠️ ÉTUDE MANUELLE,GER-CLI-1383
A14,30,A33,A49,4272,A62,A73,2,A93,A101,2,A122,26,A143,A152,2,A172,1,A191,A201,1,0,48.0,⚠️ ÉTUDE MANUELLE,GER-CLI-1384
A14,18,A34,A43,2238,A61,A73,2,A92,A101,1,A123,25,A143,A152,2,A173,1,A191,A201,1,0,32.6,⚠️ ÉTUDE MANUELLE,GER-CLI-1385
A14,18,A32,A43,1126,A65,A72,4,A92,A101,2,A121,21,A143,A151,1,A173,1,A192,A201,1,0,39.9,⚠️ ÉTUDE MANUELLE,GER-CLI-1386
A12,18,A34,A42,7374,A61,A71,4,A93,A101,4,A122,40,A142,A152,2,A174,1,A192,A201,1,0,53.6,❌ REFUSÉ,GER-CLI-1387
A12,15,A34,A49,2326,A63,A73,2,A93,A101,4,A123,27,A141,A152,1,A173,1,A191,A201,1,0,30.1,⚠️ ÉTUDE MANUELLE,GER-CLI-1388
A14,9,A32,A49,1449,A61,A74,3,A92,A101,2,A123,27,A143,A152,2,A173,1,A191,A201,1,0,27.8,✅ ACCORDÉ,GER-CLI-1389
A14,18,A32,A40,1820,A61,A73,2,A94,A101,2,A122,30,A143,A152,1,A174,1,A192,A201,1,0,29.2,✅ ACCORDÉ,GER-CLI-1390
A12,12,A32,A42,983,A64,A72,1,A92,A101,4,A121,19,A143,A151,1,A172,1,A191,A201,1,0,23.6,✅ ACCORDÉ,GER-CLI-1391
A11,36,A32,A40,3249,A61,A74,2,A93,A101,4,A124,39,A141,A153,1,A174,2,A192,A201,1,0,42.2,⚠️ ÉTUDE MANUELLE,GER-CLI-1392
A11,6,A34,A43,1957,A61,A74,1,A92,A101,4,A123,31,A143,A152,1,A173,1,A191,A201,1,0,19.1,✅ ACCORDÉ,GER-CLI-1393
A14,9,A34,A42,2406,A61,A71,2,A93,A101,3,A123,31,A143,A152,1,A174,1,A191,A201,1,0,25.2,✅ ACCORDÉ,GER-CLI-1394
A12,39,A33,A46,11760,A62,A74,2,A93,A101,3,A124,32,A143,A151,1,A173,1,A192,A201,1,0,76.7,❌ REFUSÉ,GER-CLI-1395
A11,12,A32,A42,2578,A61,A71,3,A92,A101,4,A124,55,A143,A153,1,A174,1,A191,A201,1,0,22.2,✅ ACCORDÉ,GER-CLI-1396
A11,36,A34,A42,2348,A61,A73,3,A94,A101,2,A122,46,A143,A152,2,A173,1,A192,A201,1,0,40.4,⚠️ ÉTUDE MANUELLE,GER-CLI-1397
A12,12,A32,A40,1223,A61,A75,1,A91,A101,1,A121,46,A143,A151,2,A173,1,A191,A201,2,1,15.8,✅ ACCORDÉ,GER-CLI-1398
A14,24,A34,A43,1516,A64,A73,4,A92,A101,1,A121,43,A143,A152,2,A172,1,A191,A201,1,0,35.1,⚠️ ÉTUDE MANUELLE,GER-CLI-1399
A14,18,A32,A43,1473,A61,A72,3,A94,A101,4,A121,39,A143,A152,1,A173,1,A192,A201,1,0,28.5,✅ ACCORDÉ,GER-CLI-1400
A12,18,A34,A49,1887,A65,A73,4,A94,A101,4,A121,28,A141,A152,2,A173,1,A191,A201,1,0,39.2,⚠️ ÉTUDE MANUELLE,GER-CLI-1401
A14,24,A33,A49,8648,A61,A72,2,A93,A101,2,A123,27,A141,A152,2,A173,1,A192,A201,2,1,59.3,❌ REFUSÉ,GER-CLI-1402
A14,14,A33,A40,802,A61,A73,4,A93,A101,2,A123,27,A143,A152,2,A172,1,A191,A201,1,0,33.2,⚠️ ÉTUDE MANUELLE,GER-CLI-1403
A12,18,A33,A40,2899,A65,A75,4,A93,A101,4,A123,43,A143,A152,1,A173,2,A191,A201,1,0,35.8,⚠️ ÉTUDE MANUELLE,GER-CLI-1404
A12,24,A32,A43,2039,A61,A72,1,A94,A101,1,A122,22,A143,A152,1,A173,1,A192,A201,2,1,32.9,⚠️ ÉTUDE MANUELLE,GER-CLI-1405
A14,24,A34,A41,2197,A65,A74,4,A93,A101,4,A123,43,A143,A152,2,A173,2,A192,A201,1,0,37.5,⚠️ ÉTUDE MANUELLE,GER-CLI-1406
A11,15,A32,A43,1053,A61,A72,4,A94,A101,2,A121,27,A143,A152,1,A173,1,A191,A202,1,0,34.7,⚠️ ÉTUDE MANUELLE,GER-CLI-1407
A14,24,A32,A43,3235,A63,A75,3,A91,A101,2,A123,26,A143,A152,1,A174,1,A192,A201,1,0,44.7,⚠️ ÉTUDE MANUELLE,GER-CLI-1408
A13,12,A34,A40,939,A63,A74,4,A94,A101,2,A121,28,A143,A152,3,A173,1,A192,A201,2,1,31.9,⚠️ ÉTUDE MANUELLE,GER-CLI-1409
A12,24,A32,A43,1967,A61,A75,4,A92,A101,4,A123,20,A143,A152,1,A173,1,A192,A201,1,0,47.9,⚠️ ÉTUDE MANUELLE,GER-CLI-1410
A14,33,A34,A41,7253,A61,A74,3,A93,A101,2,A123,35,A143,A152,2,A174,1,A192,A201,1,0,61.7,❌ REFUSÉ,GER-CLI-1411
A14,12,A34,A49,2292,A61,A71,4,A93,A101,2,A123,42,A142,A152,2,A174,1,A192,A201,2,1,30.2,⚠️ ÉTUDE MANUELLE,GER-CLI-1412
A14,10,A32,A40,1597,A63,A73,3,A93,A101,2,A124,40,A143,A151,1,A172,2,A191,A202,1,0,23.9,✅ ACCORDÉ,GER-CLI-1413
A11,24,A32,A40,1381,A65,A73,4,A92,A101,2,A122,35,A143,A152,1,A173,1,A191,A201,2,1,38.4,⚠️ ÉTUDE MANUELLE,GER-CLI-1414
A14,36,A34,A41,5842,A61,A75,2,A93,A101,2,A122,35,A143,A152,2,A173,2,A192,A201,1,0,53.9,❌ REFUSÉ,GER-CLI-1415
A11,12,A32,A40,2579,A61,A72,4,A93,A101,1,A121,33,A143,A152,1,A172,2,A191,A201,2,1,35.1,⚠️ ÉTUDE MANUELLE,GER-CLI-1416
A11,18,A33,A46,8471,A65,A73,1,A92,A101,2,A123,23,A143,A151,2,A173,1,A192,A201,1,0,51.3,❌ REFUSÉ,GER-CLI-1417
A14,21,A32,A40,2782,A63,A74,1,A92,A101,2,A123,31,A141,A152,1,A174,1,A191,A201,1,0,29.5,✅ ACCORDÉ,GER-CLI-1418
A12,18,A32,A40,1042,A65,A73,4,A92,A101,2,A122,33,A143,A152,1,A173,1,A191,A201,2,1,34.0,⚠️ ÉTUDE MANUELLE,GER-CLI-1419
A14,15,A32,A40,3186,A64,A74,2,A92,A101,3,A123,20,A143,A151,1,A173,1,A191,A201,1,0,36.1,⚠️ ÉTUDE MANUELLE,GER-CLI-1420
A12,12,A32,A41,2028,A65,A73,4,A93,A101,2,A123,30,A143,A152,1,A173,1,A191,A201,1,0,34.6,⚠️ ÉTUDE MANUELLE,GER-CLI-1421
A12,12,A34,A40,958,A61,A74,2,A93,A101,3,A121,47,A143,A152,2,A172,2,A191,A201,1,0,17.7,✅ ACCORDÉ,GER-CLI-1422
A14,21,A33,A42,1591,A62,A74,4,A93,A101,3,A121,34,A143,A152,2,A174,1,A191,A201,1,0,37.5,⚠️ ÉTUDE MANUELLE,GER-CLI-1423
A12,12,A32,A42,2762,A65,A75,1,A92,A101,2,A122,25,A141,A152,1,A173,1,A192,A201,2,1,26.4,✅ ACCORDÉ,GER-CLI-1424
A12,18,A32,A41,2779,A61,A73,1,A94,A101,3,A123,21,A143,A151,1,A173,1,A192,A201,1,0,31.8,⚠️ ÉTUDE MANUELLE,GER-CLI-1425
A14,28,A34,A43,2743,A61,A75,4,A93,A101,2,A123,29,A143,A152,2,A173,1,A191,A201,1,0,49.3,⚠️ ÉTUDE MANUELLE,GER-CLI-1426
A14,18,A34,A43,1149,A64,A73,4,A93,A101,3,A121,46,A143,A152,2,A173,1,A191,A201,1,0,28.7,✅ ACCORDÉ,GER-CLI-1427
A14,9,A32,A42,1313,A61,A75,1,A93,A101,4,A123,20,A143,A152,1,A173,1,A191,A201,1,0,22.6,✅ ACCORDÉ,GER-CLI-1428
A11,18,A34,A45,1190,A61,A71,2,A92,A101,4,A124,55,A143,A153,3,A171,2,A191,A201,2,1,18.5,✅ ACCORDÉ,GER-CLI-1429
A14,5,A32,A49,3448,A61,A74,1,A93,A101,4,A121,74,A143,A152,1,A172,1,A191,A201,1,0,10.8,✅ ACCORDÉ,GER-CLI-1430
A12,24,A32,A410,11328,A61,A73,2,A93,A102,3,A123,29,A141,A152,2,A174,1,A192,A201,2,1,67.7,❌ REFUSÉ,GER-CLI-1431
A11,6,A34,A42,1872,A61,A71,4,A93,A101,4,A124,36,A143,A153,3,A174,1,A192,A201,1,0,27.7,✅ ACCORDÉ,GER-CLI-1432
A14,24,A34,A45,2058,A61,A73,4,A91,A101,2,A121,33,A143,A152,2,A173,1,A192,A201,1,0,41.8,⚠️ ÉTUDE MANUELLE,GER-CLI-1433
A11,9,A32,A42,2136,A61,A73,3,A93,A101,2,A121,25,A143,A152,1,A173,1,A191,A201,1,0,30.8,⚠️ ÉTUDE MANUELLE,GER-CLI-1434
A12,12,A32,A43,1484,A65,A73,2,A94,A101,1,A121,25,A143,A152,1,A173,1,A192,A201,2,1,26.6,✅ ACCORDÉ,GER-CLI-1435
A14,6,A32,A45,660,A63,A74,2,A94,A101,4,A121,23,A143,A151,1,A172,1,A191,A201,1,0,21.7,✅ ACCORDÉ,GER-CLI-1436
A14,24,A34,A40,1287,A64,A75,4,A92,A101,4,A121,37,A143,A152,2,A173,1,A192,A201,1,0,37.1,⚠️ ÉTUDE MANUELLE,GER-CLI-1437
A11,42,A34,A45,3394,A61,A71,4,A93,A102,4,A123,65,A143,A152,2,A171,1,A191,A201,1,0,44.3,⚠️ ÉTUDE MANUELLE,GER-CLI-1438
A13,12,A31,A49,609,A61,A72,4,A92,A101,1,A121,26,A143,A152,1,A171,1,A191,A201,2,1,31.7,⚠️ ÉTUDE MANUELLE,GER-CLI-1439
A14,12,A32,A40,1884,A61,A75,4,A93,A101,4,A123,39,A143,A152,1,A174,1,A192,A201,1,0,30.2,⚠️ ÉTUDE MANUELLE,GER-CLI-1440
A11,12,A32,A42,1620,A61,A73,2,A92,A102,3,A122,30,A143,A152,1,A173,1,A191,A201,1,0,25.0,✅ ACCORDÉ,GER-CLI-1441
A12,20,A33,A410,2629,A61,A73,2,A93,A101,3,A123,29,A141,A152,2,A173,1,A192,A201,1,0,33.5,⚠️ ÉTUDE MANUELLE,GER-CLI-1442
A14,12,A32,A46,719,A61,A75,4,A93,A101,4,A123,41,A141,A152,1,A172,2,A191,A201,2,1,25.9,✅ ACCORDÉ,GER-CLI-1443
A12,48,A34,A42,5096,A61,A73,2,A92,A101,3,A123,30,A143,A152,1,A174,1,A192,A201,2,1,62.3,❌ REFUSÉ,GER-CLI-1444
A14,9,A34,A46,1244,A65,A75,4,A92,A101,4,A122,41,A143,A151,2,A172,1,A191,A201,1,0,25.7,✅ ACCORDÉ,GER-CLI-1445
A11,36,A32,A40,1842,A61,A72,4,A92,A101,4,A123,34,A143,A152,1,A173,1,A192,A201,2,1,49.4,⚠️ ÉTUDE MANUELLE,GER-CLI-1446
A12,7,A32,A43,2576,A61,A73,2,A93,A103,2,A121,35,A143,A152,1,A173,1,A191,A201,1,0,23.1,✅ ACCORDÉ,GER-CLI-1447
A13,12,A32,A42,1424,A65,A75,3,A92,A101,4,A121,55,A143,A152,1,A174,1,A192,A201,1,0,19.4,✅ ACCORDÉ,GER-CLI-1448
A12,15,A33,A45,1512,A64,A73,3,A94,A101,3,A122,61,A142,A152,2,A173,1,A191,A201,2,1,19.1,✅ ACCORDÉ,GER-CLI-1449
A14,36,A34,A41,11054,A65,A73,4,A93,A101,2,A123,30,A143,A152,1,A174,1,A192,A201,1,0,80.8,❌ REFUSÉ,GER-CLI-1450
A14,6,A32,A43,518,A61,A73,3,A92,A101,1,A121,29,A143,A152,1,A173,1,A191,A201,1,0,22.8,✅ ACCORDÉ,GER-CLI-1451
A14,12,A30,A42,2759,A61,A75,2,A93,A101,4,A122,34,A143,A152,2,A173,1,A191,A201,1,0,26.8,✅ ACCORDÉ,GER-CLI-1452
A14,24,A32,A41,2670,A61,A75,4,A93,A101,4,A123,35,A143,A152,1,A174,1,A192,A201,1,0,43.1,⚠️ ÉTUDE MANUELLE,GER-CLI-1453
A11,24,A32,A40,4817,A61,A74,2,A93,A102,3,A122,31,A143,A152,1,A173,1,A192,A201,2,1,43.1,⚠️ ÉTUDE MANUELLE,GER-CLI-1454
A14,24,A32,A41,2679,A61,A72,4,A92,A101,1,A124,29,A143,A152,1,A174,1,A192,A201,1,0,46.1,⚠️ ÉTUDE MANUELLE,GER-CLI-1455
A11,11,A34,A40,3905,A61,A73,2,A93,A101,2,A121,36,A143,A151,2,A173,2,A191,A201,1,0,28.8,✅ ACCORDÉ,GER-CLI-1456
A11,12,A32,A41,3386,A61,A75,3,A93,A101,4,A124,35,A143,A153,1,A173,1,A192,A201,2,1,32.5,⚠️ ÉTUDE MANUELLE,GER-CLI-1457
A11,6,A32,A44,343,A61,A72,4,A92,A101,1,A121,27,A143,A152,1,A173,1,A191,A201,1,0,26.7,✅ ACCORDÉ,GER-CLI-1458
A14,18,A32,A43,4594,A61,A72,3,A93,A101,2,A123,32,A143,A152,1,A173,1,A192,A201,1,0,42.3,⚠️ ÉTUDE MANUELLE,GER-CLI-1459
A11,36,A32,A42,3620,A61,A73,1,A93,A103,2,A122,37,A143,A152,1,A173,2,A191,A201,1,0,39.7,⚠️ ÉTUDE MANUELLE,GER-CLI-1460
A11,15,A32,A40,1721,A61,A72,2,A93,A101,3,A121,36,A143,A152,1,A173,1,A191,A201,1,0,24.8,✅ ACCORDÉ,GER-CLI-1461
A12,12,A32,A42,3017,A61,A72,3,A92,A101,1,A121,34,A143,A151,1,A174,1,A191,A201,1,0,31.7,⚠️ ÉTUDE MANUELLE,GER-CLI-1462
A12,12,A32,A48,754,A65,A75,4,A93,A101,4,A122,38,A143,A152,2,A173,1,A191,A201,1,0,27.2,✅ ACCORDÉ,GER-CLI-1463
A14,18,A32,A49,1950,A61,A74,4,A93,A101,1,A123,34,A142,A152,2,A173,1,A192,A201,1,0,36.6,⚠️ ÉTUDE MANUELLE,GER-CLI-1464
A11,24,A32,A41,2924,A61,A73,3,A93,A103,4,A124,63,A141,A152,1,A173,2,A192,A201,1,0,26.9,✅ ACCORDÉ,GER-CLI-1465
A11,24,A33,A43,1659,A61,A72,4,A92,A101,2,A123,29,A143,A151,1,A172,1,A192,A201,2,1,42.3,⚠️ ÉTUDE MANUELLE,GER-CLI-1466
A14,48,A33,A43,7238,A65,A75,3,A93,A101,3,A123,32,A141,A152,2,A173,2,A191,A201,1,0,72.8,❌ REFUSÉ,GER-CLI-1467
A14,33,A33,A49,2764,A61,A73,2,A92,A101,2,A123,26,A143,A152,2,A173,1,A192,A201,1,0,44.6,⚠️ ÉTUDE MANUELLE,GER-CLI-1468
A14,24,A33,A41,4679,A61,A74,3,A93,A101,3,A123,35,A143,A152,2,A172,1,A192,A201,1,0,45.6,⚠️ ÉTUDE MANUELLE,GER-CLI-1469
A12,24,A32,A43,3092,A62,A72,3,A94,A101,2,A123,22,A143,A151,1,A173,1,A192,A201,2,1,46.1,⚠️ ÉTUDE MANUELLE,GER-CLI-1470
A11,6,A32,A46,448,A61,A72,4,A92,A101,4,A122,23,A143,A152,1,A173,1,A191,A201,2,1,28.6,✅ ACCORDÉ,GER-CLI-1471
A11,9,A32,A40,654,A61,A73,4,A93,A101,3,A123,28,A143,A152,1,A172,1,A191,A201,2,1,29.1,✅ ACCORDÉ,GER-CLI-1472
A14,6,A32,A48,1238,A65,A71,4,A93,A101,4,A122,36,A143,A152,1,A174,2,A192,A201,1,0,25.8,✅ ACCORDÉ,GER-CLI-1473
A12,18,A34,A43,1245,A61,A73,4,A94,A101,2,A123,33,A143,A152,1,A173,1,A191,A201,2,1,34.7,⚠️ ÉTUDE MANUELLE,GER-CLI-1474
A11,18,A30,A42,3114,A61,A72,1,A92,A101,4,A122,26,A143,A151,1,A173,1,A191,A201,2,1,30.7,⚠️ ÉTUDE MANUELLE,GER-CLI-1475
A14,39,A32,A41,2569,A63,A73,4,A93,A101,4,A123,24,A143,A152,1,A173,1,A191,A201,1,0,59.3,❌ REFUSÉ,GER-CLI-1476
A13,24,A32,A43,5152,A61,A74,4,A93,A101,2,A123,25,A141,A152,1,A173,1,A191,A201,1,0,57.3,❌ REFUSÉ,GER-CLI-1477
A12,12,A32,A49,1037,A62,A74,3,A93,A101,4,A121,39,A143,A152,1,A172,1,A191,A201,1,0,23.8,✅ ACCORDÉ,GER-CLI-1478
A11,15,A34,A42,1478,A61,A75,4,A93,A101,4,A123,44,A143,A152,2,A173,2,A192,A201,1,0,28.7,✅ ACCORDÉ,GER-CLI-1479
A12,12,A34,A43,3573,A61,A73,1,A92,A101,1,A121,23,A143,A152,1,A172,1,A191,A201,1,0,29.6,✅ ACCORDÉ,GER-CLI-1480
A12,24,A32,A40,1201,A61,A72,4,A93,A101,1,A122,26,A143,A152,1,A173,1,A191,A201,1,0,42.1,⚠️ ÉTUDE MANUELLE,GER-CLI-1481
A11,30,A32,A42,3622,A64,A75,4,A92,A101,4,A122,57,A143,A151,2,A173,1,A192,A201,1,0,40.2,⚠️ ÉTUDE MANUELLE,GER-CLI-1482
A14,15,A33,A42,960,A64,A74,3,A92,A101,2,A122,30,A143,A152,2,A173,1,A191,A201,1,0,28.8,✅ ACCORDÉ,GER-CLI-1483
A14,12,A34,A40,1163,A63,A73,4,A93,A101,4,A121,44,A143,A152,1,A173,1,A192,A201,1,0,26.0,✅ ACCORDÉ,GER-CLI-1484
A12,6,A33,A40,1209,A61,A71,4,A93,A101,4,A122,47,A143,A152,1,A174,1,A192,A201,2,1,21.8,✅ ACCORDÉ,GER-CLI-1485
A14,12,A32,A43,3077,A61,A73,2,A93,A101,4,A123,52,A143,A152,1,A173,1,A192,A201,1,0,21.1,✅ ACCORDÉ,GER-CLI-1486
A14,24,A32,A40,3757,A61,A75,4,A92,A102,4,A124,62,A143,A153,1,A173,1,A192,A201,1,0,34.2,⚠️ ÉTUDE MANUELLE,GER-CLI-1487
A14,10,A32,A40,1418,A62,A73,3,A93,A101,2,A121,35,A143,A151,1,A172,1,A191,A202,1,0,25.2,✅ ACCORDÉ,GER-CLI-1488
A14,6,A32,A40,3518,A61,A73,2,A93,A103,3,A122,26,A143,A151,1,A173,1,A191,A201,1,0,28.7,✅ ACCORDÉ,GER-CLI-1489
A14,12,A34,A43,1934,A61,A75,2,A93,A101,2,A124,26,A143,A152,2,A173,1,A191,A201,1,0,27.5,✅ ACCORDÉ,GER-CLI-1490
A12,27,A30,A49,8318,A61,A75,2,A92,A101,4,A124,42,A143,A153,2,A174,1,A192,A201,2,1,52.9,❌ REFUSÉ,GER-CLI-1491
A14,6,A34,A43,1237,A62,A73,1,A92,A101,1,A122,27,A143,A152,2,A173,1,A191,A201,1,0,18.6,✅ ACCORDÉ,GER-CLI-1492
A12,6,A32,A43,368,A65,A75,4,A93,A101,4,A122,38,A143,A152,1,A173,1,A191,A201,1,0,22.7,✅ ACCORDÉ,GER-CLI-1493
A11,12,A34,A40,2122,A61,A73,3,A93,A101,2,A121,39,A143,A151,2,A172,2,A191,A202,1,0,26.9,✅ ACCORDÉ,GER-CLI-1494
A11,24,A32,A42,2996,A65,A73,2,A94,A101,4,A123,20,A143,A152,1,A173,1,A191,A201,2,1,41.8,⚠️ ÉTUDE MANUELLE,GER-CLI-1495
A12,36,A32,A42,9034,A62,A72,4,A93,A102,1,A124,29,A143,A151,1,A174,1,A192,A201,2,1,76.0,❌ REFUSÉ,GER-CLI-1496
A14,24,A34,A42,1585,A61,A74,4,A93,A101,3,A122,40,A143,A152,2,A173,1,A191,A201,1,0,36.8,⚠️ ÉTUDE MANUELLE,GER-CLI-1497
A12,18,A32,A43,1301,A61,A75,4,A94,A103,2,A121,32,A143,A152,1,A172,1,A191,A201,1,0,35.3,⚠️ ÉTUDE MANUELLE,GER-CLI-1498
A13,6,A34,A40,1323,A62,A75,2,A91,A101,4,A123,28,A143,A152,2,A173,2,A192,A201,1,0,21.7,✅ ACCORDÉ,GER-CLI-1499
A11,24,A32,A40,3123,A61,A72,4,A92,A101,1,A122,27,A143,A152,1,A173,1,A191,A201,2,1,48.7,⚠️ ÉTUDE MANUELLE,GER-CLI-1500
A11,36,A32,A41,5493,A61,A75,2,A93,A101,4,A124,42,A143,A153,1,A173,2,A191,A201,1,0,49.1,⚠️ ÉTUDE MANUELLE,GER-CLI-1501
A13,9,A32,A43,1126,A62,A75,2,A91,A101,4,A121,49,A143,A152,1,A173,1,A191,A201,1,0,16.2,✅ ACCORDÉ,GER-CLI-1502
A12,24,A34,A43,1216,A62,A72,4,A93,A101,4,A124,38,A141,A152,2,A173,2,A191,A201,2,1,36.4,⚠️ ÉTUDE MANUELLE,GER-CLI-1503
A11,24,A32,A40,1207,A61,A72,4,A92,A101,4,A122,24,A143,A151,1,A173,1,A191,A201,2,1,43.1,⚠️ ÉTUDE MANUELLE,GER-CLI-1504
A14,10,A32,A40,1309,A65,A73,4,A93,A103,4,A122,27,A143,A152,1,A172,1,A191,A201,2,1,32.2,⚠️ ÉTUDE MANUELLE,GER-CLI-1505
A13,15,A34,A41,2360,A63,A73,2,A93,A101,2,A123,36,A143,A152,1,A173,1,A192,A201,1,0,26.6,✅ ACCORDÉ,GER-CLI-1506
A12,15,A31,A40,6850,A62,A71,1,A93,A101,2,A122,34,A143,A152,1,A174,2,A192,A201,2,1,37.7,⚠️ ÉTUDE MANUELLE,GER-CLI-1507
A14,24,A32,A43,1413,A61,A73,4,A94,A101,2,A122,28,A143,A152,1,A173,1,A191,A201,1,0,41.9,⚠️ ÉTUDE MANUELLE,GER-CLI-1508
A14,39,A32,A41,8588,A62,A75,4,A93,A101,2,A123,45,A143,A152,1,A174,1,A192,A201,1,0,70.2,❌ REFUSÉ,GER-CLI-1509
A11,12,A32,A40,759,A61,A74,4,A93,A101,2,A121,26,A143,A152,1,A173,1,A191,A201,2,1,32.2,⚠️ ÉTUDE MANUELLE,GER-CLI-1510
A14,36,A32,A41,4686,A61,A73,2,A93,A101,2,A124,32,A143,A153,1,A174,1,A192,A201,1,0,51.1,❌ REFUSÉ,GER-CLI-1511
A13,15,A32,A49,2687,A61,A74,2,A93,A101,4,A122,26,A143,A151,1,A173,1,A192,A201,1,0,31.7,⚠️ ÉTUDE MANUELLE,GER-CLI-1512
A12,12,A33,A43,585,A61,A73,4,A94,A102,4,A121,20,A143,A151,2,A173,1,A191,A201,1,0,34.2,⚠️ ÉTUDE MANUELLE,GER-CLI-1513
A14,24,A32,A40,2255,A65,A72,4,A93,A101,1,A122,54,A143,A152,1,A173,1,A191,A201,1,0,32.7,⚠️ ÉTUDE MANUELLE,GER-CLI-1514
A11,6,A34,A40,609,A61,A74,4,A92,A101,3,A122,37,A143,A152,2,A173,1,A191,A202,1,0,23.7,✅ ACCORDÉ,GER-CLI-1515
A11,6,A34,A40,1361,A61,A72,2,A93,A101,4,A121,40,A143,A152,1,A172,2,A191,A202,1,0,18.0,✅ ACCORDÉ,GER-CLI-1516
A14,36,A34,A42,7127,A61,A72,2,A92,A101,4,A122,23,A143,A151,2,A173,1,A192,A201,2,1,64.3,❌ REFUSÉ,GER-CLI-1517
A11,6,A32,A40,1203,A62,A75,3,A93,A101,2,A122,43,A143,A152,1,A173,1,A192,A201,1,0,19.8,✅ ACCORDÉ,GER-CLI-1518
A14,6,A34,A43,700,A65,A75,4,A93,A101,4,A124,36,A143,A153,2,A173,1,A191,A201,1,0,24.3,✅ ACCORDÉ,GER-CLI-1519
A14,24,A34,A45,5507,A61,A75,3,A93,A101,4,A124,44,A143,A153,2,A173,1,A191,A201,1,0,44.2,⚠️ ÉTUDE MANUELLE,GER-CLI-1520
A11,18,A32,A43,3190,A61,A73,2,A92,A101,2,A121,24,A143,A152,1,A173,1,A191,A201,2,1,36.3,⚠️ ÉTUDE MANUELLE,GER-CLI-1521
A11,48,A30,A42,7119,A61,A73,3,A93,A101,4,A124,53,A143,A153,2,A173,2,A191,A201,2,1,63.4,❌ REFUSÉ,GER-CLI-1522
A14,24,A32,A41,3488,A62,A74,3,A92,A101,4,A123,23,A143,A152,1,A173,1,A191,A201,1,0,47.1,⚠️ ÉTUDE MANUELLE,GER-CLI-1523
A12,18,A32,A43,1113,A61,A73,4,A92,A103,4,A121,26,A143,A152,1,A172,2,A191,A201,1,0,37.4,⚠️ ÉTUDE MANUELLE,GER-CLI-1524
A12,26,A32,A41,7966,A61,A72,2,A93,A101,3,A123,30,A143,A152,2,A173,1,A191,A201,1,0,56.8,❌ REFUSÉ,GER-CLI-1525
A14,15,A34,A46,1532,A62,A73,4,A92,A101,3,A123,31,A143,A152,1,A173,1,A191,A201,1,0,34.5,⚠️ ÉTUDE MANUELLE,GER-CLI-1526
A14,4,A34,A43,1503,A61,A74,2,A93,A101,1,A121,42,A143,A152,2,A172,2,A191,A201,1,0,16.9,✅ ACCORDÉ,GER-CLI-1527
A11,36,A32,A43,2302,A61,A73,4,A91,A101,4,A123,31,A143,A151,1,A173,1,A191,A201,2,1,52.6,❌ REFUSÉ,GER-CLI-1528
A11,6,A32,A40,662,A61,A72,3,A93,A101,4,A121,41,A143,A152,1,A172,2,A192,A201,1,0,19.1,✅ ACCORDÉ,GER-CLI-1529
A12,36,A32,A46,2273,A61,A74,3,A93,A101,1,A123,32,A143,A152,2,A173,2,A191,A201,1,0,47.0,⚠️ ÉTUDE MANUELLE,GER-CLI-1530
A12,15,A32,A40,2631,A62,A73,2,A92,A101,4,A123,28,A143,A151,2,A173,1,A192,A201,2,1,30.7,⚠️ ÉTUDE MANUELLE,GER-CLI-1531
A14,12,A33,A41,1503,A61,A73,4,A94,A101,4,A121,41,A143,A151,1,A173,1,A191,A201,1,0,28.2,✅ ACCORDÉ,GER-CLI-1532
A14,24,A32,A43,1311,A62,A74,4,A94,A101,3,A122,26,A143,A152,1,A173,1,A192,A201,1,0,42.5,⚠️ ÉTUDE MANUELLE,GER-CLI-1533
A14,24,A32,A43,3105,A65,A72,4,A93,A101,2,A123,25,A143,A152,2,A173,1,A191,A201,1,0,49.6,⚠️ ÉTUDE MANUELLE,GER-CLI-1534
A13,21,A34,A46,2319,A61,A72,2,A91,A101,1,A123,33,A143,A151,1,A173,1,A191,A201,2,1,31.4,⚠️ ÉTUDE MANUELLE,GER-CLI-1535
A11,6,A32,A40,1374,A65,A71,4,A92,A101,3,A122,75,A143,A152,1,A174,1,A192,A201,1,0,14.0,✅ ACCORDÉ,GER-CLI-1536
A12,18,A34,A42,3612,A61,A75,3,A92,A101,4,A122,37,A143,A152,1,A173,1,A192,A201,1,0,36.4,⚠️ ÉTUDE MANUELLE,GER-CLI-1537
A11,48,A32,A40,7763,A61,A75,4,A93,A101,4,A124,42,A141,A153,1,A174,1,A191,A201,2,1,74.4,❌ REFUSÉ,GER-CLI-1538
A13,18,A32,A42,3049,A61,A72,1,A92,A101,1,A122,45,A142,A152,1,A172,1,A191,A201,1,0,23.1,✅ ACCORDÉ,GER-CLI-1539
A12,12,A32,A43,1534,A61,A72,1,A94,A101,1,A121,23,A143,A151,1,A173,1,A191,A201,2,1,23.7,✅ ACCORDÉ,GER-CLI-1540
A14,24,A33,A40,2032,A61,A75,4,A93,A101,4,A124,60,A143,A153,2,A173,1,A192,A201,1,0,29.4,✅ ACCORDÉ,GER-CLI-1541
A11,30,A32,A42,6350,A65,A75,4,A93,A101,4,A122,31,A143,A152,1,A173,1,A191,A201,2,1,63.0,❌ REFUSÉ,GER-CLI-1542
A13,18,A32,A42,2864,A61,A73,2,A93,A101,1,A121,34,A143,A152,1,A172,2,A191,A201,2,1,30.8,⚠️ ÉTUDE MANUELLE,GER-CLI-1543
A14,12,A34,A40,1255,A61,A75,4,A93,A101,4,A121,61,A143,A152,2,A172,1,A191,A201,1,0,20.2,✅ ACCORDÉ,GER-CLI-1544
A11,24,A33,A40,1333,A61,A71,4,A93,A101,2,A121,43,A143,A153,2,A173,2,A191,A201,2,1,34.5,⚠️ ÉTUDE MANUELLE,GER-CLI-1545
A14,24,A34,A40,2022,A61,A73,4,A92,A101,4,A123,37,A143,A152,1,A173,1,A192,A201,1,0,39.7,⚠️ ÉTUDE MANUELLE,GER-CLI-1546
A14,24,A32,A43,1552,A61,A74,3,A93,A101,1,A123,32,A141,A152,1,A173,2,A191,A201,1,0,35.7,⚠️ ÉTUDE MANUELLE,GER-CLI-1547
A11,12,A31,A43,626,A61,A73,4,A92,A101,4,A121,24,A141,A152,1,A172,1,A191,A201,2,1,32.6,⚠️ ÉTUDE MANUELLE,GER-CLI-1548
A14,48,A34,A41,8858,A65,A74,2,A93,A101,1,A124,35,A143,A153,2,A173,1,A192,A201,1,0,72.5,❌ REFUSÉ,GER-CLI-1549
A14,12,A34,A45,996,A65,A74,4,A92,A101,4,A121,23,A143,A152,2,A173,1,A191,A201,1,0,34.3,⚠️ ÉTUDE MANUELLE,GER-CLI-1550
A14,6,A31,A43,1750,A63,A75,2,A93,A101,4,A122,45,A141,A152,1,A172,2,A191,A201,1,0,17.4,✅ ACCORDÉ,GER-CLI-1551
A11,48,A32,A43,6999,A61,A74,1,A94,A103,1,A121,34,A143,A152,2,A173,1,A192,A201,2,1,62.5,❌ REFUSÉ,GER-CLI-1552
A12,12,A34,A40,1995,A62,A72,4,A93,A101,1,A123,27,A143,A152,1,A173,1,A191,A201,1,0,35.9,⚠️ ÉTUDE MANUELLE,GER-CLI-1553
A12,9,A32,A46,1199,A61,A74,4,A92,A101,4,A122,67,A143,A152,2,A174,1,A192,A201,1,0,16.9,✅ ACCORDÉ,GER-CLI-1554
A12,12,A32,A43,1331,A61,A72,2,A93,A101,1,A123,22,A142,A152,1,A173,1,A191,A201,2,1,27.3,✅ ACCORDÉ,GER-CLI-1555
A12,18,A30,A40,2278,A62,A72,3,A92,A101,3,A123,28,A143,A152,2,A173,1,A191,A201,2,1,35.9,⚠️ ÉTUDE MANUELLE,GER-CLI-1556
A14,21,A30,A40,5003,A65,A73,1,A92,A101,4,A122,29,A141,A152,2,A173,1,A192,A201,2,1,37.8,⚠️ ÉTUDE MANUELLE,GER-CLI-1557
A11,24,A31,A42,3552,A61,A74,3,A93,A101,4,A123,27,A141,A152,1,A173,1,A191,A201,2,1,45.3,⚠️ ÉTUDE MANUELLE,GER-CLI-1558
A12,18,A34,A42,1928,A61,A72,2,A93,A101,2,A121,31,A143,A152,2,A172,1,A191,A201,2,1,29.1,✅ ACCORDÉ,GER-CLI-1559
A11,24,A32,A41,2964,A65,A75,4,A93,A101,4,A124,49,A141,A153,1,A173,2,A192,A201,1,0,37.4,⚠️ ÉTUDE MANUELLE,GER-CLI-1560
A11,24,A31,A43,1546,A61,A74,4,A93,A103,4,A123,24,A141,A151,1,A172,1,A191,A201,2,1,44.3,⚠️ ÉTUDE MANUELLE,GER-CLI-1561
A13,6,A33,A43,683,A61,A72,2,A92,A101,1,A122,29,A141,A152,1,A173,1,A191,A201,1,0,19.8,✅ ACCORDÉ,GER-CLI-1562
A12,36,A32,A40,12389,A65,A73,1,A93,A101,4,A124,37,A143,A153,1,A173,1,A192,A201,2,1,71.1,❌ REFUSÉ,GER-CLI-1563
A12,24,A33,A49,4712,A65,A73,4,A93,A101,2,A122,37,A141,A152,2,A174,1,A192,A201,1,0,49.7,⚠️ ÉTUDE MANUELLE,GER-CLI-1564
A12,24,A33,A43,1553,A62,A74,3,A92,A101,2,A122,23,A143,A151,2,A173,1,A192,A201,1,0,40.0,⚠️ ÉTUDE MANUELLE,GER-CLI-1565
A11,12,A32,A40,1372,A61,A74,2,A91,A101,3,A123,36,A143,A152,1,A173,1,A191,A201,2,1,22.2,✅ ACCORDÉ,GER-CLI-1566
A14,24,A34,A43,2578,A64,A75,2,A93,A101,2,A123,34,A143,A152,1,A173,1,A191,A201,1,0,33.8,⚠️ ÉTUDE MANUELLE,GER-CLI-1567
A12,48,A32,A43,3979,A65,A74,4,A93,A101,1,A123,41,A143,A152,2,A173,2,A192,A201,1,0,62.6,❌ REFUSÉ,GER-CLI-1568
A11,48,A32,A43,6758,A61,A73,3,A92,A101,2,A123,31,A143,A152,1,A173,1,A192,A201,2,1,71.8,❌ REFUSÉ,GER-CLI-1569
A11,24,A32,A42,3234,A61,A72,4,A92,A101,4,A121,23,A143,A151,1,A172,1,A192,A201,2,1,51.1,❌ REFUSÉ,GER-CLI-1570
A14,30,A34,A43,5954,A61,A74,3,A93,A102,2,A123,38,A143,A152,1,A173,1,A191,A201,1,0,53.3,❌ REFUSÉ,GER-CLI-1571
A14,24,A32,A41,5433,A65,A71,2,A92,A101,4,A122,26,A143,A151,1,A174,1,A192,A201,1,0,47.9,⚠️ ÉTUDE MANUELLE,GER-CLI-1572
A11,15,A32,A49,806,A61,A73,4,A92,A101,4,A122,22,A143,A152,1,A172,1,A191,A201,1,0,36.1,⚠️ ÉTUDE MANUELLE,GER-CLI-1573
A12,9,A32,A43,1082,A61,A75,4,A93,A101,4,A123,27,A143,A152,2,A172,1,A191,A201,1,0,30.8,⚠️ ÉTUDE MANUELLE,GER-CLI-1574
A14,15,A34,A42,2788,A61,A74,2,A92,A102,3,A123,24,A141,A152,2,A173,1,A191,A201,1,0,32.9,⚠️ ÉTUDE MANUELLE,GER-CLI-1575
A12,12,A32,A43,2930,A61,A74,2,A92,A101,1,A121,27,A143,A152,1,A173,1,A191,A201,1,0,30.1,⚠️ ÉTUDE MANUELLE,GER-CLI-1576
A14,24,A34,A46,1927,A65,A73,3,A92,A101,2,A123,33,A143,A152,2,A173,1,A192,A201,1,0,36.6,⚠️ ÉTUDE MANUELLE,GER-CLI-1577
A12,36,A34,A40,2820,A61,A72,4,A91,A101,4,A123,27,A143,A152,2,A173,1,A191,A201,2,1,56.5,❌ REFUSÉ,GER-CLI-1578
A14,24,A32,A48,937,A61,A72,4,A94,A101,3,A123,27,A143,A152,2,A172,1,A191,A201,1,0,40.6,⚠️ ÉTUDE MANUELLE,GER-CLI-1579
A12,18,A34,A40,1056,A61,A75,3,A93,A103,3,A121,30,A141,A152,2,A173,1,A191,A201,2,1,31.0,⚠️ ÉTUDE MANUELLE,GER-CLI-1580
A12,12,A34,A40,3124,A61,A72,1,A93,A101,3,A121,49,A141,A152,2,A172,2,A191,A201,1,0,19.0,✅ ACCORDÉ,GER-CLI-1581
A14,9,A32,A42,1388,A61,A73,4,A92,A101,2,A121,26,A143,A151,1,A173,1,A191,A201,1,0,32.3,⚠️ ÉTUDE MANUELLE,GER-CLI-1582
A12,36,A32,A45,2384,A61,A72,4,A93,A101,1,A124,33,A143,A151,1,A172,1,A191,A201,2,1,51.9,❌ REFUSÉ,GER-CLI-1583
A14,12,A32,A40,2133,A65,A75,4,A92,A101,4,A124,52,A143,A153,1,A174,1,A192,A201,1,0,25.7,✅ ACCORDÉ,GER-CLI-1584
A11,18,A32,A42,2039,A61,A73,1,A92,A101,4,A121,20,A141,A151,1,A173,1,A191,A201,2,1,29.9,✅ ACCORDÉ,GER-CLI-1585
A11,9,A34,A40,2799,A61,A73,2,A93,A101,2,A121,36,A143,A151,2,A173,2,A191,A201,1,0,24.4,✅ ACCORDÉ,GER-CLI-1586
A11,12,A32,A42,1289,A61,A73,4,A93,A103,1,A122,21,A143,A152,1,A172,1,A191,A201,1,0,36.2,⚠️ ÉTUDE MANUELLE,GER-CLI-1587
A11,18,A32,A44,1217,A61,A73,4,A94,A101,3,A121,47,A143,A152,1,A172,1,A192,A201,2,1,28.5,✅ ACCORDÉ,GER-CLI-1588
A11,12,A34,A42,2246,A61,A75,3,A93,A101,3,A122,60,A143,A152,2,A173,1,A191,A201,2,1,19.7,✅ ACCORDÉ,GER-CLI-1589
A11,12,A34,A43,385,A61,A74,4,A92,A101,3,A121,58,A143,A152,4,A172,1,A192,A201,1,0,19.1,✅ ACCORDÉ,GER-CLI-1590
A12,24,A33,A40,1965,A65,A73,4,A92,A101,4,A123,42,A143,A151,2,A173,1,A192,A201,1,0,37.2,⚠️ ÉTUDE MANUELLE,GER-CLI-1591
A14,21,A32,A49,1572,A64,A75,4,A92,A101,4,A121,36,A141,A152,1,A172,1,A191,A201,1,0,36.5,⚠️ ÉTUDE MANUELLE,GER-CLI-1592
A12,24,A32,A40,2718,A61,A73,3,A92,A101,4,A122,20,A143,A151,1,A172,1,A192,A201,2,1,45.7,⚠️ ÉTUDE MANUELLE,GER-CLI-1593
A11,24,A31,A410,1358,A65,A75,4,A93,A101,3,A123,40,A142,A152,1,A174,1,A192,A201,2,1,36.0,⚠️ ÉTUDE MANUELLE,GER-CLI-1594
A12,6,A31,A40,931,A62,A72,1,A92,A101,1,A122,32,A142,A152,1,A172,1,A191,A201,2,1,16.5,✅ ACCORDÉ,GER-CLI-1595
A11,24,A32,A40,1442,A61,A74,4,A92,A101,4,A123,23,A143,A151,2,A173,1,A191,A201,2,1,44.4,⚠️ ÉTUDE MANUELLE,GER-CLI-1596
A12,24,A30,A49,4241,A61,A73,1,A93,A101,4,A121,36,A143,A152,3,A172,1,A192,A201,2,1,34.0,⚠️ ÉTUDE MANUELLE,GER-CLI-1597
A14,18,A34,A40,2775,A61,A74,2,A93,A101,2,A122,31,A141,A152,2,A173,1,A191,A201,2,1,31.8,⚠️ ÉTUDE MANUELLE,GER-CLI-1598
A14,24,A33,A49,3863,A61,A73,1,A93,A101,2,A124,32,A143,A153,1,A173,1,A191,A201,1,0,34.5,⚠️ ÉTUDE MANUELLE,GER-CLI-1599
A12,7,A32,A43,2329,A61,A72,1,A92,A103,1,A121,45,A143,A152,1,A173,1,A191,A201,1,0,16.2,✅ ACCORDÉ,GER-CLI-1600
A12,9,A32,A42,918,A61,A73,4,A92,A101,1,A122,30,A143,A152,1,A173,1,A191,A201,2,1,29.1,✅ ACCORDÉ,GER-CLI-1601
A12,24,A31,A46,1837,A61,A74,4,A92,A101,4,A124,34,A141,A153,1,A172,1,A191,A201,2,1,40.5,⚠️ ÉTUDE MANUELLE,GER-CLI-1602
A14,36,A32,A42,3349,A61,A73,4,A92,A101,2,A123,28,A143,A152,1,A174,1,A192,A201,2,1,58.0,❌ REFUSÉ,GER-CLI-1603
A13,10,A32,A42,1275,A61,A72,4,A92,A101,2,A122,23,A143,A152,1,A173,1,A191,A201,1,0,33.9,⚠️ ÉTUDE MANUELLE,GER-CLI-1604
A11,24,A31,A42,2828,A63,A73,4,A93,A101,4,A121,22,A142,A152,1,A173,1,A192,A201,1,0,50.1,❌ REFUSÉ,GER-CLI-1605
A14,24,A34,A49,4526,A61,A73,3,A93,A101,2,A121,74,A143,A152,1,A174,1,A192,A201,1,0,27.3,✅ ACCORDÉ,GER-CLI-1606
A12,36,A32,A43,2671,A62,A73,4,A92,A102,4,A124,50,A143,A153,1,A173,1,A191,A201,2,1,44.5,⚠️ ÉTUDE MANUELLE,GER-CLI-1607
A14,18,A32,A43,2051,A61,A72,4,A93,A101,1,A121,33,A143,A152,1,A173,1,A191,A201,1,0,37.5,⚠️ ÉTUDE MANUELLE,GER-CLI-1608
A14,15,A32,A41,1300,A65,A75,4,A93,A101,4,A124,45,A141,A153,1,A173,2,A191,A201,1,0,27.8,✅ ACCORDÉ,GER-CLI-1609
A11,12,A32,A44,741,A62,A71,4,A92,A101,3,A122,22,A143,A152,1,A173,1,A191,A201,2,1,33.9,⚠️ ÉTUDE MANUELLE,GER-CLI-1610
A13,10,A32,A40,1240,A62,A75,1,A92,A101,4,A124,48,A143,A153,1,A172,2,A191,A201,2,1,14.5,✅ ACCORDÉ,GER-CLI-1611
A11,21,A32,A43,3357,A64,A72,4,A92,A101,2,A123,29,A141,A152,1,A173,1,A191,A201,1,0,46.3,⚠️ ÉTUDE MANUELLE,GER-CLI-1612
A11,24,A31,A41,3632,A61,A73,1,A92,A103,4,A123,22,A141,A151,1,A173,1,A191,A202,1,0,38.3,⚠️ ÉTUDE MANUELLE,GER-CLI-1613
A14,18,A33,A42,1808,A61,A74,4,A92,A101,1,A121,22,A143,A152,1,A173,1,A191,A201,2,1,41.9,⚠️ ÉTUDE MANUELLE,GER-CLI-1614
A12,48,A30,A49,12204,A65,A73,2,A93,A101,2,A123,48,A141,A152,1,A174,1,A192,A201,1,0,77.0,❌ REFUSÉ,GER-CLI-1615
A12,60,A33,A43,9157,A65,A73,2,A93,A101,2,A124,27,A143,A153,1,A174,1,A191,A201,1,0,82.3,❌ REFUSÉ,GER-CLI-1616
A11,6,A34,A40,3676,A61,A73,1,A93,A101,3,A121,37,A143,A151,3,A173,2,A191,A201,1,0,21.3,✅ ACCORDÉ,GER-CLI-1617
A12,30,A32,A42,3441,A62,A73,2,A92,A102,4,A123,21,A143,A151,1,A173,1,A191,A201,2,1,47.4,⚠️ ÉTUDE MANUELLE,GER-CLI-1618
A14,12,A32,A40,640,A61,A73,4,A91,A101,2,A121,49,A143,A152,1,A172,1,A191,A201,1,0,22.7,✅ ACCORDÉ,GER-CLI-1619
A12,21,A34,A49,3652,A61,A74,2,A93,A101,3,A122,27,A143,A152,2,A173,1,A191,A201,1,0,38.6,⚠️ ÉTUDE MANUELLE,GER-CLI-1620
A14,18,A34,A40,1530,A61,A73,3,A93,A101,2,A122,32,A141,A152,2,A173,1,A191,A201,2,1,31.6,⚠️ ÉTUDE MANUELLE,GER-CLI-1621
A14,48,A32,A49,3914,A65,A73,4,A91,A101,2,A121,38,A141,A152,1,A173,1,A191,A201,2,1,63.8,❌ REFUSÉ,GER-CLI-1622
A11,12,A32,A42,1858,A61,A72,4,A92,A101,1,A123,22,A143,A151,1,A173,1,A191,A201,1,0,37.7,⚠️ ÉTUDE MANUELLE,GER-CLI-1623
A11,18,A32,A43,2600,A61,A73,4,A93,A101,4,A124,65,A143,A153,2,A173,1,A191,A201,2,1,25.5,✅ ACCORDÉ,GER-CLI-1624
A14,15,A32,A43,1979,A65,A75,4,A93,A101,2,A123,35,A143,A152,1,A173,1,A191,A201,1,0,34.2,⚠️ ÉTUDE MANUELLE,GER-CLI-1625
A13,6,A32,A42,2116,A61,A73,2,A93,A101,2,A121,41,A143,A152,1,A173,1,A192,A201,1,0,19.4,✅ ACCORDÉ,GER-CLI-1626
A12,9,A31,A40,1437,A62,A74,2,A93,A101,3,A124,29,A143,A152,1,A173,1,A191,A201,2,1,23.2,✅ ACCORDÉ,GER-CLI-1627
A14,42,A34,A42,4042,A63,A73,4,A93,A101,4,A121,36,A143,A152,2,A173,1,A192,A201,1,0,61.0,❌ REFUSÉ,GER-CLI-1628
A14,9,A32,A46,3832,A65,A75,1,A93,A101,4,A121,64,A143,A152,1,A172,1,A191,A201,1,0,15.0,✅ ACCORDÉ,GER-CLI-1629
A11,24,A32,A43,3660,A61,A73,2,A92,A101,4,A123,28,A143,A152,1,A173,1,A191,A201,1,0,40.3,⚠️ ÉTUDE MANUELLE,GER-CLI-1630
A11,18,A31,A42,1553,A61,A73,4,A93,A101,3,A123,44,A141,A152,1,A173,1,A191,A201,2,1,30.9,⚠️ ÉTUDE MANUELLE,GER-CLI-1631
A12,15,A32,A43,1444,A65,A72,4,A93,A101,1,A122,23,A143,A152,1,A173,1,A191,A201,1,0,37.9,⚠️ ÉTUDE MANUELLE,GER-CLI-1632
A14,9,A32,A42,1980,A61,A72,2,A92,A102,2,A123,19,A143,A151,2,A173,1,A191,A201,2,1,28.6,✅ ACCORDÉ,GER-CLI-1633
A12,24,A32,A40,1355,A61,A72,3,A92,A101,4,A123,25,A143,A152,1,A172,1,A192,A201,2,1,38.3,⚠️ ÉTUDE MANUELLE,GER-CLI-1634
A14,12,A32,A46,1393,A61,A75,4,A93,A101,4,A122,47,A141,A152,3,A173,2,A192,A201,1,0,25.5,✅ ACCORDÉ,GER-CLI-1635
A14,24,A32,A43,1376,A63,A74,4,A92,A101,1,A123,28,A143,A152,1,A173,1,A191,A201,1,0,41.7,⚠️ ÉTUDE MANUELLE,GER-CLI-1636
A14,60,A33,A43,15653,A61,A74,2,A93,A101,4,A123,21,A143,A152,2,A173,1,A192,A201,1,0,93.3,❌ REFUSÉ,GER-CLI-1637
A14,12,A32,A43,1493,A61,A72,4,A92,A101,3,A123,34,A143,A152,1,A173,2,A191,A201,1,0,31.1,⚠️ ÉTUDE MANUELLE,GER-CLI-1638
A11,42,A33,A43,4370,A61,A74,3,A93,A101,2,A122,26,A141,A152,2,A173,2,A192,A201,2,1,62.1,❌ REFUSÉ,GER-CLI-1639
A11,18,A32,A46,750,A61,A71,4,A92,A101,1,A121,27,A143,A152,1,A171,1,A191,A201,2,1,35.7,⚠️ ÉTUDE MANUELLE,GER-CLI-1640
A12,15,A32,A45,1308,A61,A75,4,A93,A101,4,A123,38,A143,A152,2,A172,1,A191,A201,1,0,30.7,⚠️ ÉTUDE MANUELLE,GER-CLI-1641
A14,15,A32,A46,4623,A62,A73,3,A93,A101,2,A122,40,A143,A152,1,A174,1,A192,A201,2,1,36.4,⚠️ ÉTUDE MANUELLE,GER-CLI-1642
A14,24,A34,A43,1851,A61,A74,4,A94,A103,2,A123,33,A143,A152,2,A173,1,A192,A201,1,0,41.0,⚠️ ÉTUDE MANUELLE,GER-CLI-1643
A11,18,A34,A43,1880,A61,A74,4,A94,A101,1,A122,32,A143,A152,2,A174,1,A192,A201,1,0,37.3,⚠️ ÉTUDE MANUELLE,GER-CLI-1644
A14,36,A33,A49,7980,A65,A72,4,A93,A101,4,A123,27,A143,A151,2,A173,1,A192,A201,2,1,73.8,❌ REFUSÉ,GER-CLI-1645
A11,30,A30,A42,4583,A61,A73,2,A91,A103,2,A121,32,A143,A152,2,A173,1,A191,A201,1,0,46.2,⚠️ ÉTUDE MANUELLE,GER-CLI-1646
A14,12,A32,A40,1386,A63,A73,2,A92,A101,2,A122,26,A143,A152,1,A173,1,A191,A201,2,1,25.9,✅ ACCORDÉ,GER-CLI-1647
A13,24,A32,A40,947,A61,A74,4,A93,A101,3,A124,38,A141,A153,1,A173,2,A191,A201,2,1,35.5,⚠️ ÉTUDE MANUELLE,GER-CLI-1648
A11,12,A32,A46,684,A61,A73,4,A93,A101,4,A123,40,A143,A151,1,A172,2,A191,A201,2,1,26.2,✅ ACCORDÉ,GER-CLI-1649
A11,48,A32,A46,7476,A61,A74,4,A93,A101,1,A124,50,A143,A153,1,A174,1,A192,A201,1,0,70.3,❌ REFUSÉ,GER-CLI-1650
A12,12,A32,A42,1922,A61,A73,4,A93,A101,2,A122,37,A143,A152,1,A172,1,A191,A201,2,1,31.2,⚠️ ÉTUDE MANUELLE,GER-CLI-1651
A11,24,A32,A40,2303,A61,A75,4,A93,A102,1,A121,45,A143,A152,1,A173,1,A191,A201,2,1,36.9,⚠️ ÉTUDE MANUELLE,GER-CLI-1652
A12,36,A33,A40,8086,A62,A75,2,A93,A101,4,A123,42,A143,A152,4,A174,1,A192,A201,2,1,58.7,❌ REFUSÉ,GER-CLI-1653
A14,24,A34,A41,2346,A61,A74,4,A93,A101,3,A123,35,A143,A152,2,A173,1,A192,A201,1,0,41.9,⚠️ ÉTUDE MANUELLE,GER-CLI-1654
A11,14,A32,A40,3973,A61,A71,1,A93,A101,4,A124,22,A143,A153,1,A173,1,A191,A201,1,0,32.7,⚠️ ÉTUDE MANUELLE,GER-CLI-1655
A12,12,A32,A40,888,A61,A75,4,A93,A101,4,A123,41,A141,A152,1,A172,2,A191,A201,2,1,26.4,✅ ACCORDÉ,GER-CLI-1656
A14,48,A32,A43,10222,A65,A74,4,A93,A101,3,A123,37,A142,A152,1,A173,1,A192,A201,1,0,82.2,❌ REFUSÉ,GER-CLI-1657
A12,30,A30,A49,4221,A61,A73,2,A92,A101,1,A123,28,A143,A152,2,A173,1,A191,A201,1,0,46.8,⚠️ ÉTUDE MANUELLE,GER-CLI-1658
A12,18,A34,A42,6361,A61,A75,2,A93,A101,1,A124,41,A143,A152,1,A173,1,A192,A201,1,0,39.5,⚠️ ÉTUDE MANUELLE,GER-CLI-1659
A13,12,A32,A43,1297,A61,A73,3,A94,A101,4,A121,23,A143,A151,1,A173,1,A191,A201,1,0,30.9,⚠️ ÉTUDE MANUELLE,GER-CLI-1660
A11,12,A32,A40,900,A65,A73,4,A94,A101,2,A123,23,A143,A152,1,A173,1,A191,A201,2,1,34.0,⚠️ ÉTUDE MANUELLE,GER-CLI-1661
A14,21,A32,A42,2241,A61,A75,4,A93,A101,2,A121,50,A143,A152,2,A173,1,A191,A201,1,0,32.4,⚠️ ÉTUDE MANUELLE,GER-CLI-1662
A12,6,A33,A42,1050,A61,A71,4,A93,A101,1,A122,35,A142,A152,2,A174,1,A192,A201,1,0,25.7,✅ ACCORDÉ,GER-CLI-1663
A13,6,A34,A46,1047,A61,A73,2,A92,A101,4,A122,50,A143,A152,1,A172,1,A191,A201,1,0,14.6,✅ ACCORDÉ,GER-CLI-1664
A14,24,A34,A410,6314,A61,A71,4,A93,A102,2,A124,27,A141,A152,2,A174,1,A192,A201,1,0,60.5,❌ REFUSÉ,GER-CLI-1665
A12,30,A31,A42,3496,A64,A73,4,A93,A101,2,A123,34,A142,A152,1,A173,2,A192,A201,1,0,51.1,❌ REFUSÉ,GER-CLI-1666
A14,48,A31,A49,3609,A61,A73,1,A92,A101,1,A121,27,A142,A152,1,A173,1,A191,A201,1,0,53.5,❌ REFUSÉ,GER-CLI-1667
A11,12,A34,A40,4843,A61,A75,3,A93,A102,4,A122,43,A143,A151,2,A173,1,A192,A201,2,1,33.8,⚠️ ÉTUDE MANUELLE,GER-CLI-1668
A13,30,A34,A43,3017,A61,A75,4,A93,A101,4,A122,47,A143,A152,1,A173,1,A191,A201,1,0,42.9,⚠️ ÉTUDE MANUELLE,GER-CLI-1669
A14,24,A34,A49,4139,A62,A73,3,A93,A101,3,A122,27,A143,A152,2,A172,1,A192,A201,1,0,47.5,⚠️ ÉTUDE MANUELLE,GER-CLI-1670
A14,36,A32,A49,5742,A62,A74,2,A93,A101,2,A123,31,A143,A152,2,A173,1,A192,A201,1,0,55.5,❌ REFUSÉ,GER-CLI-1671
A14,60,A32,A40,10366,A61,A75,2,A93,A101,4,A122,42,A143,A152,1,A174,1,A192,A201,1,0,80.5,❌ REFUSÉ,GER-CLI-1672
A14,6,A34,A40,2080,A63,A73,1,A94,A101,2,A123,24,A143,A152,1,A173,1,A191,A201,1,0,21.6,✅ ACCORDÉ,GER-CLI-1673
A14,21,A33,A49,2580,A63,A72,4,A93,A101,2,A121,41,A141,A152,1,A172,2,A191,A201,2,1,37.7,⚠️ ÉTUDE MANUELLE,GER-CLI-1674
A14,30,A34,A43,4530,A61,A74,4,A92,A101,4,A123,26,A143,A151,1,A174,1,A192,A201,1,0,58.9,❌ REFUSÉ,GER-CLI-1675
A14,24,A34,A42,5150,A61,A75,4,A93,A101,4,A123,33,A143,A152,1,A173,1,A192,A201,1,0,53.3,❌ REFUSÉ,GER-CLI-1676
A12,72,A32,A43,5595,A62,A73,2,A94,A101,2,A123,24,A143,A152,1,A173,1,A191,A201,2,1,80.5,❌ REFUSÉ,GER-CLI-1677
A11,24,A32,A43,2384,A61,A75,4,A93,A101,4,A121,64,A141,A151,1,A172,1,A191,A201,1,0,28.9,✅ ACCORDÉ,GER-CLI-1678
A14,18,A32,A43,1453,A61,A72,3,A92,A101,1,A121,26,A143,A152,1,A173,1,A191,A201,1,0,34.0,⚠️ ÉTUDE MANUELLE,GER-CLI-1679
A14,6,A32,A46,1538,A61,A72,1,A92,A101,2,A124,56,A143,A152,1,A173,1,A191,A201,1,0,11.8,✅ ACCORDÉ,GER-CLI-1680
A14,12,A32,A43,2279,A65,A73,4,A93,A101,4,A124,37,A143,A153,1,A173,1,A192,A201,1,0,32.3,⚠️ ÉTUDE MANUELLE,GER-CLI-1681
A14,15,A33,A43,1478,A61,A73,4,A94,A101,3,A121,33,A141,A152,2,A173,1,A191,A201,1,0,33.4,⚠️ ÉTUDE MANUELLE,GER-CLI-1682
A14,24,A34,A43,5103,A61,A72,3,A94,A101,3,A124,47,A143,A153,3,A173,1,A192,A201,1,0,41.2,⚠️ ÉTUDE MANUELLE,GER-CLI-1683
A12,36,A33,A49,9857,A62,A74,1,A93,A101,3,A122,31,A143,A152,2,A172,2,A192,A201,1,0,65.4,❌ REFUSÉ,GER-CLI-1684
A14,60,A32,A40,6527,A65,A73,4,A93,A101,4,A124,34,A143,A153,1,A173,2,A192,A201,1,0,80.2,❌ REFUSÉ,GER-CLI-1685
A13,10,A34,A43,1347,A65,A74,4,A93,A101,2,A122,27,A143,A152,2,A173,1,A192,A201,1,0,32.3,⚠️ ÉTUDE MANUELLE,GER-CLI-1686
A12,36,A33,A40,2862,A62,A75,4,A93,A101,3,A124,30,A143,A153,1,A173,1,A191,A201,1,0,55.2,❌ REFUSÉ,GER-CLI-1687
A14,9,A32,A43,2753,A62,A75,3,A93,A102,4,A123,35,A143,A152,1,A173,1,A192,A201,1,0,28.6,✅ ACCORDÉ,GER-CLI-1688
A11,12,A32,A40,3651,A64,A73,1,A93,A101,3,A122,31,A143,A152,1,A173,2,A191,A201,1,0,26.7,✅ ACCORDÉ,GER-CLI-1689
A11,15,A34,A42,975,A61,A73,2,A91,A101,3,A122,25,A143,A152,2,A173,1,A191,A201,1,0,26.8,✅ ACCORDÉ,GER-CLI-1690
A12,15,A32,A45,2631,A62,A73,3,A92,A101,2,A121,25,A143,A152,1,A172,1,A191,A201,1,0,36.5,⚠️ ÉTUDE MANUELLE,GER-CLI-1691
A12,24,A32,A43,2896,A62,A72,2,A93,A101,1,A123,29,A143,A152,1,A173,1,A191,A201,1,0,37.2,⚠️ ÉTUDE MANUELLE,GER-CLI-1692
A11,6,A34,A40,4716,A65,A72,1,A93,A101,3,A121,44,A143,A152,2,A172,2,A191,A201,1,0,21.5,✅ ACCORDÉ,GER-CLI-1693
A14,24,A32,A43,2284,A61,A74,4,A93,A101,2,A123,28,A143,A152,1,A173,1,A192,A201,1,0,45.1,⚠️ ÉTUDE MANUELLE,GER-CLI-1694
A14,6,A32,A41,1236,A63,A73,2,A93,A101,4,A122,50,A143,A151,1,A173,1,A191,A201,1,0,15.0,✅ ACCORDÉ,GER-CLI-1695
A12,12,A32,A43,1103,A61,A74,4,A93,A103,3,A121,29,A143,A152,2,A173,1,A191,A202,1,0,32.0,⚠️ ÉTUDE MANUELLE,GER-CLI-1696
A14,12,A34,A40,926,A61,A71,1,A92,A101,2,A122,38,A143,A152,1,A171,1,A191,A201,1,0,17.3,✅ ACCORDÉ,GER-CLI-1697
A14,18,A34,A43,1800,A61,A73,4,A93,A101,2,A123,24,A143,A152,2,A173,1,A191,A201,1,0,40.9,⚠️ ÉTUDE MANUELLE,GER-CLI-1698
A13,15,A32,A46,1905,A61,A75,4,A93,A101,4,A123,40,A143,A151,1,A174,1,A192,A201,1,0,31.8,⚠️ ÉTUDE MANUELLE,GER-CLI-1699
A14,12,A32,A42,1123,A63,A73,4,A92,A101,4,A123,29,A143,A151,1,A172,1,A191,A201,2,1,32.0,⚠️ ÉTUDE MANUELLE,GER-CLI-1700
A11,48,A34,A41,6331,A61,A75,4,A93,A101,4,A124,46,A143,A153,2,A173,1,A192,A201,2,1,68.3,❌ REFUSÉ,GER-CLI-1701
A13,24,A32,A43,1377,A62,A75,4,A92,A101,2,A124,47,A143,A153,1,A173,1,A192,A201,1,0,32.9,⚠️ ÉTUDE MANUELLE,GER-CLI-1702
A12,30,A33,A49,2503,A62,A75,4,A93,A101,2,A122,41,A142,A152,2,A173,1,A191,A201,1,0,43.9,⚠️ ÉTUDE MANUELLE,GER-CLI-1703
A12,27,A32,A49,2528,A61,A72,4,A92,A101,1,A122,32,A143,A152,1,A173,2,A192,A201,1,0,46.2,⚠️ ÉTUDE MANUELLE,GER-CLI-1704
A14,15,A32,A40,5324,A63,A75,1,A92,A101,4,A124,35,A143,A153,1,A173,1,A191,A201,1,0,32.1,⚠️ ÉTUDE MANUELLE,GER-CLI-1705
A12,48,A32,A40,6560,A62,A74,3,A93,A101,2,A122,24,A143,A152,1,A173,1,A191,A201,2,1,74.0,❌ REFUSÉ,GER-CLI-1706
A12,12,A30,A42,2969,A61,A72,4,A92,A101,3,A122,25,A143,A151,2,A173,1,A191,A201,2,1,40.3,⚠️ ÉTUDE MANUELLE,GER-CLI-1707
A12,9,A32,A43,1206,A61,A75,4,A92,A101,4,A121,25,A143,A152,1,A173,1,A191,A201,1,0,32.1,⚠️ ÉTUDE MANUELLE,GER-CLI-1708
A12,9,A32,A43,2118,A61,A73,2,A93,A101,2,A121,37,A143,A152,1,A172,2,A191,A201,1,0,22.2,✅ ACCORDÉ,GER-CLI-1709
A14,18,A34,A43,629,A63,A75,4,A93,A101,3,A122,32,A141,A152,2,A174,1,A192,A201,1,0,33.1,⚠️ ÉTUDE MANUELLE,GER-CLI-1710
A11,6,A31,A46,1198,A61,A75,4,A92,A101,4,A124,35,A143,A153,1,A173,1,A191,A201,2,1,26.1,✅ ACCORDÉ,GER-CLI-1711
A14,21,A32,A41,2476,A65,A75,4,A93,A101,4,A121,46,A143,A152,1,A174,1,A192,A201,1,0,35.0,⚠️ ÉTUDE MANUELLE,GER-CLI-1712
A11,9,A34,A43,1138,A61,A73,4,A93,A101,4,A121,25,A143,A152,2,A172,1,A191,A201,1,0,31.9,⚠️ ÉTUDE MANUELLE,GER-CLI-1713
A12,60,A32,A40,14027,A61,A74,4,A93,A101,2,A124,27,A143,A152,1,A174,1,A192,A201,2,1,93.5,❌ REFUSÉ,GER-CLI-1714
A14,30,A34,A41,7596,A65,A75,1,A93,A101,4,A123,63,A143,A152,2,A173,1,A191,A201,1,0,37.3,⚠️ ÉTUDE MANUELLE,GER-CLI-1715
A14,30,A34,A43,3077,A65,A75,3,A93,A101,2,A123,40,A143,A152,2,A173,2,A192,A201,1,0,41.6,⚠️ ÉTUDE MANUELLE,GER-CLI-1716
A14,18,A32,A43,1505,A61,A73,4,A93,A101,2,A124,32,A143,A153,1,A174,1,A192,A201,1,0,36.0,⚠️ ÉTUDE MANUELLE,GER-CLI-1717
A13,24,A34,A43,3148,A65,A73,3,A93,A101,2,A123,31,A143,A152,2,A173,1,A192,A201,1,0,41.9,⚠️ ÉTUDE MANUELLE,GER-CLI-1718
A12,20,A30,A41,6148,A62,A75,3,A94,A101,4,A123,31,A141,A152,2,A173,1,A192,A201,1,0,50.1,❌ REFUSÉ,GER-CLI-1719
A13,9,A30,A43,1337,A61,A72,4,A93,A101,2,A123,34,A143,A152,2,A174,1,A192,A201,2,1,28.7,✅ ACCORDÉ,GER-CLI-1720
A12,6,A31,A46,433,A64,A72,4,A92,A101,2,A122,24,A141,A151,1,A173,2,A191,A201,2,1,28.2,✅ ACCORDÉ,GER-CLI-1721
A11,12,A32,A40,1228,A61,A73,4,A92,A101,2,A121,24,A143,A152,1,A172,1,A191,A201,2,1,34.6,⚠️ ÉTUDE MANUELLE,GER-CLI-1722
A12,9,A32,A43,790,A63,A73,4,A92,A101,3,A121,66,A143,A152,1,A172,1,A191,A201,1,0,16.4,✅ ACCORDÉ,GER-CLI-1723
A14,27,A32,A40,2570,A61,A73,3,A92,A101,3,A121,21,A143,A151,1,A173,1,A191,A201,2,1,46.9,⚠️ ÉTUDE MANUELLE,GER-CLI-1724
A14,6,A34,A40,250,A64,A73,2,A92,A101,2,A121,41,A141,A152,2,A172,1,A191,A201,1,0,15.4,✅ ACCORDÉ,GER-CLI-1725
A14,15,A34,A43,1316,A63,A73,2,A94,A101,2,A122,47,A143,A152,2,A172,1,A191,A201,1,0,19.9,✅ ACCORDÉ,GER-CLI-1726
A11,18,A32,A43,1882,A61,A73,4,A92,A101,4,A123,25,A141,A151,2,A173,1,A191,A201,2,1,40.7,⚠️ ÉTUDE MANUELLE,GER-CLI-1727
A12,48,A31,A49,6416,A61,A75,4,A92,A101,3,A124,59,A143,A151,1,A173,1,A191,A201,2,1,62.8,❌ REFUSÉ,GER-CLI-1728
A13,24,A34,A49,1275,A64,A73,2,A91,A101,4,A121,36,A143,A152,2,A173,1,A192,A201,1,0,28.7,✅ ACCORDÉ,GER-CLI-1729
A12,24,A33,A43,6403,A61,A72,1,A93,A101,2,A123,33,A143,A152,1,A173,1,A191,A201,1,0,43.1,⚠️ ÉTUDE MANUELLE,GER-CLI-1730
A11,24,A32,A43,1987,A61,A73,2,A93,A101,4,A121,21,A143,A151,1,A172,2,A191,A201,2,1,37.7,⚠️ ÉTUDE MANUELLE,GER-CLI-1731
A12,8,A32,A43,760,A61,A74,4,A92,A103,2,A121,44,A143,A152,1,A172,1,A191,A201,1,0,22.7,✅ ACCORDÉ,GER-CLI-1732
A14,24,A32,A41,2603,A64,A73,2,A92,A101,4,A123,28,A143,A151,1,A173,1,A192,A201,1,0,36.6,⚠️ ÉTUDE MANUELLE,GER-CLI-1733
A14,4,A34,A40,3380,A61,A74,1,A92,A101,1,A121,37,A143,A152,1,A173,2,A191,A201,1,0,19.6,✅ ACCORDÉ,GER-CLI-1734
A12,36,A31,A44,3990,A65,A72,3,A92,A101,2,A124,29,A141,A152,1,A171,1,A191,A201,1,0,54.9,❌ REFUSÉ,GER-CLI-1735
A12,24,A32,A41,11560,A61,A73,1,A92,A101,4,A123,23,A143,A151,2,A174,1,A191,A201,2,1,66.7,❌ REFUSÉ,GER-CLI-1736
A11,18,A32,A40,4380,A62,A73,3,A93,A101,4,A123,35,A143,A152,1,A172,2,A192,A201,1,0,40.1,⚠️ ÉTUDE MANUELLE,GER-CLI-1737
A14,6,A34,A40,6761,A61,A74,1,A93,A101,3,A124,45,A143,A152,2,A174,2,A192,A201,1,0,26.8,✅ ACCORDÉ,GER-CLI-1738
A12,30,A30,A49,4280,A62,A73,4,A92,A101,4,A123,26,A143,A151,2,A172,1,A191,A201,2,1,58.0,❌ REFUSÉ,GER-CLI-1739
A11,24,A31,A40,2325,A62,A74,2,A93,A101,3,A123,32,A141,A152,1,A173,1,A191,A201,1,0,33.8,⚠️ ÉTUDE MANUELLE,GER-CLI-1740
A12,10,A31,A43,1048,A61,A73,4,A93,A101,4,A121,23,A142,A152,1,A172,1,A191,A201,1,0,33.1,⚠️ ÉTUDE MANUELLE,GER-CLI-1741
A14,21,A32,A43,3160,A65,A75,4,A93,A101,3,A122,41,A143,A152,1,A173,1,A192,A201,1,0,39.7,⚠️ ÉTUDE MANUELLE,GER-CLI-1742
A11,24,A31,A42,2483,A63,A73,4,A93,A101,4,A121,22,A142,A152,1,A173,1,A192,A201,1,0,48.8,⚠️ ÉTUDE MANUELLE,GER-CLI-1743
A11,39,A34,A42,14179,A65,A74,4,A93,A101,4,A122,30,A143,A152,2,A174,1,A192,A201,1,0,88.0,❌ REFUSÉ,GER-CLI-1744
A11,13,A34,A49,1797,A61,A72,3,A93,A101,1,A122,28,A141,A152,2,A172,1,A191,A201,1,0,31.0,⚠️ ÉTUDE MANUELLE,GER-CLI-1745
A11,15,A32,A40,2511,A61,A71,1,A92,A101,4,A123,23,A143,A151,1,A173,1,A191,A201,1,0,28.2,✅ ACCORDÉ,GER-CLI-1746
A11,12,A32,A40,1274,A61,A72,3,A92,A101,1,A121,37,A143,A152,1,A172,1,A191,A201,2,1,25.2,✅ ACCORDÉ,GER-CLI-1747
A14,21,A32,A41,5248,A65,A73,1,A93,A101,3,A123,26,A143,A152,1,A173,1,A191,A201,1,0,40.1,⚠️ ÉTUDE MANUELLE,GER-CLI-1748
A14,15,A32,A41,3029,A61,A74,2,A93,A101,2,A123,33,A143,A152,1,A173,1,A191,A201,1,0,29.8,✅ ACCORDÉ,GER-CLI-1749
A11,6,A32,A42,428,A61,A75,2,A92,A101,1,A122,49,A141,A152,1,A173,1,A192,A201,1,0,13.8,✅ ACCORDÉ,GER-CLI-1750
A11,18,A32,A40,976,A61,A72,1,A92,A101,2,A123,23,A143,A152,1,A172,1,A191,A201,2,1,25.5,✅ ACCORDÉ,GER-CLI-1751
A12,12,A32,A49,841,A62,A74,2,A92,A101,4,A121,23,A143,A151,1,A172,1,A191,A201,1,0,25.5,✅ ACCORDÉ,GER-CLI-1752
A14,30,A34,A43,5771,A61,A74,4,A92,A101,2,A123,25,A143,A152,2,A173,1,A191,A201,1,0,63.8,❌ REFUSÉ,GER-CLI-1753
A14,12,A33,A45,1555,A64,A75,4,A93,A101,4,A124,55,A143,A153,2,A173,2,A191,A201,2,1,23.0,✅ ACCORDÉ,GER-CLI-1754
A11,24,A32,A40,1285,A65,A74,4,A92,A101,4,A124,32,A143,A151,1,A173,1,A191,A201,2,1,39.5,⚠️ ÉTUDE MANUELLE,GER-CLI-1755
A13,6,A34,A40,1299,A61,A73,1,A93,A101,1,A121,74,A143,A152,3,A171,2,A191,A202,1,0,8.3,✅ ACCORDÉ,GER-CLI-1756
A13,15,A34,A43,1271,A65,A73,3,A93,A101,4,A124,39,A143,A153,2,A173,1,A192,A201,2,1,26.1,✅ ACCORDÉ,GER-CLI-1757
A14,24,A32,A40,1393,A61,A73,2,A93,A103,2,A121,31,A143,A152,1,A173,1,A192,A201,1,0,31.2,⚠️ ÉTUDE MANUELLE,GER-CLI-1758
A11,12,A34,A40,691,A61,A75,4,A93,A101,3,A122,35,A143,A152,2,A173,1,A191,A201,2,1,28.2,✅ ACCORDÉ,GER-CLI-1759
A14,15,A34,A40,5045,A65,A75,1,A92,A101,4,A123,59,A143,A152,1,A173,1,A192,A201,1,0,21.9,✅ ACCORDÉ,GER-CLI-1760
A11,18,A34,A42,2124,A61,A73,4,A92,A101,4,A121,24,A143,A151,2,A173,1,A191,A201,2,1,42.0,⚠️ ÉTUDE MANUELLE,GER-CLI-1761
A11,12,A32,A43,2214,A61,A73,4,A93,A101,3,A122,24,A143,A152,1,A172,1,A191,A201,1,0,38.0,⚠️ ÉTUDE MANUELLE,GER-CLI-1762
A14,21,A34,A40,12680,A65,A75,4,A93,A101,4,A124,30,A143,A153,1,A174,1,A192,A201,2,1,77.4,❌ REFUSÉ,GER-CLI-1763
A14,24,A34,A40,2463,A62,A74,4,A94,A101,3,A122,27,A143,A152,2,A173,1,A192,A201,1,0,46.2,⚠️ ÉTUDE MANUELLE,GER-CLI-1764
A12,12,A32,A43,1155,A61,A75,3,A94,A103,3,A121,40,A141,A152,2,A172,1,A191,A201,1,0,23.7,✅ ACCORDÉ,GER-CLI-1765
A11,30,A32,A42,3108,A61,A72,2,A91,A101,4,A122,31,A143,A152,1,A172,1,A191,A201,2,1,41.2,⚠️ ÉTUDE MANUELLE,GER-CLI-1766
A14,10,A32,A41,2901,A65,A72,1,A92,A101,4,A121,31,A143,A151,1,A173,1,A191,A201,1,0,23.4,✅ ACCORDÉ,GER-CLI-1767
A12,12,A34,A42,3617,A61,A75,1,A93,A101,4,A123,28,A143,A151,3,A173,1,A192,A201,1,0,27.7,✅ ACCORDÉ,GER-CLI-1768
A14,12,A34,A43,1655,A61,A75,2,A93,A101,4,A121,63,A143,A152,2,A172,1,A192,A201,1,0,14.8,✅ ACCORDÉ,GER-CLI-1769
A11,24,A32,A41,2812,A65,A75,2,A92,A101,4,A121,26,A143,A151,1,A173,1,A191,A201,1,0,38.3,⚠️ ÉTUDE MANUELLE,GER-CLI-1770
A11,36,A34,A46,8065,A61,A73,3,A92,A101,2,A124,25,A143,A152,2,A174,1,A192,A201,2,1,70.9,❌ REFUSÉ,GER-CLI-1771
A14,21,A34,A41,3275,A61,A75,1,A93,A101,4,A123,36,A143,A152,1,A174,1,A192,A201,1,0,28.9,✅ ACCORDÉ,GER-CLI-1772
A14,24,A34,A43,2223,A62,A75,4,A93,A101,4,A122,52,A141,A152,2,A173,1,A191,A201,1,0,33.5,⚠️ ÉTUDE MANUELLE,GER-CLI-1773
A13,12,A34,A40,1480,A63,A71,2,A93,A101,4,A124,66,A141,A153,3,A171,1,A191,A201,1,0,13.7,✅ ACCORDÉ,GER-CLI-1774
A11,24,A32,A40,1371,A65,A73,4,A92,A101,4,A121,25,A143,A151,1,A173,1,A191,A201,2,1,43.2,⚠️ ÉTUDE MANUELLE,GER-CLI-1775
A14,36,A34,A40,3535,A61,A74,4,A93,A101,4,A123,37,A143,A152,2,A173,1,A192,A201,1,0,54.2,❌ REFUSÉ,GER-CLI-1776
A11,18,A32,A43,3509,A61,A74,4,A92,A103,1,A121,25,A143,A152,1,A173,1,A191,A201,1,0,46.7,⚠️ ÉTUDE MANUELLE,GER-CLI-1777
A14,36,A34,A41,5711,A64,A75,4,A93,A101,2,A123,38,A143,A152,2,A174,1,A192,A201,1,0,61.7,❌ REFUSÉ,GER-CLI-1778
A12,18,A32,A45,3872,A61,A71,2,A92,A101,4,A123,67,A143,A152,1,A173,1,A192,A201,1,0,21.1,✅ ACCORDÉ,GER-CLI-1779
A12,39,A34,A43,4933,A61,A74,2,A93,A103,2,A121,25,A143,A152,2,A173,1,A191,A201,2,1,57.7,❌ REFUSÉ,GER-CLI-1780
A14,24,A34,A40,1940,A64,A75,4,A93,A101,4,A121,60,A143,A152,1,A173,1,A192,A201,1,0,29.1,✅ ACCORDÉ,GER-CLI-1781
A12,12,A30,A48,1410,A61,A73,2,A93,A101,2,A121,31,A143,A152,1,A172,1,A192,A201,1,0,24.1,✅ ACCORDÉ,GER-CLI-1782
A12,12,A32,A40,836,A62,A72,4,A92,A101,2,A122,23,A141,A152,1,A172,1,A191,A201,2,1,33.7,⚠️ ÉTUDE MANUELLE,GER-CLI-1783
A12,20,A32,A41,6468,A65,A71,1,A91,A101,4,A121,60,A143,A152,1,A174,1,A192,A201,1,0,28.3,✅ ACCORDÉ,GER-CLI-1784
A12,18,A32,A49,1941,A64,A73,4,A93,A101,2,A122,35,A143,A152,1,A172,1,A192,A201,1,0,36.2,⚠️ ÉTUDE MANUELLE,GER-CLI-1785
A14,22,A32,A43,2675,A63,A75,3,A93,A101,4,A123,40,A143,A152,1,A173,1,A191,A201,1,0,34.6,⚠️ ÉTUDE MANUELLE,GER-CLI-1786
A14,48,A34,A41,2751,A65,A75,4,A93,A101,3,A123,38,A143,A152,2,A173,2,A192,A201,1,0,59.7,❌ REFUSÉ,GER-CLI-1787
A12,48,A33,A46,6224,A61,A75,4,A93,A101,4,A124,50,A143,A153,1,A173,1,A191,A201,2,1,66.2,❌ REFUSÉ,GER-CLI-1788
A11,40,A34,A46,5998,A61,A73,4,A93,A101,3,A124,27,A141,A152,1,A173,1,A192,A201,2,1,70.3,❌ REFUSÉ,GER-CLI-1789
A12,21,A32,A49,1188,A61,A75,2,A92,A101,4,A122,39,A143,A152,1,A173,2,A191,A201,2,1,25.5,✅ ACCORDÉ,GER-CLI-1790
A14,24,A32,A41,6313,A65,A75,3,A93,A101,4,A123,41,A143,A152,1,A174,2,A192,A201,1,0,48.7,⚠️ ÉTUDE MANUELLE,GER-CLI-1791
A14,6,A34,A42,1221,A65,A73,1,A94,A101,2,A122,27,A143,A152,2,A173,1,A191,A201,1,0,18.6,✅ ACCORDÉ,GER-CLI-1792
A13,24,A32,A42,2892,A61,A75,3,A91,A101,4,A124,51,A143,A153,1,A173,1,A191,A201,1,0,31.7,⚠️ ÉTUDE MANUELLE,GER-CLI-1793
A14,24,A32,A42,3062,A63,A75,4,A93,A101,3,A124,32,A143,A151,1,A173,1,A192,A201,1,0,46.0,⚠️ ÉTUDE MANUELLE,GER-CLI-1794
A14,9,A32,A42,2301,A62,A72,2,A92,A101,4,A122,22,A143,A151,1,A173,1,A191,A201,1,0,28.4,✅ ACCORDÉ,GER-CLI-1795
A11,18,A32,A41,7511,A65,A75,1,A93,A101,4,A122,51,A143,A153,1,A173,2,A192,A201,2,1,34.2,⚠️ ÉTUDE MANUELLE,GER-CLI-1796
A14,12,A34,A42,1258,A61,A72,2,A92,A101,4,A122,22,A143,A151,2,A172,1,A191,A201,1,0,27.1,✅ ACCORDÉ,GER-CLI-1797
A14,24,A33,A40,717,A65,A75,4,A94,A101,4,A123,54,A143,A152,2,A173,1,A192,A201,1,0,27.8,✅ ACCORDÉ,GER-CLI-1798
A12,9,A32,A40,1549,A65,A72,4,A93,A101,2,A121,35,A143,A152,1,A171,1,A191,A201,1,0,29.0,✅ ACCORDÉ,GER-CLI-1799
A14,24,A34,A46,1597,A61,A75,4,A93,A101,4,A124,54,A143,A153,2,A173,2,A191,A201,1,0,30.6,⚠️ ÉTUDE MANUELLE,GER-CLI-1800
A12,18,A34,A43,1795,A61,A75,3,A92,A103,4,A121,48,A141,A151,2,A172,1,A192,A201,1,0,25.9,✅ ACCORDÉ,GER-CLI-1801
A11,20,A34,A42,4272,A61,A75,1,A92,A101,4,A122,24,A143,A152,2,A173,1,A191,A201,1,0,36.8,⚠️ ÉTUDE MANUELLE,GER-CLI-1802
A14,12,A34,A43,976,A65,A75,4,A93,A101,4,A123,35,A143,A152,2,A173,1,A191,A201,1,0,29.0,✅ ACCORDÉ,GER-CLI-1803
A12,12,A32,A40,7472,A65,A71,1,A92,A101,2,A121,24,A143,A151,1,A171,1,A191,A201,1,0,42.6,⚠️ ÉTUDE MANUELLE,GER-CLI-1804
A11,36,A32,A40,9271,A61,A74,2,A93,A101,1,A123,24,A143,A152,1,A173,1,A192,A201,2,1,70.9,❌ REFUSÉ,GER-CLI-1805
A12,6,A32,A43,590,A61,A72,3,A94,A101,3,A121,26,A143,A152,1,A172,1,A191,A202,1,0,24.0,✅ ACCORDÉ,GER-CLI-1806
A14,12,A34,A43,930,A65,A75,4,A93,A101,4,A121,65,A143,A152,4,A173,1,A191,A201,1,0,18.2,✅ ACCORDÉ,GER-CLI-1807
A12,42,A31,A41,9283,A61,A71,1,A93,A101,2,A124,55,A141,A153,1,A174,1,A192,A201,1,0,56.3,❌ REFUSÉ,GER-CLI-1808
A12,15,A30,A40,1778,A61,A72,2,A92,A101,1,A121,26,A143,A151,2,A171,1,A191,A201,2,1,28.8,✅ ACCORDÉ,GER-CLI-1809
A12,8,A32,A49,907,A61,A72,3,A94,A101,2,A121,26,A143,A152,1,A173,1,A192,A201,1,0,26.0,✅ ACCORDÉ,GER-CLI-1810
A12,6,A32,A43,484,A61,A74,3,A94,A103,3,A121,28,A141,A152,1,A172,1,A191,A201,1,0,23.0,✅ ACCORDÉ,GER-CLI-1811
A11,36,A34,A41,9629,A61,A74,4,A93,A101,4,A123,24,A143,A152,2,A173,1,A192,A201,2,1,79.3,❌ REFUSÉ,GER-CLI-1812
A11,48,A32,A44,3051,A61,A73,3,A93,A101,4,A123,54,A143,A152,1,A173,1,A191,A201,2,1,47.9,⚠️ ÉTUDE MANUELLE,GER-CLI-1813
A11,48,A32,A40,3931,A61,A74,4,A93,A101,4,A124,46,A143,A153,1,A173,2,A191,A201,2,1,60.1,❌ REFUSÉ,GER-CLI-1814
A12,36,A33,A40,7432,A61,A73,2,A92,A101,2,A122,54,A143,A151,1,A173,1,A191,A201,1,0,50.4,❌ REFUSÉ,GER-CLI-1815
A14,6,A32,A44,1338,A63,A73,1,A91,A101,4,A121,62,A143,A152,1,A173,1,A191,A201,1,0,10.3,✅ ACCORDÉ,GER-CLI-1816
A14,6,A34,A43,1554,A61,A74,1,A92,A101,2,A123,24,A143,A151,2,A173,1,A192,A201,1,0,20.3,✅ ACCORDÉ,GER-CLI-1817
A11,36,A32,A410,15857,A61,A71,2,A91,A102,3,A123,43,A143,A152,1,A174,1,A191,A201,1,0,81.7,❌ REFUSÉ,GER-CLI-1818
A11,18,A32,A43,1345,A61,A73,4,A94,A101,3,A121,26,A141,A152,1,A173,1,A191,A201,2,1,38.3,⚠️ ÉTUDE MANUELLE,GER-CLI-1819
A14,12,A32,A40,1101,A61,A73,3,A94,A101,2,A121,27,A143,A152,2,A173,1,A192,A201,1,0,28.6,✅ ACCORDÉ,GER-CLI-1820
A13,12,A32,A43,3016,A61,A73,3,A94,A101,1,A123,24,A143,A152,1,A173,1,A191,A201,1,0,36.2,⚠️ ÉTUDE MANUELLE,GER-CLI-1821
A11,36,A32,A42,2712,A61,A75,2,A93,A101,2,A122,41,A141,A152,1,A173,2,A191,A201,2,1,39.3,⚠️ ÉTUDE MANUELLE,GER-CLI-1822
A11,8,A34,A40,731,A61,A75,4,A93,A101,4,A121,47,A143,A152,2,A172,1,A191,A201,1,0,21.6,✅ ACCORDÉ,GER-CLI-1823
A14,18,A34,A42,3780,A61,A72,3,A91,A101,2,A123,35,A143,A152,2,A174,1,A192,A201,1,0,37.9,⚠️ ÉTUDE MANUELLE,GER-CLI-1824
A11,21,A34,A40,1602,A61,A75,4,A94,A101,3,A123,30,A143,A152,2,A173,1,A192,A201,1,0,39.4,⚠️ ÉTUDE MANUELLE,GER-CLI-1825
A11,18,A34,A40,3966,A61,A75,1,A92,A101,4,A121,33,A141,A151,3,A173,1,A192,A201,2,1,30.5,⚠️ ÉTUDE MANUELLE,GER-CLI-1826
A14,18,A30,A49,4165,A61,A73,2,A93,A101,2,A123,36,A142,A152,2,A173,2,A191,A201,2,1,34.2,⚠️ ÉTUDE MANUELLE,GER-CLI-1827
A11,36,A32,A41,8335,A65,A75,3,A93,A101,4,A124,47,A143,A153,1,A173,1,A191,A201,2,1,62.0,❌ REFUSÉ,GER-CLI-1828
A12,48,A33,A49,6681,A65,A73,4,A93,A101,4,A124,38,A143,A153,1,A173,2,A192,A201,1,0,72.8,❌ REFUSÉ,GER-CLI-1829
A14,24,A33,A49,2375,A63,A73,4,A93,A101,2,A123,44,A143,A152,2,A173,2,A192,A201,1,0,37.7,⚠️ ÉTUDE MANUELLE,GER-CLI-1830
A11,18,A32,A40,1216,A61,A72,4,A92,A101,3,A123,23,A143,A151,1,A173,1,A192,A201,2,1,39.2,⚠️ ÉTUDE MANUELLE,GER-CLI-1831
A11,45,A30,A49,11816,A61,A75,2,A93,A101,4,A123,29,A143,A151,2,A173,1,A191,A201,2,1,80.9,❌ REFUSÉ,GER-CLI-1832
A12,24,A32,A43,5084,A65,A75,2,A92,A101,4,A123,42,A143,A152,1,A173,1,A192,A201,1,0,38.8,⚠️ ÉTUDE MANUELLE,GER-CLI-1833
A13,15,A32,A43,2327,A61,A72,2,A92,A101,3,A121,25,A143,A152,1,A172,1,A191,A201,2,1,31.0,⚠️ ÉTUDE MANUELLE,GER-CLI-1834
A11,12,A30,A40,1082,A61,A73,4,A93,A101,4,A123,48,A141,A152,2,A173,1,A191,A201,2,1,24.3,✅ ACCORDÉ,GER-CLI-1835
A14,12,A32,A43,886,A65,A73,4,A92,A101,2,A123,21,A143,A152,1,A173,1,A191,A201,1,0,34.8,⚠️ ÉTUDE MANUELLE,GER-CLI-1836
A14,4,A32,A42,601,A61,A72,1,A92,A101,3,A121,23,A143,A151,1,A172,2,A191,A201,1,0,17.5,✅ ACCORDÉ,GER-CLI-1837
A11,24,A34,A41,2957,A61,A75,4,A93,A101,4,A122,63,A143,A152,2,A173,1,A192,A201,1,0,31.1,⚠️ ÉTUDE MANUELLE,GER-CLI-1838
A14,24,A34,A43,2611,A61,A75,4,A94,A102,3,A121,46,A143,A152,2,A173,1,A191,A201,1,0,37.6,⚠️ ÉTUDE MANUELLE,GER-CLI-1839
A11,36,A32,A42,5179,A61,A74,4,A93,A101,2,A122,29,A143,A152,1,A173,1,A191,A201,2,1,64.0,❌ REFUSÉ,GER-CLI-1840
A14,21,A33,A41,2993,A61,A73,3,A93,A101,2,A121,28,A142,A152,2,A172,1,A191,A201,1,0,40.6,⚠️ ÉTUDE MANUELLE,GER-CLI-1841
A14,18,A32,A45,1943,A61,A72,4,A92,A101,4,A121,23,A143,A152,1,A173,1,A191,A201,2,1,41.9,⚠️ ÉTUDE MANUELLE,GER-CLI-1842
A14,24,A31,A49,1559,A61,A74,4,A93,A101,4,A123,50,A141,A152,1,A173,1,A192,A201,1,0,32.2,⚠️ ÉTUDE MANUELLE,GER-CLI-1843
A14,18,A32,A42,3422,A61,A75,4,A93,A101,4,A122,47,A141,A152,3,A173,2,A192,A201,1,0,35.7,⚠️ ÉTUDE MANUELLE,GER-CLI-1844
A12,21,A32,A42,3976,A65,A74,2,A93,A101,3,A123,35,A143,A152,1,A173,1,A192,A201,1,0,36.0,⚠️ ÉTUDE MANUELLE,GER-CLI-1845
A14,18,A32,A40,6761,A65,A73,2,A93,A101,4,A123,68,A143,A151,2,A173,1,A191,A201,2,1,28.8,✅ ACCORDÉ,GER-CLI-1846
A14,24,A32,A40,1249,A61,A72,4,A94,A101,2,A121,28,A143,A152,1,A173,1,A191,A201,1,0,41.3,⚠️ ÉTUDE MANUELLE,GER-CLI-1847
A11,9,A32,A43,1364,A61,A74,3,A93,A101,4,A121,59,A143,A152,1,A173,1,A191,A201,1,0,16.7,✅ ACCORDÉ,GER-CLI-1848
A11,12,A32,A43,709,A61,A75,4,A93,A101,4,A121,57,A142,A152,1,A172,1,A191,A201,2,1,20.2,✅ ACCORDÉ,GER-CLI-1849
A11,20,A34,A40,2235,A61,A73,4,A94,A103,2,A122,33,A141,A151,2,A173,1,A191,A202,2,1,39.5,⚠️ ÉTUDE MANUELLE,GER-CLI-1850
A14,24,A34,A41,4042,A65,A74,3,A93,A101,4,A122,43,A143,A152,2,A173,1,A192,A201,1,0,39.3,⚠️ ÉTUDE MANUELLE,GER-CLI-1851
A14,15,A34,A43,1471,A61,A73,4,A93,A101,4,A124,35,A143,A153,2,A173,1,A192,A201,1,0,32.5,⚠️ ÉTUDE MANUELLE,GER-CLI-1852
A11,18,A31,A40,1442,A61,A74,4,A93,A101,4,A124,32,A143,A153,2,A172,2,A191,A201,2,1,35.8,⚠️ ÉTUDE MANUELLE,GER-CLI-1853
A14,36,A33,A40,10875,A61,A75,2,A93,A101,2,A123,45,A143,A152,2,A173,2,A192,A201,1,0,67.1,❌ REFUSÉ,GER-CLI-1854
A14,24,A32,A40,1474,A62,A72,4,A94,A101,3,A121,33,A143,A152,1,A173,1,A192,A201,1,0,39.7,⚠️ ÉTUDE MANUELLE,GER-CLI-1855
A14,10,A32,A48,894,A65,A74,4,A92,A101,3,A122,40,A143,A152,1,A173,1,A192,A201,1,0,25.6,✅ ACCORDÉ,GER-CLI-1856
A14,15,A34,A42,3343,A61,A73,4,A93,A101,2,A124,28,A143,A153,1,A173,1,A192,A201,1,0,42.3,⚠️ ÉTUDE MANUELLE,GER-CLI-1857
A11,15,A32,A40,3959,A61,A73,3,A92,A101,2,A122,29,A143,A152,1,A173,1,A192,A201,2,1,39.3,⚠️ ÉTUDE MANUELLE,GER-CLI-1858
A14,9,A32,A40,3577,A62,A73,1,A93,A103,2,A121,26,A143,A151,1,A173,2,A191,A202,1,0,26.6,✅ ACCORDÉ,GER-CLI-1859
A14,24,A34,A41,5804,A64,A73,4,A93,A101,2,A121,27,A143,A152,2,A173,1,A191,A201,1,0,58.7,❌ REFUSÉ,GER-CLI-1860
A14,18,A33,A49,2169,A61,A73,4,A94,A101,2,A123,28,A143,A152,1,A173,1,A192,A201,2,1,40.3,⚠️ ÉTUDE MANUELLE,GER-CLI-1861
A11,24,A32,A43,2439,A61,A72,4,A92,A101,4,A121,35,A143,A152,1,A173,1,A192,A201,2,1,42.2,⚠️ ÉTUDE MANUELLE,GER-CLI-1862
A14,27,A34,A42,4526,A64,A72,4,A93,A101,2,A121,32,A142,A152,2,A172,2,A192,A201,1,0,53.7,❌ REFUSÉ,GER-CLI-1863
A14,10,A32,A42,2210,A61,A73,2,A93,A101,2,A121,25,A141,A151,1,A172,1,A191,A201,2,1,27.5,✅ ACCORDÉ,GER-CLI-1864
A14,15,A32,A42,2221,A63,A73,2,A92,A101,4,A123,20,A143,A151,1,A173,1,A191,A201,1,0,32.8,⚠️ ÉTUDE MANUELLE,GER-CLI-1865
A11,18,A32,A43,2389,A61,A72,4,A92,A101,1,A123,27,A142,A152,1,A173,1,A191,A201,1,0,41.5,⚠️ ÉTUDE MANUELLE,GER-CLI-1866
A14,12,A34,A42,3331,A61,A75,2,A93,A101,4,A122,42,A142,A152,1,A173,1,A191,A201,1,0,25.3,✅ ACCORDÉ,GER-CLI-1867
A14,36,A32,A49,7409,A65,A75,3,A93,A101,2,A122,37,A143,A152,2,A173,1,A191,A201,1,0,63.4,❌ REFUSÉ,GER-CLI-1868
A11,12,A32,A42,652,A61,A75,4,A92,A101,4,A122,24,A143,A151,1,A173,1,A191,A201,1,0,32.7,⚠️ ÉTUDE MANUELLE,GER-CLI-1869
A14,36,A33,A42,7678,A63,A74,2,A92,A101,4,A123,40,A143,A152,2,A173,1,A192,A201,1,0,58.2,❌ REFUSÉ,GER-CLI-1870
A13,6,A34,A40,1343,A61,A75,1,A93,A101,4,A121,46,A143,A152,2,A173,2,A191,A202,1,0,13.7,✅ ACCORDÉ,GER-CLI-1871
A11,24,A34,A49,1382,A62,A74,4,A93,A101,1,A121,26,A143,A152,2,A173,1,A192,A201,1,0,42.7,⚠️ ÉTUDE MANUELLE,GER-CLI-1872
A14,15,A32,A44,874,A65,A72,4,A92,A101,1,A121,24,A143,A152,1,A173,1,A191,A201,1,0,35.5,⚠️ ÉTUDE MANUELLE,GER-CLI-1873
A11,12,A32,A42,3590,A61,A73,2,A93,A102,2,A122,29,A143,A152,1,A172,2,A191,A201,1,0,31.4,⚠️ ÉTUDE MANUELLE,GER-CLI-1874
A12,11,A34,A40,1322,A64,A73,4,A92,A101,4,A123,40,A143,A152,2,A173,1,A191,A201,1,0,27.5,✅ ACCORDÉ,GER-CLI-1875
A11,18,A31,A43,1940,A61,A72,3,A93,A102,4,A124,36,A141,A153,1,A174,1,A192,A201,1,0,31.2,⚠️ ÉTUDE MANUELLE,GER-CLI-1876
A14,36,A32,A43,3595,A61,A75,4,A93,A101,2,A123,28,A143,A152,1,A173,1,A191,A201,1,0,58.9,❌ REFUSÉ,GER-CLI-1877
A11,9,A32,A40,1422,A61,A72,3,A93,A101,2,A124,27,A143,A153,1,A174,1,A192,A201,2,1,27.8,✅ ACCORDÉ,GER-CLI-1878
A14,30,A34,A43,6742,A65,A74,2,A93,A101,3,A122,36,A143,A152,2,A173,1,A191,A201,1,0,52.3,❌ REFUSÉ,GER-CLI-1879
A14,24,A32,A41,7814,A61,A74,3,A93,A101,3,A123,38,A143,A152,1,A174,1,A192,A201,1,0,55.8,❌ REFUSÉ,GER-CLI-1880
A14,24,A32,A41,9277,A65,A73,2,A91,A101,4,A124,48,A143,A153,1,A173,1,A192,A201,1,0,51.3,❌ REFUSÉ,GER-CLI-1881
A12,30,A34,A40,2181,A65,A75,4,A93,A101,4,A121,36,A143,A152,2,A173,1,A191,A201,1,0,45.2,⚠️ ÉTUDE MANUELLE,GER-CLI-1882
A14,18,A34,A43,1098,A61,A71,4,A92,A101,4,A123,65,A143,A152,2,A171,1,A191,A201,1,0,21.5,✅ ACCORDÉ,GER-CLI-1883
A12,24,A32,A42,4057,A61,A74,3,A91,A101,3,A123,43,A143,A152,1,A173,1,A192,A201,2,1,39.4,⚠️ ÉTUDE MANUELLE,GER-CLI-1884
A11,12,A32,A46,795,A61,A72,4,A92,A101,4,A122,53,A143,A152,1,A173,1,A191,A201,2,1,21.7,✅ ACCORDÉ,GER-CLI-1885
A12,24,A34,A49,2825,A65,A74,4,A93,A101,3,A124,34,A143,A152,2,A173,2,A192,A201,1,0,44.1,⚠️ ÉTUDE MANUELLE,GER-CLI-1886
A12,48,A32,A49,15672,A61,A73,2,A93,A101,2,A123,23,A143,A152,1,A173,1,A192,A201,2,1,90.3,❌ REFUSÉ,GER-CLI-1887
A14,36,A34,A40,6614,A61,A75,4,A93,A101,4,A123,34,A143,A152,2,A174,1,A192,A201,1,0,66.6,❌ REFUSÉ,GER-CLI-1888
A14,28,A31,A41,7824,A65,A72,3,A93,A103,4,A121,40,A141,A151,2,A173,2,A192,A201,1,0,57.8,❌ REFUSÉ,GER-CLI-1889
A11,27,A34,A49,2442,A61,A75,4,A93,A101,4,A123,43,A142,A152,4,A174,2,A192,A201,1,0,40.5,⚠️ ÉTUDE MANUELLE,GER-CLI-1890
A14,15,A34,A43,1829,A61,A75,4,A93,A101,4,A123,46,A143,A152,2,A173,1,A192,A201,1,0,29.0,✅ ACCORDÉ,GER-CLI-1891
A11,12,A34,A40,2171,A61,A73,4,A93,A101,4,A122,38,A141,A152,2,A172,1,A191,A202,1,0,31.6,⚠️ ÉTUDE MANUELLE,GER-CLI-1892
A12,36,A34,A41,5800,A61,A73,3,A93,A101,4,A123,34,A143,A152,2,A173,1,A192,A201,1,0,59.1,❌ REFUSÉ,GER-CLI-1893
A14,18,A34,A43,1169,A65,A73,4,A93,A101,3,A122,29,A143,A152,2,A173,1,A192,A201,1,0,36.2,⚠️ ÉTUDE MANUELLE,GER-CLI-1894
A14,36,A33,A41,8947,A65,A74,3,A93,A101,2,A123,31,A142,A152,1,A174,2,A192,A201,1,0,71.1,❌ REFUSÉ,GER-CLI-1895
A11,21,A32,A43,2606,A61,A72,4,A92,A101,4,A122,28,A143,A151,1,A174,1,A192,A201,1,0,44.1,⚠️ ÉTUDE MANUELLE,GER-CLI-1896
A14,12,A34,A42,1592,A64,A74,3,A92,A101,2,A122,35,A143,A152,1,A173,1,A191,A202,1,0,26.9,✅ ACCORDÉ,GER-CLI-1897
A14,15,A32,A42,2186,A65,A74,1,A92,A101,4,A121,33,A141,A151,1,A172,1,A191,A201,1,0,23.5,✅ ACCORDÉ,GER-CLI-1898
A11,18,A32,A42,4153,A61,A73,2,A93,A102,3,A123,42,A143,A152,1,A173,1,A191,A201,2,1,31.5,⚠️ ÉTUDE MANUELLE,GER-CLI-1899
A11,16,A34,A40,2625,A61,A75,2,A93,A103,4,A122,43,A141,A151,1,A173,1,A192,A201,2,1,25.2,✅ ACCORDÉ,GER-CLI-1900
A14,20,A34,A40,3485,A65,A72,2,A91,A101,4,A121,44,A143,A152,2,A173,1,A192,A201,1,0,29.8,✅ ACCORDÉ,GER-CLI-1901
A14,36,A34,A41,10477,A65,A75,2,A93,A101,4,A124,42,A143,A153,2,A173,1,A191,A201,1,0,67.1,❌ REFUSÉ,GER-CLI-1902
A14,15,A32,A43,1386,A65,A73,4,A94,A101,2,A121,40,A143,A151,1,A173,1,A192,A201,1,0,30.1,⚠️ ÉTUDE MANUELLE,GER-CLI-1903
A14,24,A32,A43,1278,A61,A75,4,A93,A101,1,A121,36,A143,A152,1,A174,1,A192,A201,1,0,37.6,⚠️ ÉTUDE MANUELLE,GER-CLI-1904
A11,12,A32,A43,1107,A61,A73,2,A93,A101,2,A121,20,A143,A151,1,A174,2,A192,A201,1,0,27.4,✅ ACCORDÉ,GER-CLI-1905
A11,21,A32,A40,3763,A65,A74,2,A93,A102,2,A121,24,A143,A152,1,A172,1,A191,A202,1,0,40.5,⚠️ ÉTUDE MANUELLE,GER-CLI-1906
A12,36,A32,A46,3711,A65,A73,2,A94,A101,2,A123,27,A143,A152,1,A173,1,A191,A201,1,0,49.9,⚠️ ÉTUDE MANUELLE,GER-CLI-1907
A14,15,A33,A41,3594,A61,A72,1,A92,A101,2,A122,46,A143,A152,2,A172,1,A191,A201,1,0,22.6,✅ ACCORDÉ,GER-CLI-1908
A12,9,A32,A40,3195,A65,A73,1,A92,A101,2,A121,33,A143,A152,1,A172,1,A191,A201,1,0,23.0,✅ ACCORDÉ,GER-CLI-1909
A14,36,A33,A43,4454,A61,A73,4,A92,A101,4,A121,34,A143,A152,2,A173,1,A191,A201,1,0,59.1,❌ REFUSÉ,GER-CLI-1910
A12,24,A34,A42,4736,A61,A72,2,A92,A101,4,A123,25,A141,A152,1,A172,1,A191,A201,2,1,45.8,⚠️ ÉTUDE MANUELLE,GER-CLI-1911
A12,30,A32,A43,2991,A65,A75,2,A92,A101,4,A123,25,A143,A152,1,A173,1,A191,A201,1,0,43.7,⚠️ ÉTUDE MANUELLE,GER-CLI-1912
A14,11,A32,A49,2142,A64,A75,1,A91,A101,2,A121,28,A143,A152,1,A173,1,A192,A201,1,0,23.0,✅ ACCORDÉ,GER-CLI-1913
A11,24,A31,A49,3161,A61,A73,4,A93,A101,2,A122,31,A143,A151,1,A173,1,A192,A201,2,1,46.9,⚠️ ÉTUDE MANUELLE,GER-CLI-1914
A12,48,A30,A410,18424,A61,A73,1,A92,A101,2,A122,32,A141,A152,1,A174,1,A192,A202,2,1,90.6,❌ REFUSÉ,GER-CLI-1915
A14,10,A32,A41,2848,A62,A73,1,A93,A102,2,A121,32,A143,A152,1,A173,2,A191,A201,1,0,22.9,✅ ACCORDÉ,GER-CLI-1916
A11,6,A32,A40,14896,A61,A75,1,A93,A101,4,A124,68,A141,A152,1,A174,1,A192,A201,2,1,43.9,⚠️ ÉTUDE MANUELLE,GER-CLI-1917
A11,24,A32,A42,2359,A62,A71,1,A91,A101,1,A122,33,A143,A152,1,A173,1,A191,A201,2,1,29.2,✅ ACCORDÉ,GER-CLI-1918
A11,24,A32,A42,3345,A61,A75,4,A93,A101,2,A122,39,A143,A151,1,A174,1,A192,A201,2,1,43.6,⚠️ ÉTUDE MANUELLE,GER-CLI-1919
A14,18,A34,A42,1817,A61,A73,4,A92,A101,2,A124,28,A143,A152,2,A173,1,A191,A201,1,0,39.0,⚠️ ÉTUDE MANUELLE,GER-CLI-1920
A14,48,A33,A43,12749,A63,A74,4,A93,A101,1,A123,37,A143,A152,1,A174,1,A192,A201,1,0,87.1,❌ REFUSÉ,GER-CLI-1921
A11,9,A32,A43,1366,A61,A72,3,A92,A101,4,A122,22,A143,A151,1,A173,1,A191,A201,2,1,29.6,✅ ACCORDÉ,GER-CLI-1922
A12,12,A32,A40,2002,A61,A74,3,A93,A101,4,A122,30,A143,A151,1,A173,2,A192,A201,1,0,30.2,⚠️ ÉTUDE MANUELLE,GER-CLI-1923
A11,24,A31,A42,6872,A61,A72,2,A91,A101,1,A122,55,A141,A152,1,A173,1,A192,A201,2,1,39.0,⚠️ ÉTUDE MANUELLE,GER-CLI-1924
A11,12,A31,A40,697,A61,A72,4,A93,A101,2,A123,46,A141,A152,2,A173,1,A192,A201,2,1,23.9,✅ ACCORDÉ,GER-CLI-1925
A11,18,A34,A42,1049,A61,A72,4,A92,A101,4,A122,21,A143,A151,1,A173,1,A191,A201,1,0,39.6,⚠️ ÉTUDE MANUELLE,GER-CLI-1926
A11,48,A32,A41,10297,A61,A74,4,A93,A101,4,A124,39,A142,A153,3,A173,2,A192,A201,2,1,81.8,❌ REFUSÉ,GER-CLI-1927
A14,30,A32,A43,1867,A65,A75,4,A93,A101,4,A123,58,A143,A152,1,A173,1,A192,A201,1,0,33.6,⚠️ ÉTUDE MANUELLE,GER-CLI-1928
A11,12,A33,A40,1344,A61,A73,4,A93,A101,2,A121,43,A143,A152,2,A172,2,A191,A201,1,0,26.9,✅ ACCORDÉ,GER-CLI-1929
A11,24,A32,A42,1747,A61,A72,4,A93,A102,1,A122,24,A143,A152,1,A172,1,A191,A202,1,0,45.1,⚠️ ÉTUDE MANUELLE,GER-CLI-1930
A12,9,A32,A43,1670,A61,A72,4,A92,A101,2,A123,22,A143,A152,1,A173,1,A192,A201,2,1,35.0,⚠️ ÉTUDE MANUELLE,GER-CLI-1931
A14,9,A34,A40,1224,A61,A73,3,A93,A101,1,A121,30,A143,A152,2,A173,1,A191,A201,1,0,26.0,✅ ACCORDÉ,GER-CLI-1932
A14,12,A34,A43,522,A63,A75,4,A93,A101,4,A122,42,A143,A152,2,A173,2,A192,A201,1,0,24.9,✅ ACCORDÉ,GER-CLI-1933
A11,12,A32,A43,1498,A61,A73,4,A92,A101,1,A123,23,A141,A152,1,A173,1,A191,A201,1,0,36.0,⚠️ ÉTUDE MANUELLE,GER-CLI-1934
A12,30,A33,A43,1919,A62,A72,4,A93,A101,3,A124,30,A142,A152,2,A174,1,A191,A201,2,1,47.2,⚠️ ÉTUDE MANUELLE,GER-CLI-1935
A13,9,A32,A43,745,A61,A73,3,A92,A101,2,A121,28,A143,A152,1,A172,1,A191,A201,2,1,25.4,✅ ACCORDÉ,GER-CLI-1936
A12,6,A32,A43,2063,A61,A72,4,A94,A101,3,A123,30,A143,A151,1,A174,1,A192,A201,1,0,30.8,⚠️ ÉTUDE MANUELLE,GER-CLI-1937
A12,60,A32,A46,6288,A61,A73,4,A93,A101,4,A124,42,A143,A153,1,A173,1,A191,A201,2,1,76.9,❌ REFUSÉ,GER-CLI-1938
A14,24,A34,A41,6842,A65,A73,2,A93,A101,4,A122,46,A143,A152,2,A174,2,A192,A201,1,0,43.2,⚠️ ÉTUDE MANUELLE,GER-CLI-1939
A14,12,A32,A40,3527,A65,A72,2,A93,A101,3,A122,45,A143,A152,1,A174,2,A192,A201,1,0,24.8,✅ ACCORDÉ,GER-CLI-1940
A14,10,A32,A40,1546,A61,A73,3,A93,A101,2,A121,31,A143,A152,1,A172,2,A191,A202,1,0,27.1,✅ ACCORDÉ,GER-CLI-1941
A14,24,A32,A42,929,A65,A74,4,A93,A101,2,A123,31,A142,A152,1,A173,1,A192,A201,1,0,38.7,⚠️ ÉTUDE MANUELLE,GER-CLI-1942
A14,4,A34,A40,1455,A61,A74,2,A93,A101,1,A121,42,A143,A152,3,A172,2,A191,A201,1,0,16.8,✅ ACCORDÉ,GER-CLI-1943
A11,15,A32,A42,1845,A61,A72,4,A92,A103,1,A122,46,A143,A151,1,A173,1,A191,A201,1,0,29.0,✅ ACCORDÉ,GER-CLI-1944
A12,48,A30,A40,8358,A63,A72,1,A92,A101,1,A123,30,A143,A152,2,A173,1,A191,A201,1,0,68.9,❌ REFUSÉ,GER-CLI-1945
A11,24,A31,A42,3349,A63,A72,4,A93,A101,4,A124,30,A143,A153,1,A173,2,A192,A201,2,1,48.1,⚠️ ÉTUDE MANUELLE,GER-CLI-1946
A14,12,A32,A40,2859,A65,A71,4,A93,A101,4,A124,38,A143,A152,1,A174,1,A192,A201,1,0,33.8,⚠️ ÉTUDE MANUELLE,GER-CLI-1947
A14,18,A32,A42,1533,A61,A72,4,A94,A102,1,A122,43,A143,A152,1,A172,2,A191,A201,2,1,31.2,⚠️ ÉTUDE MANUELLE,GER-CLI-1948
A14,24,A32,A43,3621,A62,A75,2,A93,A101,4,A123,31,A143,A152,2,A173,1,A191,A201,2,1,38.8,⚠️ ÉTUDE MANUELLE,GER-CLI-1949
A12,18,A34,A49,3590,A61,A71,3,A94,A101,3,A123,40,A143,A152,3,A171,2,A192,A201,1,0,34.9,⚠️ ÉTUDE MANUELLE,GER-CLI-1950
A11,36,A33,A49,2145,A61,A74,2,A93,A101,1,A123,24,A143,A152,2,A173,1,A192,A201,2,1,45.6,⚠️ ÉTUDE MANUELLE,GER-CLI-1951
A12,24,A32,A41,4113,A63,A72,3,A92,A101,4,A123,28,A143,A151,1,A173,1,A191,A201,2,1,46.9,⚠️ ÉTUDE MANUELLE,GER-CLI-1952
A14,36,A32,A42,10974,A61,A71,4,A92,A101,2,A123,26,A143,A152,2,A174,1,A192,A201,2,1,81.8,❌ REFUSÉ,GER-CLI-1953
A11,12,A32,A40,1893,A61,A73,4,A92,A103,4,A122,29,A143,A152,1,A173,1,A192,A201,1,0,34.6,⚠️ ÉTUDE MANUELLE,GER-CLI-1954
A11,24,A34,A43,1231,A64,A75,4,A92,A101,4,A122,57,A143,A151,2,A174,1,A192,A201,1,0,28.2,✅ ACCORDÉ,GER-CLI-1955
A13,30,A34,A43,3656,A65,A75,4,A93,A101,4,A122,49,A142,A152,2,A172,1,A191,A201,1,0,44.2,⚠️ ÉTUDE MANUELLE,GER-CLI-1956
A12,9,A34,A43,1154,A61,A75,2,A93,A101,4,A121,37,A143,A152,3,A172,1,A191,A201,1,0,19.8,✅ ACCORDÉ,GER-CLI-1957
A11,28,A32,A40,4006,A61,A73,3,A93,A101,2,A123,45,A143,A152,1,A172,1,A191,A201,2,1,41.1,⚠️ ÉTUDE MANUELLE,GER-CLI-1958
A12,24,A32,A42,3069,A62,A75,4,A93,A101,4,A124,30,A143,A153,1,A173,1,A191,A201,1,0,47.0,⚠️ ÉTUDE MANUELLE,GER-CLI-1959
A14,6,A34,A43,1740,A61,A75,2,A94,A101,2,A121,30,A143,A151,2,A173,1,A191,A201,1,0,22.1,✅ ACCORDÉ,GER-CLI-1960
A12,21,A33,A40,2353,A61,A73,1,A91,A101,4,A122,47,A143,A152,2,A173,1,A191,A201,1,0,22.1,✅ ACCORDÉ,GER-CLI-1961
A14,15,A32,A40,3556,A65,A73,3,A93,A101,2,A124,29,A143,A152,1,A173,1,A191,A201,1,0,37.8,⚠️ ÉTUDE MANUELLE,GER-CLI-1962
A14,24,A32,A43,2397,A63,A75,3,A93,A101,2,A123,35,A141,A152,2,A173,1,A192,A201,2,1,37.3,⚠️ ÉTUDE MANUELLE,GER-CLI-1963
A12,6,A32,A45,454,A61,A72,3,A94,A101,1,A122,22,A143,A152,1,A172,1,A191,A201,1,0,25.1,✅ ACCORDÉ,GER-CLI-1964
A12,30,A32,A43,1715,A65,A73,4,A92,A101,1,A123,26,A143,A152,1,A173,1,A191,A201,1,0,48.4,⚠️ ÉTUDE MANUELLE,GER-CLI-1965
A12,27,A34,A43,2520,A63,A73,4,A93,A101,2,A122,23,A143,A152,2,A172,1,A191,A201,2,1,50.7,❌ REFUSÉ,GER-CLI-1966
A14,15,A32,A43,3568,A61,A75,4,A92,A101,2,A123,54,A141,A151,1,A174,1,A192,A201,1,0,31.1,⚠️ ÉTUDE MANUELLE,GER-CLI-1967
A14,42,A32,A43,7166,A65,A74,2,A94,A101,4,A122,29,A143,A151,1,A173,1,A192,A201,1,0,65.8,❌ REFUSÉ,GER-CLI-1968
A11,11,A34,A40,3939,A61,A73,1,A93,A101,2,A121,40,A143,A152,2,A172,2,A191,A201,1,0,23.5,✅ ACCORDÉ,GER-CLI-1969
A12,15,A32,A45,1514,A62,A73,4,A93,A103,2,A121,22,A143,A152,1,A173,1,A191,A201,1,0,38.6,⚠️ ÉTUDE MANUELLE,GER-CLI-1970
A14,24,A32,A40,7393,A61,A73,1,A93,A101,4,A122,43,A143,A152,1,A172,2,A191,A201,1,0,41.8,⚠️ ÉTUDE MANUELLE,GER-CLI-1971
A11,24,A31,A40,1193,A61,A71,1,A92,A102,4,A124,29,A143,A151,2,A171,1,A191,A201,2,1,27.3,✅ ACCORDÉ,GER-CLI-1972
A11,60,A32,A49,7297,A61,A75,4,A93,A102,4,A124,36,A143,A151,1,A173,1,A191,A201,2,1,81.4,❌ REFUSÉ,GER-CLI-1973
A14,30,A34,A43,2831,A61,A73,4,A92,A101,2,A123,33,A143,A152,1,A173,1,A192,A201,1,0,49.1,⚠️ ÉTUDE MANUELLE,GER-CLI-1974
A13,24,A32,A43,1258,A63,A73,3,A92,A101,3,A123,57,A143,A152,1,A172,1,A191,A201,1,0,24.4,✅ ACCORDÉ,GER-CLI-1975
A12,6,A32,A43,753,A61,A73,2,A92,A103,3,A121,64,A143,A152,1,A173,1,A191,A201,1,0,11.0,✅ ACCORDÉ,GER-CLI-1976
A12,18,A33,A49,2427,A65,A75,4,A93,A101,2,A122,42,A143,A152,2,A173,1,A191,A201,1,0,34.6,⚠️ ÉTUDE MANUELLE,GER-CLI-1977
A14,24,A33,A40,2538,A61,A75,4,A93,A101,4,A123,47,A143,A152,2,A172,2,A191,A201,2,1,36.8,⚠️ ÉTUDE MANUELLE,GER-CLI-1978
A12,15,A31,A40,1264,A62,A73,2,A94,A101,2,A122,25,A143,A151,1,A173,1,A191,A201,2,1,27.7,✅ ACCORDÉ,GER-CLI-1979
A12,30,A34,A42,8386,A61,A74,2,A93,A101,2,A122,49,A143,A152,1,A173,1,A191,A201,2,1,51.9,❌ REFUSÉ,GER-CLI-1980
A14,48,A32,A49,4844,A61,A71,3,A93,A101,2,A123,33,A141,A151,1,A174,1,A192,A201,2,1,64.7,❌ REFUSÉ,GER-CLI-1981
A13,21,A32,A40,2923,A62,A73,1,A92,A101,1,A123,28,A141,A152,1,A174,1,A192,A201,1,0,31.2,⚠️ ÉTUDE MANUELLE,GER-CLI-1982
A11,36,A32,A41,8229,A61,A73,2,A93,A101,2,A122,26,A143,A152,1,A173,2,A191,A201,2,1,66.7,❌ REFUSÉ,GER-CLI-1983
A14,24,A34,A42,2028,A61,A74,2,A93,A101,2,A122,30,A143,A152,2,A172,1,A191,A201,1,0,33.7,⚠️ ÉTUDE MANUELLE,GER-CLI-1984
A11,15,A34,A42,1433,A61,A73,4,A92,A101,3,A122,25,A143,A151,2,A173,1,A191,A201,1,0,36.9,⚠️ ÉTUDE MANUELLE,GER-CLI-1985
A13,42,A30,A49,6289,A61,A72,2,A91,A101,1,A122,33,A143,A152,2,A173,1,A191,A201,1,0,60.9,❌ REFUSÉ,GER-CLI-1986
A14,13,A32,A43,1409,A62,A71,2,A92,A101,4,A121,64,A143,A152,1,A173,1,A191,A201,1,0,14.4,✅ ACCORDÉ,GER-CLI-1987
A11,24,A32,A41,6579,A61,A71,4,A93,A101,2,A124,29,A143,A153,1,A174,1,A192,A201,1,0,60.5,❌ REFUSÉ,GER-CLI-1988
A12,24,A34,A43,1743,A61,A75,4,A93,A101,2,A122,48,A143,A152,2,A172,1,A191,A201,1,0,33.7,⚠️ ÉTUDE MANUELLE,GER-CLI-1989
A14,12,A34,A46,3565,A65,A72,2,A93,A101,1,A122,37,A143,A152,2,A172,2,A191,A201,1,0,28.0,✅ ACCORDÉ,GER-CLI-1990
A14,15,A31,A43,1569,A62,A75,4,A93,A101,4,A123,34,A141,A152,1,A172,2,A191,A201,1,0,33.3,⚠️ ÉTUDE MANUELLE,GER-CLI-1991
A11,18,A32,A43,1936,A65,A74,2,A94,A101,4,A123,23,A143,A151,2,A172,1,A191,A201,1,0,32.5,⚠️ ÉTUDE MANUELLE,GER-CLI-1992
A11,36,A32,A42,3959,A61,A71,4,A93,A101,3,A122,30,A143,A152,1,A174,1,A192,A201,1,0,59.2,❌ REFUSÉ,GER-CLI-1993
A14,12,A32,A40,2390,A65,A75,4,A93,A101,3,A123,50,A143,A152,1,A173,1,A192,A201,1,0,27.3,✅ ACCORDÉ,GER-CLI-1994
A14,12,A32,A42,1736,A61,A74,3,A92,A101,4,A121,31,A143,A152,1,A172,1,A191,A201,1,0,28.9,✅ ACCORDÉ,GER-CLI-1995
A11,30,A32,A41,3857,A61,A73,4,A91,A101,4,A122,40,A143,A152,1,A174,1,A192,A201,1,0,49.5,⚠️ ÉTUDE MANUELLE,GER-CLI-1996
A14,12,A32,A43,804,A61,A75,4,A93,A101,4,A123,38,A143,A152,1,A173,1,A191,A201,1,0,27.3,✅ ACCORDÉ,GER-CLI-1997
A11,45,A32,A43,1845,A61,A73,4,A93,A101,4,A124,23,A143,A153,1,A173,1,A192,A201,2,1,61.5,❌ REFUSÉ,GER-CLI-1998
A12,45,A34,A41,4576,A62,A71,3,A93,A101,4,A123,27,A143,A152,1,A173,1,A191,A201,1,0,64.5,❌ REFUSÉ,GER-CLI-1999
